Time,HAData_Consumption
1680822000000,0.18
1680825600000,0.18
1680829200000,0.19
1680832800000,0.19
1680836400000,0.53
1680840000000,0.42
1680843600000,0.75
1680847200000,0.64
1680850800000,0.51
1680854400000,0.49
1680858000000,0.62
1680861600000,0.96
1680865200000,0.72
1680868800000,1.29
1680872400000,0.66
1680876000000,0.44
1680879600000,0.47
1680883200000,0.26
1680886800000,0.35
1680890400000,0.33
1680894000000,0.62
1680897600000,0.67
1680901200000,0.3
1680904800000,0.19
1680908400000,0.19
1680912000000,0.18
1680915600000,0.21
1680919200000,0.2
1680922800000,0.2
1680926400000,0.61
1680930000000,1.2
1680933600000,0.72
1680937200000,0.23
1680940800000,0.21
1680944400000,1.22
1680948000000,1.21
1680951600000,1.22
1680955200000,0.68
1680958800000,0.73
1680962400000,0.41
1680966000000,0.21
1680969600000,0.19
1680973200000,0.38
1680976800000,0.44
1680980400000,0.3
1680984000000,0.28
1680987600000,0.31
1680991200000,0.2
1680994800000,0.22
1680998400000,0.19
1681002000000,0.19
1681005600000,0.18
1681009200000,0.33
1681012800000,1.6
1681016400000,1.26
1681020000000,1.57
1681023600000,1.11
1681027200000,0.84
1681030800000,1.34
1681034400000,3.15
1681038000000,1.74
1681041600000,0.29
1681045200000,0.24
1681048800000,0.8
1681052400000,0.37
1681056000000,0.4
1681059600000,1.14
1681063200000,1.7
1681066800000,1.02
1681070400000,0.89
1681074000000,0.7
1681077600000,1.08
1681081200000,0.2
1681084800000,0.19
1681088400000,0.2
1681092000000,0.19
1681095600000,0.2
1681099200000,0.19
1681102800000,1.38
1681106400000,1.58
1681110000000,1.76
1681113600000,1.52
1681117200000,0.49
1681120800000,0.33
1681124400000,0.39
1681128000000,0.5
1681131600000,0.28
1681135200000,0.33
1681138800000,0.38
1681142400000,0.37
1681146000000,0.37
1681149600000,0.66
1681153200000,0.28
1681156800000,0.28
1681160400000,0.28
1681164000000,0.18
1681167600000,0.17
1681171200000,0.18
1681174800000,0.16
1681178400000,0.36
1681182000000,1.29
1681185600000,1.28
1681189200000,2.07
1681192800000,1.59
1681196400000,1.53
1681200000000,0.19
1681203600000,0.2
1681207200000,0.19
1681210800000,0.2
1681214400000,0.21
1681218000000,0.18
1681221600000,0.17
1681225200000,1.17
1681228800000,1.22
1681232400000,1.16
1681236000000,1.38
1681239600000,0.29
1681243200000,0.27
1681246800000,1.15
1681250400000,0.63
1681254000000,0.16
1681257600000,0.16
1681261200000,0.18
1681264800000,0.16
1681268400000,0.16
1681272000000,0.5
1681275600000,1.63
1681279200000,1.74
1681282800000,0.2
1681286400000,0.22
1681290000000,0.23
1681293600000,0.56
1681297200000,0.88
1681300800000,0.29
1681304400000,0.24
1681308000000,0.42
1681311600000,1.33
1681315200000,1.12
1681318800000,0.63
1681322400000,1.39
1681326000000,0.37
1681329600000,0.29
1681333200000,0.95
1681336800000,1.51
1681340400000,0.16
1681344000000,0.16
1681347600000,0.18
1681351200000,0.16
1681354800000,0.16
1681358400000,0.17
1681362000000,0.17
1681365600000,0.78
1681369200000,1.09
1681372800000,1
1681376400000,0.49
1681380000000,0.28
1681383600000,0.31
1681387200000,0.82
1681390800000,0.29
1681394400000,1.3
1681398000000,1.16
1681401600000,0.72
1681405200000,0.25
1681408800000,1.24
1681412400000,0.35
1681416000000,0.65
1681419600000,1.16
1681423200000,1.72
1681426800000,0.18
1681430400000,0.16
1681434000000,0.16
1681437600000,0.16
1681441200000,0.18
1681444800000,0.16
1681448400000,0.31
1681452000000,0.49
1681455600000,0.97
1681459200000,1.17
1681462800000,0.26
1681466400000,0.35
1681470000000,0.29
1681473600000,0.28
1681477200000,0.3
1681480800000,1.29
1681484400000,1.18
1681488000000,1.11
1681491600000,1.16
1681495200000,0.7
1681498800000,0.3
1681502400000,0.28
1681506000000,1.07
1681509600000,0.66
1681513200000,0.34
1681516800000,0.16
1681520400000,0.16
1681524000000,0.17
1681527600000,0.17
1681531200000,0.15
1681534800000,0.66
1681538400000,1.32
1681542000000,1.02
1681545600000,0.24
1681549200000,0.33
1681552800000,0.32
1681556400000,0.23
1681560000000,0.89
1681563600000,2.59
1681567200000,1.41
1681570800000,1.66
1681574400000,1.18
1681578000000,1.04
1681581600000,0.66
1681585200000,0.41
1681588800000,0.27
1681592400000,0.28
1681596000000,1.42
1681599600000,0.18
1681603200000,0.17
1681606800000,0.18
1681610400000,0.18
1681614000000,0.16
1681617600000,0.16
1681621200000,0.71
1681624800000,0.58
1681628400000,0.23
1681632000000,0.21
1681635600000,0.31
1681639200000,0.57
1681642800000,0.78
1681646400000,0.95
1681650000000,0.88
1681653600000,0.21
1681657200000,0.2
1681660800000,0.29
1681664400000,0.31
1681668000000,1.57
1681671600000,0.7
1681675200000,0.35
1681678800000,0.57
1681682400000,1.15
1681686000000,0.98
1681689600000,0.18
1681693200000,0.16
1681696800000,0.15
1681700400000,0.18
1681704000000,0.16
1681707600000,1.31
1681711200000,0.88
1681714800000,0.37
1681718400000,0.24
1681722000000,0.82
1681725600000,0.29
1681729200000,0.43
1681732800000,0.28
1681736400000,0.92
1681740000000,0.63
1681743600000,0.25
1681747200000,0.22
1681750800000,0.16
1681754400000,0.17
1681758000000,1.23
1681761600000,0.6
1681765200000,0.28
1681768800000,0.21
1681772400000,0.18
1681776000000,0.54
1681779600000,0.85
1681783200000,0.18
1681786800000,0.16
1681790400000,0.15
1681794000000,0.45
1681797600000,0.61
1681801200000,0.34
1681804800000,0.16
1681808400000,0.18
1681812000000,0.15
1681815600000,0.17
1681819200000,0.19
1681822800000,0.16
1681826400000,0.25
1681830000000,0.62
1681833600000,0.66
1681837200000,0.16
1681840800000,0.15
1681844400000,0.49
1681848000000,0.32
1681851600000,0.91
1681855200000,0.58
1681858800000,0.32
1681862400000,0.16
1681866000000,0.16
1681869600000,0.18
1681873200000,0.15
1681876800000,0.16
1681880400000,0.75
1681884000000,0.82
1681887600000,0.73
1681891200000,0.41
1681894800000,0.29
1681898400000,0.72
1681902000000,0.5
1681905600000,0.44
1681909200000,1.02
1681912800000,0.5
1681916400000,0.8
1681920000000,0.85
1681923600000,0.71
1681927200000,0.25
1681930800000,0.31
1681934400000,0.4
1681938000000,0.31
1681941600000,0.25
1681945200000,0.16
1681948800000,0.16
1681952400000,0.18
1681956000000,0.16
1681959600000,0.16
1681963200000,0.15
1681966800000,1.21
1681970400000,0.49
1681974000000,0.49
1681977600000,0.23
1681981200000,0.19
1681984800000,0.56
1681988400000,0.22
1681992000000,0.45
1681995600000,0.18
1681999200000,0.17
1682002800000,0.17
1682006400000,0.2
1682010000000,0.17
1682013600000,0.17
1682017200000,0.17
1682020800000,0.33
1682024400000,0.28
1682028000000,0.16
1682031600000,0.19
1682035200000,0.16
1682038800000,0.15
1682042400000,0.18
1682046000000,0.17
1682049600000,0.16
1682053200000,1.59
1682056800000,0.62
1682060400000,0.86
1682064000000,0.21
1682067600000,0.6
1682071200000,0.3
1682074800000,1.56
1682078400000,1.25
1682082000000,0.34
1682085600000,0.35
1682089200000,0.29
1682092800000,0.31
1682096400000,0.42
1682100000000,0.69
1682103600000,0.5
1682107200000,0.31
1682110800000,0.29
1682114400000,0.31
1682118000000,0.27
1682121600000,0.17
1682125200000,0.17
1682128800000,0.16
1682132400000,0.16
1682136000000,0.18
1682139600000,0.27
1682143200000,0.54
1682146800000,0.19
1682150400000,0.18
1682154000000,0.17
1682157600000,0.27
1682161200000,0.29
1682164800000,0.21
1682168400000,0.19
1682172000000,0.18
1682175600000,0.22
1682179200000,0.22
1682182800000,0.19
1682186400000,0.84
1682190000000,0.68
1682193600000,0.31
1682197200000,0.35
1682200800000,0.57
1682204400000,0.23
1682208000000,0.45
1682211600000,0.19
1682215200000,0.16
1682218800000,0.17
1682222400000,0.17
1682226000000,1.11
1682229600000,0.92
1682233200000,0.25
1682236800000,0.6
1682240400000,0.45
1682244000000,0.44
1682247600000,0.19
1682251200000,0.19
1682254800000,0.26
1682258400000,0.21
1682262000000,0.2
1682265600000,0.21
1682269200000,0.18
1682272800000,0.18
1682276400000,1.09
1682280000000,0.32
1682283600000,0.28
1682287200000,0.53
1682290800000,0.47
1682294400000,0.15
1682298000000,0.19
1682301600000,0.16
1682305200000,0.15
1682308800000,0.19
1682312400000,0.14
1682316000000,0.35
1682319600000,0.2
1682323200000,0.22
1682326800000,0.33
1682330400000,0.63
1682334000000,0.44
1682337600000,0.39
1682341200000,0.79
1682344800000,1.64
1682348400000,1.64
1682352000000,0.35
1682355600000,1.6
1682359200000,1.03
1682362800000,0.72
1682366400000,0.47
1682370000000,0.28
1682373600000,0.26
1682377200000,0.18
1682380800000,0.16
1682384400000,0.16
1682388000000,0.18
1682391600000,0.16
1682395200000,0.15
1682398800000,0.64
1682402400000,1.14
1682406000000,0.2
1682409600000,0.19
1682413200000,0.19
1682416800000,0.17
1682420400000,0.2
1682424000000,0.17
1682427600000,0.18
1682431200000,0.27
1682434800000,0.9
1682438400000,0.98
1682442000000,0.6
1682445600000,0.54
1682449200000,0.32
1682452800000,0.37
1682456400000,0.3
1682460000000,0.73
1682463600000,0.16
1682467200000,0.18
1682470800000,0.16
1682474400000,0.15
1682478000000,0.16
1682481600000,0.19
1682485200000,0.53
1682488800000,0.92
1682492400000,1.23
1682496000000,0.95
1682499600000,0.96
1682503200000,0.29
1682506800000,0.4
1682510400000,0.78
1682514000000,0.59
1682517600000,1.03
1682521200000,1.04
1682524800000,1.31
1682528400000,1.07
1682532000000,0.81
1682535600000,0.31
1682539200000,0.31
1682542800000,0.38
1682546400000,0.56
1682550000000,0.96
1682553600000,0.17
1682557200000,0.17
1682560800000,0.17
1682564400000,0.19
1682568000000,0.18
1682571600000,0.75
1682575200000,0.53
1682578800000,0.31
1682582400000,0.76
1682586000000,0.17
1682589600000,0.4
1682593200000,0.19
1682596800000,0.18
1682600400000,0.19
1682604000000,1.12
1682607600000,0.51
1682611200000,0.93
1682614800000,0.87
1682618400000,0.51
1682622000000,0.26
1682625600000,0.27
1682629200000,0.7
1682632800000,0.75
1682636400000,0.15
1682640000000,0.16
1682643600000,0.18
1682647200000,0.19
1682650800000,0.17
1682654400000,0.34
1682658000000,1.7
1682661600000,1.44
1682665200000,1.17
1682668800000,0.82
1682672400000,0.33
1682676000000,1.09
1682679600000,0.57
1682683200000,0.94
1682686800000,0.93
1682690400000,1.23
1682694000000,1.29
1682697600000,1.46
1682701200000,0.84
1682704800000,0.78
1682708400000,0.87
1682712000000,0.34
1682715600000,0.27
1682719200000,0.82
1682722800000,0.16
1682726400000,0.18
1682730000000,0.17
1682733600000,0.18
1682737200000,0.16
1682740800000,0.18
1682744400000,0.3
1682748000000,0.21
1682751600000,0.64
1682755200000,0.24
1682758800000,0.35
1682762400000,0.85
1682766000000,0.53
1682769600000,0.2
1682773200000,0.16
1682776800000,0.29
1682780400000,0.42
1682784000000,0.15
1682787600000,0.15
1682791200000,0.16
1682794800000,0.16
1682798400000,0.18
1682802000000,0.16
1682805600000,0.16
1682809200000,0.16
1682812800000,0.18
1682816400000,0.16
1682820000000,0.15
1682823600000,0.16
1682827200000,0.18
1682830800000,0.14
1682834400000,0.18
1682838000000,0.17
1682841600000,0.18
1682845200000,0.15
1682848800000,0.18
1682852400000,0.19
1682856000000,0.18
1682859600000,0.17
1682863200000,0.19
1682866800000,0.21
1682870400000,0.34
1682874000000,1.16
1682877600000,0.93
1682881200000,0.18
1682884800000,0.4
1682888400000,0.94
1682892000000,0.19
1682895600000,0.18
1682899200000,0.16
1682902800000,0.16
1682906400000,0.16
1682910000000,0.18
1682913600000,0.14
1682917200000,0.17
1682920800000,0.18
1682924400000,0.3
1682928000000,0.44
1682931600000,0.56
1682935200000,0.27
1682938800000,0.21
1682942400000,0.21
1682946000000,0.17
1682949600000,0.21
1682953200000,0.19
1682956800000,0.18
1682960400000,0.16
1682964000000,2.5
1682967600000,0.34
1682971200000,0.26
1682974800000,0.27
1682978400000,0.57
1682982000000,0.47
1682985600000,0.18
1682989200000,0.67
1682992800000,0.18
1682996400000,0.16
1683000000000,0.15
1683003600000,0.16
1683007200000,0.31
1683010800000,0.3
1683014400000,0.36
1683018000000,0.29
1683021600000,0.25
1683025200000,0.38
1683028800000,0.3
1683032400000,0.28
1683036000000,0.29
1683039600000,0.27
1683043200000,0.24
1683046800000,0.24
1683050400000,0.15
1683054000000,0.17
1683057600000,0.34
1683061200000,0.3
1683064800000,0.23
1683068400000,0.18
1683072000000,0.16
1683075600000,0.18
1683079200000,0.16
1683082800000,0.18
1683086400000,0.16
1683090000000,0.15
1683093600000,0.35
1683097200000,0.24
1683100800000,0.47
1683104400000,1.01
1683108000000,0.61
1683111600000,1.56
1683115200000,0.24
1683118800000,0.69
1683122400000,0.27
1683126000000,0.26
1683129600000,0.29
1683133200000,0.24
1683136800000,0.35
1683140400000,0.36
1683144000000,0.72
1683147600000,2.07
1683151200000,0.56
1683154800000,0.16
1683158400000,0.18
1683162000000,0.16
1683165600000,0.16
1683169200000,0.18
1683172800000,0.15
1683176400000,0.15
1683180000000,0.33
1683183600000,0.38
1683187200000,0.22
1683190800000,0.19
1683194400000,0.19
1683198000000,0.17
1683201600000,0.17
1683205200000,0.2
1683208800000,0.15
1683212400000,0.2
1683216000000,0.17
1683219600000,0.17
1683223200000,0.16
1683226800000,0.19
1683230400000,0.16
1683234000000,0.33
1683237600000,0.23
1683241200000,0.18
1683244800000,0.16
1683248400000,0.18
1683252000000,0.16
1683255600000,0.16
1683259200000,0.16
1683262800000,0.17
1683266400000,0.28
1683270000000,0.18
1683273600000,0.32
1683277200000,0.26
1683280800000,0.24
1683284400000,0.24
1683288000000,0.23
1683291600000,0.52
1683295200000,0.43
1683298800000,0.21
1683302400000,0.21
1683306000000,0.21
1683309600000,0.16
1683313200000,0.19
1683316800000,0.37
1683320400000,1.11
1683324000000,0.27
1683327600000,0.19
1683331200000,0.16
1683334800000,0.19
1683338400000,0.15
1683342000000,0.16
1683345600000,0.16
1683349200000,0.17
1683352800000,0.56
1683356400000,0.18
1683360000000,0.34
1683363600000,0.17
1683367200000,0.2
1683370800000,1.42
1683374400000,1.44
1683378000000,1.06
1683381600000,0.54
1683385200000,0.61
1683388800000,0.22
1683392400000,0.48
1683396000000,0.16
1683399600000,0.25
1683403200000,0.29
1683406800000,0.35
1683410400000,0.3
1683414000000,0.16
1683417600000,0.19
1683421200000,0.15
1683424800000,0.18
1683428400000,0.16
1683432000000,0.17
1683435600000,0.31
1683439200000,0.2
1683442800000,0.21
1683446400000,0.21
1683450000000,1.12
1683453600000,0.27
1683457200000,0.28
1683460800000,0.51
1683464400000,0.46
1683468000000,0.83
1683471600000,1.04
1683475200000,0.74
1683478800000,0.21
1683482400000,0.29
1683486000000,0.38
1683489600000,0.59
1683493200000,0.56
1683496800000,0.19
1683500400000,0.18
1683504000000,0.16
1683507600000,0.16
1683511200000,0.16
1683514800000,0.17
1683518400000,0.16
1683522000000,0.17
1683525600000,0.18
1683529200000,0.35
1683532800000,0.29
1683536400000,0.28
1683540000000,0.27
1683543600000,0.4
1683547200000,0.38
1683550800000,0.27
1683554400000,0.37
1683558000000,0.31
1683561600000,0.29
1683565200000,0.2
1683568800000,0.13
1683572400000,0.19
1683576000000,0.28
1683579600000,0.26
1683583200000,0.3
1683586800000,0.16
1683590400000,0.18
1683594000000,0.16
1683597600000,0.16
1683601200000,0.16
1683604800000,0.16
1683608400000,0.14
1683612000000,0.22
1683615600000,0.34
1683619200000,0.21
1683622800000,0.2
1683626400000,0.66
1683630000000,0.59
1683633600000,0.22
1683637200000,0.26
1683640800000,0.23
1683644400000,0.21
1683648000000,0.21
1683651600000,0.19
1683655200000,0.15
1683658800000,0.72
1683662400000,0.96
1683666000000,0.26
1683669600000,0.24
1683673200000,0.19
1683676800000,0.16
1683680400000,0.18
1683684000000,0.16
1683687600000,0.16
1683691200000,0.16
1683694800000,0.17
1683698400000,0.35
1683702000000,0.22
1683705600000,0.23
1683709200000,0.25
1683712800000,0.23
1683716400000,0.3
1683720000000,0.3
1683723600000,0.3
1683727200000,0.22
1683730800000,0.23
1683734400000,0.25
1683738000000,0.23
1683741600000,0.27
1683745200000,0.43
1683748800000,0.29
1683752400000,0.3
1683756000000,0.28
1683759600000,0.25
1683763200000,0.17
1683766800000,0.16
1683770400000,0.18
1683774000000,0.15
1683777600000,0.15
1683781200000,0.18
1683784800000,0.29
1683788400000,0.29
1683792000000,0.23
1683795600000,0.23
1683799200000,0.99
1683802800000,0.25
1683806400000,0.24
1683810000000,0.26
1683813600000,0.24
1683817200000,0.23
1683820800000,0.24
1683824400000,0.2
1683828000000,0.23
1683831600000,0.25
1683835200000,0.41
1683838800000,0.25
1683842400000,0.27
1683846000000,0.16
1683849600000,0.16
1683853200000,0.18
1683856800000,0.16
1683860400000,0.16
1683864000000,0.15
1683867600000,0.16
1683871200000,0.31
1683874800000,0.23
1683878400000,0.34
1683882000000,0.48
1683885600000,1
1683889200000,0.92
1683892800000,0.47
1683896400000,1.35
1683900000000,1.83
1683903600000,1.82
1683907200000,1.79
1683910800000,1.38
1683914400000,0.97
1683918000000,0.61
1683921600000,1.19
1683925200000,0.29
1683928800000,0.43
1683932400000,1.43
1683936000000,0.45
1683939600000,0.25
1683943200000,0.16
1683946800000,0.18
1683950400000,0.16
1683954000000,0.16
1683957600000,0.18
1683961200000,0.53
1683964800000,0.26
1683968400000,0.41
1683972000000,0.18
1683975600000,0.17
1683979200000,0.19
1683982800000,0.16
1683986400000,0.17
1683990000000,0.19
1683993600000,0.19
1683997200000,0.15
1684000800000,0.16
1684004400000,0.18
1684008000000,0.18
1684011600000,0.16
1684015200000,0.16
1684018800000,0.16
1684022400000,0.18
1684026000000,0.16
1684029600000,0.16
1684033200000,0.16
1684036800000,0.16
1684040400000,1.41
1684044000000,0.77
1684047600000,0.17
1684051200000,0.18
1684054800000,0.15
1684058400000,0.19
1684062000000,0.18
1684065600000,0.14
1684069200000,0.18
1684072800000,0.2
1684076400000,1.52
1684080000000,0.24
1684083600000,1.43
1684087200000,0.99
1684090800000,0.35
1684094400000,0.32
1684098000000,0.34
1684101600000,1.56
1684105200000,0.16
1684108800000,0.15
1684112400000,0.18
1684116000000,0.17
1684119600000,0.16
1684123200000,0.17
1684126800000,0.15
1684130400000,0.89
1684134000000,0.6
1684137600000,0.62
1684141200000,0.26
1684144800000,0.29
1684148400000,0.4
1684152000000,0.26
1684155600000,1.14
1684159200000,0.3
1684162800000,0.29
1684166400000,0.27
1684170000000,0.23
1684173600000,0.24
1684177200000,0.34
1684180800000,0.3
1684184400000,0.53
1684188000000,1.52
1684191600000,0.16
1684195200000,0.16
1684198800000,0.16
1684202400000,0.17
1684206000000,0.17
1684209600000,0.16
1684213200000,0.15
1684216800000,0.3
1684220400000,0.65
1684224000000,0.53
1684227600000,0.16
1684231200000,0.18
1684234800000,0.18
1684238400000,0.18
1684242000000,0.19
1684245600000,1.07
1684249200000,0.95
1684252800000,0.46
1684256400000,0.17
1684260000000,0.16
1684263600000,0.19
1684267200000,0.29
1684270800000,1.33
1684274400000,0.19
1684278000000,0.16
1684281600000,0.16
1684285200000,0.16
1684288800000,0.17
1684292400000,0.16
1684296000000,0.17
1684299600000,0.17
1684303200000,0.16
1684306800000,0.35
1684310400000,0.22
1684314000000,0.3
1684317600000,0.3
1684321200000,0.86
1684324800000,0.63
1684328400000,0.27
1684332000000,0.34
1684335600000,0.35
1684339200000,0.8
1684342800000,1.44
1684346400000,1.7
1684350000000,0.66
1684353600000,0.3
1684357200000,1.01
1684360800000,0.74
1684364400000,0.23
1684368000000,0.41
1684371600000,0.18
1684375200000,0.16
1684378800000,0.16
1684382400000,0.16
1684386000000,0.39
1684389600000,0.17
1684393200000,0.33
1684396800000,0.2
1684400400000,0.2
1684404000000,0.16
1684407600000,0.17
1684411200000,0.16
1684414800000,0.2
1684418400000,0.16
1684422000000,0.68
1684425600000,1.12
1684429200000,0.95
1684432800000,0.28
1684436400000,0.16
1684440000000,0.16
1684443600000,1.27
1684447200000,0.22
1684450800000,0.16
1684454400000,0.15
1684458000000,0.16
1684461600000,0.16
1684465200000,0.16
1684468800000,0.18
1684472400000,0.47
1684476000000,0.74
1684479600000,0.63
1684483200000,0.3
1684486800000,0.33
1684490400000,0.3
1684494000000,0.43
1684497600000,0.29
1684501200000,0.31
1684504800000,0.41
1684508400000,0.29
1684512000000,0.35
1684515600000,0.2
1684519200000,0.14
1684522800000,0.2
1684526400000,0.26
1684530000000,0.31
1684533600000,0.31
1684537200000,0.19
1684540800000,0.16
1684544400000,0.19
1684548000000,0.15
1684551600000,0.16
1684555200000,0.18
1684558800000,0.17
1684562400000,0.17
1684566000000,0.32
1684569600000,0.47
1684573200000,0.31
1684576800000,0.31
1684580400000,0.41
1684584000000,0.32
1684587600000,0.21
1684591200000,0.23
1684594800000,0.77
1684598400000,0.75
1684602000000,0.76
1684605600000,0.3
1684609200000,0.78
1684612800000,0.5
1684616400000,0.3
1684620000000,0.23
1684623600000,0.18
1684627200000,0.16
1684630800000,0.16
1684634400000,0.18
1684638000000,0.16
1684641600000,0.17
1684645200000,0.16
1684648800000,0.19
1684652400000,0.29
1684656000000,0.19
1684659600000,0.26
1684663200000,0.29
1684666800000,0.18
1684670400000,0.19
1684674000000,0.52
1684677600000,0.23
1684681200000,0.53
1684684800000,0.18
1684688400000,0.18
1684692000000,0.15
1684695600000,0.18
1684699200000,0.16
1684702800000,0.18
1684706400000,0.16
1684710000000,0.16
1684713600000,0.16
1684717200000,0.18
1684720800000,0.16
1684724400000,0.15
1684728000000,0.18
1684731600000,0.17
1684735200000,0.16
1684738800000,0.17
1684742400000,0.18
1684746000000,0.18
1684749600000,0.16
1684753200000,0.18
1684756800000,0.2
1684760400000,0.21
1684764000000,0.19
1684767600000,0.18
1684771200000,0.21
1684774800000,0.16
1684778400000,0.16
1684782000000,0.17
1684785600000,0.18
1684789200000,0.15
1684792800000,0.17
1684796400000,0.18
1684800000000,0.16
1684803600000,0.15
1684807200000,0.18
1684810800000,0.16
1684814400000,0.15
1684818000000,0.17
1684821600000,0.17
1684825200000,0.17
1684828800000,0.18
1684832400000,0.18
1684836000000,0.19
1684839600000,0.17
1684843200000,0.18
1684846800000,0.58
1684850400000,0.26
1684854000000,0.96
1684857600000,0.78
1684861200000,0.8
1684864800000,1.17
1684868400000,0.56
1684872000000,0.6
1684875600000,0.87
1684879200000,1.75
1684882800000,1.12
1684886400000,0.19
1684890000000,0.19
1684893600000,0.18
1684897200000,0.16
1684900800000,0.21
1684904400000,0.24
1684908000000,0.24
1684911600000,0.3
1684915200000,0.39
1684918800000,0.28
1684922400000,0.22
1684926000000,0.32
1684929600000,0.24
1684933200000,0.25
1684936800000,0.26
1684940400000,0.24
1684944000000,0.25
1684947600000,0.23
1684951200000,0.29
1684954800000,0.26
1684958400000,0.43
1684962000000,0.29
1684965600000,0.28
1684969200000,0.99
1684972800000,0.16
1684976400000,0.16
1684980000000,0.18
1684983600000,0.16
1684987200000,0.15
1684990800000,0.18
1684994400000,0.46
1684998000000,0.53
1685001600000,0.34
1685005200000,0.17
1685008800000,0.18
1685012400000,0.21
1685016000000,0.18
1685019600000,0.4
1685023200000,0.5
1685026800000,0.35
1685030400000,0.18
1685034000000,0.2
1685037600000,0.41
1685041200000,0.47
1685044800000,0.74
1685048400000,0.66
1685052000000,1.42
1685055600000,0.37
1685059200000,0.88
1685062800000,0.36
1685066400000,0.18
1685070000000,0.17
1685073600000,0.15
1685077200000,0.18
1685080800000,0.2
1685084400000,0.28
1685088000000,0.22
1685091600000,0.3
1685095200000,1.48
1685098800000,0.91
1685102400000,0.52
1685106000000,0.57
1685109600000,0.59
1685113200000,0.57
1685116800000,0.51
1685120400000,0.44
1685124000000,0.44
1685127600000,0.96
1685131200000,0.68
1685134800000,0.57
1685138400000,0.24
1685142000000,0.17
1685145600000,0.17
1685149200000,0.17
1685152800000,0.17
1685156400000,0.18
1685160000000,0.14
1685163600000,0.18
1685167200000,0.32
1685170800000,0.32
1685174400000,0.3
1685178000000,0.29
1685181600000,0.21
1685185200000,0.54
1685188800000,0.42
1685192400000,0.35
1685196000000,0.38
1685199600000,0.33
1685203200000,0.81
1685206800000,0.87
1685210400000,0.54
1685214000000,0.45
1685217600000,0.56
1685221200000,0.28
1685224800000,0.21
1685228400000,0.15
1685232000000,0.17
1685235600000,0.18
1685239200000,0.16
1685242800000,0.17
1685246400000,0.16
1685250000000,0.38
1685253600000,0.25
1685257200000,0.23
1685260800000,0.22
1685264400000,0.48
1685268000000,0.48
1685271600000,1.35
1685275200000,0.35
1685278800000,0.41
1685282400000,0.47
1685286000000,0.24
1685289600000,0.29
1685293200000,0.78
1685296800000,0.29
1685300400000,0.26
1685304000000,0.29
1685307600000,0.32
1685311200000,0.21
1685314800000,0.19
1685318400000,0.17
1685322000000,0.16
1685325600000,0.17
1685329200000,0.17
1685332800000,0.17
1685336400000,0.17
1685340000000,0.27
1685343600000,0.17
1685347200000,0.25
1685350800000,0.26
1685354400000,0.28
1685358000000,0.24
1685361600000,0.47
1685365200000,0.24
1685368800000,0.89
1685372400000,1
1685376000000,0.84
1685379600000,0.37
1685383200000,0.28
1685386800000,0.25
1685390400000,1.15
1685394000000,0.31
1685397600000,0.23
1685401200000,0.19
1685404800000,0.17
1685408400000,0.17
1685412000000,0.16
1685415600000,0.17
1685419200000,0.15
1685422800000,0.17
1685426400000,0.31
1685430000000,0.5
1685433600000,0.16
1685437200000,0.17
1685440800000,0.19
1685444400000,0.2
1685448000000,0.17
1685451600000,0.19
1685455200000,0.19
1685458800000,0.16
1685462400000,0.15
1685466000000,0.25
1685469600000,0.4
1685473200000,0.76
1685476800000,0.33
1685480400000,0.55
1685484000000,0.66
1685487600000,0.16
1685491200000,0.18
1685494800000,0.17
1685498400000,0.15
1685502000000,0.18
1685505600000,0.15
1685509200000,0.18
1685512800000,0.36
1685516400000,0.22
1685520000000,0.23
1685523600000,0.26
1685527200000,0.23
1685530800000,0.38
1685534400000,0.5
1685538000000,0.46
1685541600000,0.44
1685545200000,0.41
1685548800000,0.43
1685552400000,0.34
1685556000000,0.36
1685559600000,0.31
1685563200000,0.35
1685566800000,0.57
1685570400000,0.29
1685574000000,0.23
1685577600000,0.27
1685581200000,0.22
1685584800000,0.24
1685588400000,0.25
1685592000000,0.22
1685595600000,0.24
1685599200000,0.37
1685602800000,0.36
1685606400000,0.35
1685610000000,0.43
1685613600000,0.42
1685617200000,0.51
1685620800000,0.46
1685624400000,0.49
1685628000000,0.55
1685631600000,0.58
1685635200000,0.57
1685638800000,0.48
1685642400000,0.34
1685646000000,0.29
1685649600000,0.26
1685653200000,0.29
1685656800000,0.19
1685660400000,0.17
1685664000000,0.17
1685667600000,0.17
1685671200000,0.74
1685674800000,0.32
1685678400000,0.15
1685682000000,0.18
1685685600000,0.54
1685689200000,0.43
1685692800000,0.49
1685696400000,0.44
1685700000000,0.47
1685703600000,0.36
1685707200000,0.29
1685710800000,1.26
1685714400000,0.37
1685718000000,0.45
1685721600000,0.46
1685725200000,0.45
1685728800000,0.57
1685732400000,0.52
1685736000000,0.45
1685739600000,0.5
1685743200000,0.9
1685746800000,0.31
1685750400000,0.34
1685754000000,0.3
1685757600000,0.28
1685761200000,0.32
1685764800000,0.29
1685768400000,0.28
1685772000000,0.34
1685775600000,1.06
1685779200000,0.37
1685782800000,0.18
1685786400000,0.19
1685790000000,0.19
1685793600000,0.24
1685797200000,0.5
1685800800000,0.85
1685804400000,0.39
1685808000000,0.4
1685811600000,0.37
1685815200000,0.32
1685818800000,0.26
1685822400000,0.4
1685826000000,0.41
1685829600000,0.46
1685833200000,0.94
1685836800000,0.74
1685840400000,0.15
1685844000000,0.18
1685847600000,0.17
1685851200000,0.14
1685854800000,0.19
1685858400000,0.18
1685862000000,0.29
1685865600000,0.19
1685869200000,0.18
1685872800000,0.19
1685876400000,0.46
1685880000000,0.42
1685883600000,0.41
1685887200000,0.21
1685890800000,0.69
1685894400000,0.75
1685898000000,0.53
1685901600000,0.91
1685905200000,0.39
1685908800000,0.8
1685912400000,0.84
1685916000000,0.32
1685919600000,0.18
1685923200000,0.15
1685926800000,0.18
1685930400000,0.17
1685934000000,0.15
1685937600000,0.17
1685941200000,0.17
1685944800000,0.3
1685948400000,0.22
1685952000000,0.24
1685955600000,0.29
1685959200000,0.33
1685962800000,1.19
1685966400000,0.47
1685970000000,0.77
1685973600000,0.27
1685977200000,0.28
1685980800000,0.28
1685984400000,0.61
1685988000000,0.28
1685991600000,0.33
1685995200000,0.44
1685998800000,0.42
1686002400000,0.39
1686006000000,0.17
1686009600000,0.17
1686013200000,0.17
1686016800000,0.17
1686020400000,0.17
1686024000000,0.16
1686027600000,0.16
1686031200000,0.33
1686034800000,0.31
1686038400000,0.16
1686042000000,0.19
1686045600000,0.17
1686049200000,0.16
1686052800000,0.18
1686056400000,0.18
1686060000000,0.18
1686063600000,0.14
1686067200000,0.2
1686070800000,0.15
1686074400000,0.14
1686078000000,0.19
1686081600000,0.37
1686085200000,0.32
1686088800000,0.23
1686092400000,0.15
1686096000000,0.17
1686099600000,0.18
1686103200000,0.15
1686106800000,0.17
1686110400000,0.17
1686114000000,0.17
1686117600000,0.3
1686121200000,0.24
1686124800000,0.28
1686128400000,0.24
1686132000000,0.26
1686135600000,0.28
1686139200000,0.34
1686142800000,0.32
1686146400000,0.28
1686150000000,0.28
1686153600000,0.33
1686157200000,0.24
1686160800000,0.35
1686164400000,0.32
1686168000000,0.37
1686171600000,0.38
1686175200000,0.27
1686178800000,0.23
1686182400000,0.17
1686186000000,0.16
1686189600000,0.17
1686193200000,0.17
1686196800000,0.15
1686200400000,0.16
1686204000000,0.35
1686207600000,0.32
1686211200000,0.24
1686214800000,0.18
1686218400000,0.18
1686222000000,0.17
1686225600000,0.18
1686229200000,0.19
1686232800000,0.19
1686236400000,0.19
1686240000000,0.19
1686243600000,0.16
1686247200000,0.13
1686250800000,1.05
1686254400000,0.33
1686258000000,0.46
1686261600000,0.35
1686265200000,0.37
1686268800000,0.19
1686272400000,0.16
1686276000000,0.17
1686279600000,0.18
1686283200000,0.15
1686286800000,0.28
1686290400000,0.24
1686294000000,0.26
1686297600000,0.47
1686301200000,1.11
1686304800000,0.36
1686308400000,0.39
1686312000000,0.29
1686315600000,0.26
1686319200000,0.23
1686322800000,0.3
1686326400000,0.3
1686330000000,0.48
1686333600000,0.23
1686337200000,0.35
1686340800000,0.38
1686344400000,0.39
1686348000000,0.32
1686351600000,0.31
1686355200000,0.17
1686358800000,0.17
1686362400000,0.18
1686366000000,0.15
1686369600000,0.17
1686373200000,0.16
1686376800000,0.35
1686380400000,0.41
1686384000000,0.22
1686387600000,0.44
1686391200000,0.24
1686394800000,0.17
1686398400000,0.17
1686402000000,0.2
1686405600000,0.16
1686409200000,0.2
1686412800000,0.19
1686416400000,0.17
1686420000000,0.16
1686423600000,0.17
1686427200000,0.18
1686430800000,0.17
1686434400000,0.16
1686438000000,0.18
1686441600000,0.17
1686445200000,0.15
1686448800000,0.18
1686452400000,0.17
1686456000000,0.15
1686459600000,0.18
1686463200000,0.19
1686466800000,0.17
1686470400000,0.17
1686474000000,0.18
1686477600000,0.18
1686481200000,0.17
1686484800000,0.21
1686488400000,0.33
1686492000000,0.3
1686495600000,0.28
1686499200000,0.34
1686502800000,0.28
1686506400000,0.7
1686510000000,0.49
1686513600000,0.38
1686517200000,0.49
1686520800000,0.44
1686524400000,0.96
1686528000000,0.24
1686531600000,0.24
1686535200000,0.24
1686538800000,0.22
1686542400000,0.22
1686546000000,0.22
1686549600000,0.3
1686553200000,0.27
1686556800000,0.2
1686560400000,0.18
1686564000000,0.21
1686567600000,0.19
1686571200000,0.17
1686574800000,0.21
1686578400000,0.21
1686582000000,0.18
1686585600000,0.19
1686589200000,0.2
1686592800000,0.14
1686596400000,0.18
1686600000000,0.18
1686603600000,0.32
1686607200000,0.18
1686610800000,0.19
1686614400000,0.16
1686618000000,0.17
1686621600000,0.17
1686625200000,0.16
1686628800000,0.15
1686632400000,0.15
1686636000000,0.2
1686639600000,0.33
1686643200000,0.56
1686646800000,0.64
1686650400000,0.38
1686654000000,0.37
1686657600000,0.42
1686661200000,0.46
1686664800000,0.38
1686668400000,0.41
1686672000000,0.34
1686675600000,0.19
1686679200000,0.18
1686682800000,0.28
1686686400000,0.32
1686690000000,0.47
1686693600000,1.34
1686697200000,0.19
1686700800000,0.17
1686704400000,0.15
1686708000000,0.18
1686711600000,0.18
1686715200000,0.14
1686718800000,0.17
1686722400000,0.35
1686726000000,0.18
1686729600000,0.17
1686733200000,0.2
1686736800000,0.47
1686740400000,0.42
1686744000000,0.44
1686747600000,0.22
1686751200000,0.24
1686754800000,0.28
1686758400000,0.29
1686762000000,0.29
1686765600000,0.29
1686769200000,0.29
1686772800000,0.41
1686776400000,1.14
1686780000000,0.49
1686783600000,0.17
1686787200000,0.16
1686790800000,0.17
1686794400000,0.17
1686798000000,0.16
1686801600000,0.16
1686805200000,0.14
1686808800000,0.64
1686812400000,0.37
1686816000000,0.39
1686819600000,0.48
1686823200000,0.32
1686826800000,0.62
1686830400000,0.72
1686834000000,0.27
1686837600000,0.39
1686841200000,0.32
1686844800000,0.3
1686848400000,0.27
1686852000000,0.5
1686855600000,0.33
1686859200000,1.08
1686862800000,0.44
1686866400000,1.23
1686870000000,0.17
1686873600000,0.16
1686877200000,0.17
1686880800000,0.17
1686884400000,0.16
1686888000000,0.16
1686891600000,0.19
1686895200000,0.36
1686898800000,0.25
1686902400000,0.3
1686906000000,0.27
1686909600000,0.26
1686913200000,0.4
1686916800000,0.33
1686920400000,0.37
1686924000000,0.31
1686927600000,0.29
1686931200000,0.52
1686934800000,0.3
1686938400000,0.54
1686942000000,0.54
1686945600000,1.32
1686949200000,0.83
1686952800000,1.06
1686956400000,0.86
1686960000000,0.16
1686963600000,0.17
1686967200000,0.18
1686970800000,0.17
1686974400000,0.16
1686978000000,0.16
1686981600000,0.33
1686985200000,0.35
1686988800000,0.29
1686992400000,0.19
1686996000000,0.98
1686999600000,0.44
1687003200000,0.97
1687006800000,0.97
1687010400000,1.07
1687014000000,0.49
1687017600000,0.27
1687021200000,1
1687024800000,0.24
1687028400000,0.21
1687032000000,0.19
1687035600000,1.39
1687039200000,0.36
1687042800000,0.48
1687046400000,0.17
1687050000000,0.17
1687053600000,0.18
1687057200000,0.18
1687060800000,0.15
1687064400000,0.16
1687068000000,0.33
1687071600000,0.18
1687075200000,0.27
1687078800000,0.21
1687082400000,0.18
1687086000000,0.19
1687089600000,0.26
1687093200000,0.63
1687096800000,0.52
1687100400000,0.5
1687104000000,0.45
1687107600000,0.21
1687111200000,0.18
1687114800000,0.78
1687118400000,0.33
1687122000000,0.36
1687125600000,0.82
1687129200000,0.18
1687132800000,0.18
1687136400000,0.18
1687140000000,0.15
1687143600000,0.17
1687147200000,0.18
1687150800000,0.15
1687154400000,0.33
1687158000000,0.22
1687161600000,0.27
1687165200000,0.4
1687168800000,0.53
1687172400000,0.6
1687176000000,0.49
1687179600000,0.73
1687183200000,1.08
1687186800000,0.63
1687190400000,0.62
1687194000000,0.66
1687197600000,0.55
1687201200000,0.46
1687204800000,0.51
1687208400000,1.49
1687212000000,0.33
1687215600000,0.25
1687219200000,0.23
1687222800000,0.25
1687226400000,0.23
1687230000000,0.24
1687233600000,0.24
1687237200000,0.22
1687240800000,0.43
1687244400000,0.44
1687248000000,0.32
1687251600000,0.28
1687255200000,0.48
1687258800000,0.41
1687262400000,0.35
1687266000000,0.42
1687269600000,0.48
1687273200000,0.55
1687276800000,0.44
1687280400000,0.46
1687284000000,0.41
1687287600000,0.33
1687291200000,0.46
1687294800000,1.14
1687298400000,0.42
1687302000000,0.32
1687305600000,0.3
1687309200000,0.27
1687312800000,0.3
1687316400000,0.25
1687320000000,0.24
1687323600000,0.24
1687327200000,0.45
1687330800000,0.39
1687334400000,0.56
1687338000000,0.49
1687341600000,0.53
1687345200000,0.71
1687348800000,0.58
1687352400000,0.57
1687356000000,0.68
1687359600000,0.62
1687363200000,0.67
1687366800000,0.59
1687370400000,0.41
1687374000000,0.38
1687377600000,0.32
1687381200000,0.4
1687384800000,1.04
1687388400000,0.29
1687392000000,0.26
1687395600000,0.28
1687399200000,0.26
1687402800000,0.24
1687406400000,0.22
1687410000000,0.37
1687413600000,0.39
1687417200000,0.63
1687420800000,0.76
1687424400000,0.49
1687428000000,0.37
1687431600000,0.59
1687435200000,0.55
1687438800000,0.5
1687442400000,0.46
1687446000000,0.62
1687449600000,0.6
1687453200000,0.46
1687456800000,0.59
1687460400000,0.44
1687464000000,0.79
1687467600000,0.65
1687471200000,0.55
1687474800000,0.46
1687478400000,0.44
1687482000000,0.39
1687485600000,0.32
1687489200000,0.33
1687492800000,0.28
1687496400000,0.32
1687500000000,0.62
1687503600000,0.53
1687507200000,0.57
1687510800000,0.64
1687514400000,0.64
1687518000000,1.02
1687521600000,0.82
1687525200000,0.77
1687528800000,0.84
1687532400000,0.78
1687536000000,0.57
1687539600000,0.5
1687543200000,0.44
1687546800000,0.46
1687550400000,0.39
1687554000000,0.3
1687557600000,0.28
1687561200000,0.28
1687564800000,0.28
1687568400000,0.28
1687572000000,0.26
1687575600000,0.26
1687579200000,0.28
1687582800000,0.26
1687586400000,0.29
1687590000000,0.21
1687593600000,0.17
1687597200000,0.2
1687600800000,0.3
1687604400000,0.45
1687608000000,0.44
1687611600000,0.4
1687615200000,0.36
1687618800000,0.35
1687622400000,0.39
1687626000000,0.4
1687629600000,0.31
1687633200000,0.32
1687636800000,0.4
1687640400000,0.69
1687644000000,0.95
1687647600000,0.54
1687651200000,0.26
1687654800000,0.25
1687658400000,0.29
1687662000000,0.26
1687665600000,0.24
1687669200000,0.27
1687672800000,0.26
1687676400000,0.42
1687680000000,0.29
1687683600000,0.31
1687687200000,0.97
1687690800000,0.82
1687694400000,0.73
1687698000000,0.7
1687701600000,1.24
1687705200000,0.67
1687708800000,0.56
1687712400000,0.39
1687716000000,0.44
1687719600000,0.52
1687723200000,1.09
1687726800000,0.5
1687730400000,0.32
1687734000000,0.24
1687737600000,0.23
1687741200000,0.25
1687744800000,0.22
1687748400000,0.16
1687752000000,0.17
1687755600000,0.17
1687759200000,0.26
1687762800000,0.39
1687766400000,0.5
1687770000000,0.49
1687773600000,0.75
1687777200000,0.66
1687780800000,1.34
1687784400000,1.62
1687788000000,1.12
1687791600000,0.69
1687795200000,1.65
1687798800000,1.34
1687802400000,1.19
1687806000000,0.7
1687809600000,0.6
1687813200000,1.03
1687816800000,1.65
1687820400000,1.25
1687824000000,0.58
1687827600000,0.18
1687831200000,0.25
1687834800000,0.23
1687838400000,0.14
1687842000000,0.19
1687845600000,0.41
1687849200000,0.98
1687852800000,0.3
1687856400000,0.27
1687860000000,0.31
1687863600000,0.34
1687867200000,0.26
1687870800000,0.27
1687874400000,0.28
1687878000000,0.26
1687881600000,0.26
1687885200000,1
1687888800000,0.18
1687892400000,0.23
1687896000000,1.76
1687899600000,0.39
1687903200000,0.36
1687906800000,0.25
1687910400000,0.23
1687914000000,0.22
1687917600000,0.24
1687921200000,0.22
1687924800000,0.18
1687928400000,0.31
1687932000000,0.58
1687935600000,0.19
1687939200000,0.51
1687942800000,0.51
1687946400000,0.24
1687950000000,0.25
1687953600000,0.23
1687957200000,0.27
1687960800000,0.19
1687964400000,0.22
1687968000000,0.29
1687971600000,0.29
1687975200000,0.22
1687978800000,0.21
1687982400000,0.18
1687986000000,0.18
1687989600000,0.17
1687993200000,0.16
1687996800000,0.17
1688000400000,0.17
1688004000000,0.16
1688007600000,0.17
1688011200000,0.16
1688014800000,0.17
1688018400000,0.18
1688022000000,0.18
1688025600000,0.31
1688029200000,0.25
1688032800000,0.25
1688036400000,0.24
1688040000000,0.27
1688043600000,0.27
1688047200000,0.31
1688050800000,0.38
1688054400000,0.37
1688058000000,0.32
1688061600000,0.28
1688065200000,0.27
1688068800000,0.25
1688072400000,0.22
1688076000000,0.17
1688079600000,0.17
1688083200000,0.17
1688086800000,0.18
1688090400000,0.18
1688094000000,0.17
1688097600000,0.16
1688101200000,0.16
1688104800000,0.27
1688108400000,0.29
1688112000000,0.32
1688115600000,0.33
1688119200000,0.33
1688122800000,0.36
1688126400000,0.36
1688130000000,0.38
1688133600000,0.44
1688137200000,0.39
1688140800000,0.42
1688144400000,0.44
1688148000000,0.34
1688151600000,0.27
1688155200000,0.69
1688158800000,0.61
1688162400000,1.06
1688166000000,0.51
1688169600000,0.29
1688173200000,0.25
1688176800000,0.25
1688180400000,0.27
1688184000000,0.25
1688187600000,0.24
1688191200000,0.41
1688194800000,0.34
1688198400000,0.34
1688202000000,0.34
1688205600000,0.85
1688209200000,1.22
1688212800000,0.61
1688216400000,0.64
1688220000000,0.87
1688223600000,0.68
1688227200000,0.59
1688230800000,0.41
1688234400000,0.4
1688238000000,0.32
1688241600000,0.27
1688245200000,0.29
1688248800000,0.96
1688252400000,0.19
1688256000000,0.17
1688259600000,0.15
1688263200000,0.18
1688266800000,0.18
1688270400000,0.16
1688274000000,0.16
1688277600000,0.19
1688281200000,0.31
1688284800000,0.19
1688288400000,0.27
1688292000000,0.85
1688295600000,1.6
1688299200000,1.3
1688302800000,0.97
1688306400000,1.2
1688310000000,1.07
1688313600000,1.47
1688317200000,1.16
1688320800000,0.77
1688324400000,0.33
1688328000000,0.33
1688331600000,0.97
1688335200000,0.34
1688338800000,0.28
1688342400000,0.24
1688346000000,0.21
1688349600000,0.18
1688353200000,0.16
1688356800000,0.19
1688360400000,0.2
1688364000000,0.4
1688367600000,0.48
1688371200000,0.54
1688374800000,1.14
1688378400000,0.85
1688382000000,0.51
1688385600000,0.55
1688389200000,0.63
1688392800000,0.5
1688396400000,0.49
1688400000000,0.6
1688403600000,0.56
1688407200000,0.47
1688410800000,0.9
1688414400000,0.56
1688418000000,0.45
1688421600000,0.43
1688425200000,0.33
1688428800000,0.28
1688432400000,0.25
1688436000000,0.22
1688439600000,0.25
1688443200000,0.17
1688446800000,0.22
1688450400000,0.19
1688454000000,0.44
1688457600000,0.64
1688461200000,0.98
1688464800000,0.63
1688468400000,0.4
1688472000000,0.67
1688475600000,0.57
1688479200000,0.34
1688482800000,0.41
1688486400000,0.46
1688490000000,0.39
1688493600000,0.3
1688497200000,0.37
1688500800000,0.44
1688504400000,1.05
1688508000000,0.39
1688511600000,0.22
1688515200000,0.18
1688518800000,0.25
1688522400000,0.22
1688526000000,0.2
1688529600000,0.25
1688533200000,0.15
1688536800000,0.39
1688540400000,0.42
1688544000000,0.5
1688547600000,0.47
1688551200000,0.48
1688554800000,0.52
1688558400000,0.77
1688562000000,0.65
1688565600000,0.58
1688569200000,0.7
1688572800000,0.52
1688576400000,0.58
1688580000000,0.44
1688583600000,0.38
1688587200000,1.81
1688590800000,0.56
1688594400000,0.43
1688598000000,0.19
1688601600000,0.19
1688605200000,0.2
1688608800000,0.2
1688612400000,0.18
1688616000000,0.16
1688619600000,0.18
1688623200000,0.19
1688626800000,0.36
1688630400000,0.35
1688634000000,0.28
1688637600000,0.34
1688641200000,0.37
1688644800000,0.35
1688648400000,0.36
1688652000000,0.36
1688655600000,0.37
1688659200000,0.38
1688662800000,0.45
1688666400000,0.32
1688670000000,0.47
1688673600000,0.45
1688677200000,0.58
1688680800000,0.4
1688684400000,1.3
1688688000000,0.36
1688691600000,0.31
1688695200000,0.27
1688698800000,0.26
1688702400000,0.28
1688706000000,0.27
1688709600000,0.31
1688713200000,0.52
1688716800000,0.56
1688720400000,0.55
1688724000000,0.6
1688727600000,0.56
1688731200000,0.49
1688734800000,0.63
1688738400000,0.62
1688742000000,0.63
1688745600000,0.64
1688749200000,1.65
1688752800000,0.6
1688756400000,0.47
1688760000000,0.52
1688763600000,0.86
1688767200000,1.44
1688770800000,0.93
1688774400000,1.18
1688778000000,0.27
1688781600000,0.25
1688785200000,0.25
1688788800000,0.23
1688792400000,0.26
1688796000000,0.46
1688799600000,0.47
1688803200000,0.37
1688806800000,0.37
1688810400000,0.41
1688814000000,0.42
1688817600000,0.5
1688821200000,0.53
1688824800000,0.79
1688828400000,0.98
1688832000000,0.88
1688835600000,0.58
1688839200000,0.52
1688842800000,0.48
1688846400000,0.42
1688850000000,0.48
1688853600000,0.45
1688857200000,0.3
1688860800000,0.27
1688864400000,0.27
1688868000000,0.28
1688871600000,0.22
1688875200000,0.24
1688878800000,0.18
1688882400000,0.24
1688886000000,0.42
1688889600000,0.42
1688893200000,0.66
1688896800000,0.53
1688900400000,0.46
1688904000000,0.46
1688907600000,0.47
1688911200000,0.51
1688914800000,0.55
1688918400000,0.55
1688922000000,0.46
1688925600000,0.75
1688929200000,1.21
1688932800000,0.51
1688936400000,0.5
1688940000000,1.05
1688943600000,0.33
1688947200000,0.27
1688950800000,0.27
1688954400000,0.26
1688958000000,0.25
1688961600000,0.16
1688965200000,0.23
1688968800000,0.29
1688972400000,0.49
1688976000000,0.44
1688979600000,0.51
1688983200000,0.59
1688986800000,0.86
1688990400000,0.77
1688994000000,0.88
1688997600000,0.69
1689001200000,0.76
1689004800000,0.66
1689008400000,0.63
1689012000000,0.6
1689015600000,0.53
1689019200000,0.99
1689022800000,0.54
1689026400000,1
1689030000000,0.33
1689033600000,0.31
1689037200000,0.3
1689040800000,0.26
1689044400000,0.3
1689048000000,0.28
1689051600000,0.29
1689055200000,0.51
1689058800000,0.77
1689062400000,0.74
1689066000000,0.42
1689069600000,0.38
1689073200000,0.37
1689076800000,0.53
1689080400000,0.58
1689084000000,0.58
1689087600000,0.53
1689091200000,0.61
1689094800000,0.5
1689098400000,0.57
1689102000000,0.49
1689105600000,0.56
1689109200000,0.86
1689112800000,0.5
1689116400000,0.45
1689120000000,0.79
1689123600000,0.33
1689127200000,0.31
1689130800000,0.32
1689134400000,0.29
1689138000000,0.29
1689141600000,0.31
1689145200000,0.53
1689148800000,0.54
1689152400000,0.67
1689156000000,0.7
1689159600000,0.68
1689163200000,0.7
1689166800000,0.72
1689170400000,0.73
1689174000000,0.72
1689177600000,0.72
1689181200000,0.59
1689184800000,0.54
1689188400000,0.49
1689192000000,0.68
1689195600000,0.68
1689199200000,0.47
1689202800000,0.35
1689206400000,0.29
1689210000000,0.26
1689213600000,0.33
1689217200000,0.29
1689220800000,0.26
1689224400000,0.6
1689228000000,0.68
1689231600000,0.26
1689235200000,0.28
1689238800000,0.32
1689242400000,0.33
1689246000000,0.35
1689249600000,0.49
1689253200000,0.53
1689256800000,0.51
1689260400000,0.5
1689264000000,0.48
1689267600000,0.37
1689271200000,0.32
1689274800000,0.38
1689278400000,0.18
1689282000000,0.7
1689285600000,0.5
1689289200000,0.23
1689292800000,0.29
1689296400000,0.26
1689300000000,0.25
1689303600000,0.25
1689307200000,0.22
1689310800000,0.27
1689314400000,0.57
1689318000000,0.42
1689321600000,0.37
1689325200000,0.32
1689328800000,0.37
1689332400000,0.51
1689336000000,0.48
1689339600000,0.49
1689343200000,0.72
1689346800000,0.7
1689350400000,0.73
1689354000000,0.59
1689357600000,0.49
1689361200000,0.41
1689364800000,0.32
1689368400000,0.35
1689372000000,1.08
1689375600000,0.28
1689379200000,0.27
1689382800000,0.25
1689386400000,0.25
1689390000000,0.27
1689393600000,0.26
1689397200000,0.24
1689400800000,0.43
1689404400000,0.35
1689408000000,0.44
1689411600000,0.44
1689415200000,0.61
1689418800000,0.6
1689422400000,0.59
1689426000000,0.93
1689429600000,0.92
1689433200000,0.59
1689436800000,0.6
1689440400000,0.46
1689444000000,0.5
1689447600000,0.52
1689451200000,0.62
1689454800000,0.71
1689458400000,0.58
1689462000000,0.43
1689465600000,0.43
1689469200000,0.37
1689472800000,0.31
1689476400000,0.27
1689480000000,0.3
1689483600000,0.27
1689487200000,0.38
1689490800000,0.58
1689494400000,0.5
1689498000000,0.55
1689501600000,0.74
1689505200000,0.89
1689508800000,1.21
1689512400000,0.93
1689516000000,2.07
1689519600000,0.77
1689523200000,0.93
1689526800000,0.98
1689530400000,1.1
1689534000000,1.14
1689537600000,0.92
1689541200000,0.67
1689544800000,0.54
1689548400000,0.46
1689552000000,0.45
1689555600000,0.42
1689559200000,0.4
1689562800000,0.41
1689566400000,0.36
1689570000000,0.36
1689573600000,0.45
1689577200000,0.64
1689580800000,0.76
1689584400000,0.99
1689588000000,1.18
1689591600000,1.23
1689595200000,0.71
1689598800000,0.72
1689602400000,0.59
1689606000000,0.64
1689609600000,0.64
1689613200000,0.61
1689616800000,0.55
1689620400000,0.43
1689624000000,0.51
1689627600000,0.87
1689631200000,0.94
1689634800000,0.43
1689638400000,0.4
1689642000000,0.3
1689645600000,0.35
1689649200000,0.28
1689652800000,0.28
1689656400000,0.32
1689660000000,0.66
1689663600000,0.54
1689667200000,0.55
1689670800000,0.56
1689674400000,0.59
1689678000000,0.61
1689681600000,0.86
1689685200000,0.69
1689688800000,0.66
1689692400000,0.7
1689696000000,0.67
1689699600000,1.07
1689703200000,0.91
1689706800000,0.62
1689710400000,0.63
1689714000000,0.57
1689717600000,1.63
1689721200000,0.54
1689724800000,0.33
1689728400000,0.3
1689732000000,0.3
1689735600000,0.27
1689739200000,0.27
1689742800000,0.26
1689746400000,0.49
1689750000000,0.35
1689753600000,0.56
1689757200000,0.49
1689760800000,0.43
1689764400000,0.51
1689768000000,0.48
1689771600000,0.49
1689775200000,0.55
1689778800000,0.56
1689782400000,0.51
1689786000000,0.46
1689789600000,0.47
1689793200000,0.45
1689796800000,0.42
1689800400000,0.37
1689804000000,0.34
1689807600000,0.26
1689811200000,0.2
1689814800000,0.18
1689818400000,0.17
1689822000000,0.16
1689825600000,0.15
1689829200000,0.2
1689832800000,0.37
1689836400000,0.35
1689840000000,0.39
1689843600000,0.41
1689847200000,0.41
1689850800000,0.41
1689854400000,0.25
1689858000000,0.39
1689861600000,0.49
1689865200000,0.46
1689868800000,0.48
1689872400000,0.53
1689876000000,0.47
1689879600000,0.42
1689883200000,0.41
1689886800000,0.33
1689890400000,0.27
1689894000000,0.23
1689897600000,0.15
1689901200000,0.17
1689904800000,0.18
1689908400000,0.17
1689912000000,0.17
1689915600000,0.24
1689919200000,0.3
1689922800000,0.26
1689926400000,0.28
1689930000000,0.3
1689933600000,0.33
1689937200000,0.32
1689940800000,0.28
1689944400000,0.27
1689948000000,0.26
1689951600000,0.42
1689955200000,0.36
1689958800000,0.53
1689962400000,0.17
1689966000000,0.2
1689969600000,0.29
1689973200000,0.21
1689976800000,0.2
1689980400000,0.18
1689984000000,0.17
1689987600000,0.16
1689991200000,0.17
1689994800000,0.18
1689998400000,0.16
1690002000000,0.17
1690005600000,0.24
1690009200000,0.31
1690012800000,0.32
1690016400000,0.32
1690020000000,0.31
1690023600000,0.22
1690027200000,0.25
1690030800000,0.28
1690034400000,0.52
1690038000000,0.36
1690041600000,0.46
1690045200000,0.42
1690048800000,0.42
1690052400000,0.42
1690056000000,0.33
1690059600000,0.34
1690063200000,0.27
1690066800000,0.19
1690070400000,0.17
1690074000000,0.16
1690077600000,0.18
1690081200000,0.18
1690084800000,0.17
1690088400000,0.16
1690092000000,0.18
1690095600000,0.4
1690099200000,0.36
1690102800000,0.36
1690106400000,0.32
1690110000000,0.32
1690113600000,0.36
1690117200000,0.33
1690120800000,0.6
1690124400000,0.54
1690128000000,0.54
1690131600000,0.41
1690135200000,0.47
1690138800000,0.46
1690142400000,0.4
1690146000000,0.38
1690149600000,0.33
1690153200000,0.19
1690156800000,0.18
1690160400000,0.2
1690164000000,0.25
1690167600000,0.19
1690171200000,0.17
1690174800000,0.21
1690178400000,0.35
1690182000000,0.39
1690185600000,0.4
1690189200000,0.41
1690192800000,0.37
1690196400000,0.35
1690200000000,0.37
1690203600000,0.53
1690207200000,0.59
1690210800000,0.57
1690214400000,0.57
1690218000000,0.44
1690221600000,0.51
1690225200000,0.51
1690228800000,0.51
1690232400000,0.43
1690236000000,0.34
1690239600000,0.26
1690243200000,0.16
1690246800000,0.28
1690250400000,0.25
1690254000000,0.17
1690257600000,0.16
1690261200000,0.17
1690264800000,0.3
1690268400000,0.39
1690272000000,0.38
1690275600000,0.24
1690279200000,0.21
1690282800000,0.18
1690286400000,0.27
1690290000000,0.28
1690293600000,0.28
1690297200000,0.28
1690300800000,0.3
1690304400000,0.44
1690308000000,0.42
1690311600000,0.33
1690315200000,0.3
1690318800000,0.29
1690322400000,0.26
1690326000000,0.18
1690329600000,0.16
1690333200000,0.18
1690336800000,0.17
1690340400000,0.16
1690344000000,0.17
1690347600000,0.17
1690351200000,0.18
1690354800000,0.18
1690358400000,0.15
1690362000000,0.19
1690365600000,0.17
1690369200000,0.19
1690372800000,0.18
1690376400000,0.18
1690380000000,0.19
1690383600000,0.19
1690387200000,0.31
1690390800000,0.33
1690394400000,0.28
1690398000000,0.21
1690401600000,0.2
1690405200000,0.2
1690408800000,0.2
1690412400000,0.18
1690416000000,0.18
1690419600000,0.15
1690423200000,0.18
1690426800000,0.17
1690430400000,0.16
1690434000000,0.16
1690437600000,0.27
1690441200000,0.29
1690444800000,0.3
1690448400000,0.31
1690452000000,0.22
1690455600000,0.3
1690459200000,0.21
1690462800000,0.31
1690466400000,0.4
1690470000000,0.43
1690473600000,0.39
1690477200000,0.39
1690480800000,0.37
1690484400000,0.35
1690488000000,0.35
1690491600000,0.3
1690495200000,0.28
1690498800000,0.99
1690502400000,0.66
1690506000000,0.23
1690509600000,0.22
1690513200000,0.22
1690516800000,0.23
1690520400000,0.2
1690524000000,0.24
1690527600000,0.39
1690531200000,0.3
1690534800000,0.93
1690538400000,0.52
1690542000000,2.03
1690545600000,0.51
1690549200000,0.68
1690552800000,0.99
1690556400000,0.78
1690560000000,0.63
1690563600000,0.72
1690567200000,0.64
1690570800000,0.95
1690574400000,1.19
1690578000000,1.5
1690581600000,0.81
1690585200000,1.26
1690588800000,0.55
1690592400000,0.28
1690596000000,0.25
1690599600000,0.21
1690603200000,0.15
1690606800000,0.18
1690610400000,0.33
1690614000000,0.36
1690617600000,0.4
1690621200000,1.4
1690624800000,0.43
1690628400000,1.26
1690632000000,1.87
1690635600000,1.28
1690639200000,2.21
1690642800000,0.73
1690646400000,0.81
1690650000000,0.52
1690653600000,0.56
1690657200000,0.45
1690660800000,0.4
1690664400000,0.38
1690668000000,0.37
1690671600000,0.39
1690675200000,0.49
1690678800000,0.2
1690682400000,0.19
1690686000000,0.25
1690689600000,0.23
1690693200000,0.15
1690696800000,0.25
1690700400000,0.46
1690704000000,0.19
1690707600000,0.32
1690711200000,0.31
1690714800000,0.37
1690718400000,0.36
1690722000000,0.43
1690725600000,0.61
1690729200000,1.05
1690732800000,1.12
1690736400000,1.38
1690740000000,0.85
1690743600000,0.49
1690747200000,0.54
1690750800000,0.42
1690754400000,0.83
1690758000000,0.34
1690761600000,0.27
1690765200000,0.25
1690768800000,0.32
1690772400000,0.24
1690776000000,0.43
1690779600000,0.74
1690783200000,0.26
1690786800000,0.47
1690790400000,0.36
1690794000000,0.65
1690797600000,0.78
1690801200000,0.96
1690804800000,1.2
1690808400000,0.72
1690812000000,0.75
1690815600000,0.51
1690819200000,0.61
1690822800000,0.5
1690826400000,0.45
1690830000000,0.51
1690833600000,1.27
1690837200000,0.47
1690840800000,0.37
1690844400000,0.26
1690848000000,0.24
1690851600000,0.19
1690855200000,0.16
1690858800000,0.18
1690862400000,0.29
1690866000000,0.23
1690869600000,0.41
1690873200000,0.52
1690876800000,0.42
1690880400000,0.39
1690884000000,0.35
1690887600000,0.36
1690891200000,0.31
1690894800000,0.39
1690898400000,0.38
1690902000000,0.39
1690905600000,0.32
1690909200000,0.96
1690912800000,0.14
1690916400000,0.54
1690920000000,0.31
1690923600000,0.82
1690927200000,0.7
1690930800000,0.18
1690934400000,0.19
1690938000000,0.17
1690941600000,0.15
1690945200000,0.18
1690948800000,0.18
1690952400000,0.21
1690956000000,0.35
1690959600000,0.79
1690963200000,0.32
1690966800000,0.52
1690970400000,0.39
1690974000000,0.4
1690977600000,0.8
1690981200000,0.59
1690984800000,0.62
1690988400000,0.7
1690992000000,0.57
1690995600000,0.63
1690999200000,0.46
1691002800000,0.44
1691006400000,1.31
1691010000000,0.58
1691013600000,1.24
1691017200000,0.51
1691020800000,0.31
1691024400000,0.24
1691028000000,0.25
1691031600000,0.22
1691035200000,0.23
1691038800000,0.23
1691042400000,0.41
1691046000000,0.33
1691049600000,0.29
1691053200000,0.34
1691056800000,0.34
1691060400000,0.36
1691064000000,0.32
1691067600000,0.39
1691071200000,0.52
1691074800000,0.53
1691078400000,0.43
1691082000000,0.35
1691085600000,0.27
1691089200000,0.36
1691092800000,0.33
1691096400000,0.35
1691100000000,1.4
1691103600000,0.23
1691107200000,0.18
1691110800000,0.16
1691114400000,0.25
1691118000000,0.24
1691121600000,0.21
1691125200000,0.18
1691128800000,0.34
1691132400000,0.34
1691136000000,0.29
1691139600000,0.37
1691143200000,0.37
1691146800000,0.34
1691150400000,0.4
1691154000000,0.4
1691157600000,0.4
1691161200000,0.46
1691164800000,0.46
1691168400000,0.39
1691172000000,0.7
1691175600000,0.56
1691179200000,1.23
1691182800000,1.28
1691186400000,0.88
1691190000000,0.96
1691193600000,0.2
1691197200000,0.26
1691200800000,0.25
1691204400000,0.26
1691208000000,0.26
1691211600000,0.27
1691215200000,0.27
1691218800000,0.45
1691222400000,0.47
1691226000000,0.37
1691229600000,0.46
1691233200000,0.5
1691236800000,0.48
1691240400000,0.47
1691244000000,0.47
1691247600000,0.39
1691251200000,0.39
1691254800000,0.74
1691258400000,0.38
1691262000000,0.36
1691265600000,0.3
1691269200000,0.29
1691272800000,0.29
1691276400000,0.27
1691280000000,0.25
1691283600000,0.24
1691287200000,0.23
1691290800000,0.22
1691294400000,0.24
1691298000000,0.24
1691301600000,0.19
1691305200000,0.17
1691308800000,0.16
1691312400000,0.26
1691316000000,0.69
1691319600000,0.38
1691323200000,1.01
1691326800000,1.19
1691330400000,0.71
1691334000000,0.52
1691337600000,1.11
1691341200000,0.79
1691344800000,0.4
1691348400000,1.36
1691352000000,0.33
1691355600000,0.32
1691359200000,0.57
1691362800000,0.74
1691366400000,0.18
1691370000000,0.17
1691373600000,0.16
1691377200000,0.18
1691380800000,0.18
1691384400000,0.15
1691388000000,0.17
1691391600000,0.35
1691395200000,0.32
1691398800000,0.28
1691402400000,0.31
1691406000000,0.94
1691409600000,0.39
1691413200000,0.52
1691416800000,0.61
1691420400000,0.28
1691424000000,0.28
1691427600000,0.27
1691431200000,0.28
1691434800000,0.3
1691438400000,0.28
1691442000000,0.31
1691445600000,0.35
1691449200000,0.31
1691452800000,0.15
1691456400000,0.17
1691460000000,0.17
1691463600000,0.16
1691467200000,0.18
1691470800000,0.15
1691474400000,0.27
1691478000000,0.35
1691481600000,0.17
1691485200000,0.19
1691488800000,0.19
1691492400000,0.18
1691496000000,0.19
1691499600000,0.31
1691503200000,0.29
1691506800000,0.33
1691510400000,0.32
1691514000000,0.31
1691517600000,0.27
1691521200000,0.3
1691524800000,0.29
1691528400000,0.3
1691532000000,1.05
1691535600000,0.16
1691539200000,0.17
1691542800000,0.17
1691546400000,0.17
1691550000000,0.17
1691553600000,0.16
1691557200000,0.16
1691560800000,0.19
1691564400000,0.29
1691568000000,0.28
1691571600000,0.76
1691575200000,0.36
1691578800000,0.35
1691582400000,1.25
1691586000000,0.79
1691589600000,0.9
1691593200000,0.83
1691596800000,0.55
1691600400000,0.78
1691604000000,1.48
1691607600000,0.33
1691611200000,0.39
1691614800000,1.16
1691618400000,0.18
1691622000000,0.16
1691625600000,0.17
1691629200000,0.19
1691632800000,0.19
1691636400000,0.17
1691640000000,0.15
1691643600000,0.17
1691647200000,0.31
1691650800000,0.46
1691654400000,0.19
1691658000000,0.17
1691661600000,0.2
1691665200000,0.21
1691668800000,0.17
1691672400000,0.2
1691676000000,0.29
1691679600000,0.4
1691683200000,0.35
1691686800000,0.33
1691690400000,0.3
1691694000000,0.36
1691697600000,0.3
1691701200000,0.39
1691704800000,1.14
1691708400000,0.17
1691712000000,0.19
1691715600000,0.16
1691719200000,0.15
1691722800000,0.17
1691726400000,0.18
1691730000000,0.15
1691733600000,0.29
1691737200000,0.32
1691740800000,0.18
1691744400000,0.18
1691748000000,0.18
1691751600000,0.21
1691755200000,0.57
1691758800000,0.38
1691762400000,0.46
1691766000000,0.44
1691769600000,0.4
1691773200000,0.28
1691776800000,0.24
1691780400000,0.7
1691784000000,0.99
1691787600000,0.36
1691791200000,0.26
1691794800000,0.25
1691798400000,0.25
1691802000000,0.24
1691805600000,0.24
1691809200000,0.16
1691812800000,0.37
1691816400000,0.18
1691820000000,0.18
1691823600000,0.17
1691827200000,0.17
1691830800000,0.19
1691834400000,0.19
1691838000000,0.18
1691841600000,0.19
1691845200000,0.42
1691848800000,0.48
1691852400000,0.43
1691856000000,0.43
1691859600000,0.42
1691863200000,0.32
1691866800000,0.43
1691870400000,0.4
1691874000000,0.41
1691877600000,0.24
1691881200000,0.25
1691884800000,0.21
1691888400000,0.18
1691892000000,0.15
1691895600000,0.17
1691899200000,0.17
1691902800000,0.15
1691906400000,0.2
1691910000000,0.42
1691913600000,0.33
1691917200000,0.32
1691920800000,0.75
1691924400000,0.5
1691928000000,0.86
1691931600000,0.67
1691935200000,0.76
1691938800000,0.97
1691942400000,1.19
1691946000000,1.2
1691949600000,1.82
1691953200000,0.7
1691956800000,0.46
1691960400000,0.64
1691964000000,1.01
1691967600000,0.33
1691971200000,0.54
1691974800000,0.29
1691978400000,0.27
1691982000000,0.18
1691985600000,0.15
1691989200000,0.16
1691992800000,0.39
1691996400000,0.37
1692000000000,0.51
1692003600000,1
1692007200000,0.48
1692010800000,0.6
1692014400000,0.58
1692018000000,0.8
1692021600000,0.61
1692025200000,0.57
1692028800000,0.53
1692032400000,0.49
1692036000000,0.51
1692039600000,0.45
1692043200000,0.24
1692046800000,0.19
1692050400000,0.19
1692054000000,0.2
1692057600000,0.27
1692061200000,0.27
1692064800000,0.17
1692068400000,0.16
1692072000000,0.17
1692075600000,0.15
1692079200000,0.27
1692082800000,0.38
1692086400000,0.41
1692090000000,0.38
1692093600000,0.36
1692097200000,0.31
1692100800000,0.47
1692104400000,0.55
1692108000000,0.58
1692111600000,0.6
1692115200000,0.52
1692118800000,0.53
1692122400000,0.53
1692126000000,0.49
1692129600000,0.35
1692133200000,0.34
1692136800000,0.33
1692140400000,0.32
1692144000000,0.31
1692147600000,0.29
1692151200000,0.17
1692154800000,0.17
1692158400000,0.18
1692162000000,0.16
1692165600000,0.29
1692169200000,0.29
1692172800000,0.31
1692176400000,0.31
1692180000000,0.33
1692183600000,0.32
1692187200000,0.31
1692190800000,0.5
1692194400000,0.55
1692198000000,0.6
1692201600000,0.58
1692205200000,0.47
1692208800000,0.43
1692212400000,0.83
1692216000000,0.65
1692219600000,0.44
1692223200000,0.33
1692226800000,0.27
1692230400000,0.31
1692234000000,0.32
1692237600000,0.33
1692241200000,0.25
1692244800000,0.23
1692248400000,0.23
1692252000000,0.27
1692255600000,0.6
1692259200000,1.46
1692262800000,0.57
1692266400000,0.45
1692270000000,0.44
1692273600000,0.36
1692277200000,0.37
1692280800000,0.49
1692284400000,0.46
1692288000000,0.52
1692291600000,0.37
1692295200000,0.42
1692298800000,0.55
1692302400000,0.5
1692306000000,0.89
1692309600000,0.94
1692313200000,0.42
1692316800000,0.33
1692320400000,0.29
1692324000000,0.23
1692327600000,0.25
1692331200000,0.25
1692334800000,0.23
1692338400000,0.28
1692342000000,0.51
1692345600000,0.48
1692349200000,0.49
1692352800000,0.95
1692356400000,1.67
1692360000000,0.79
1692363600000,0.61
1692367200000,1.07
1692370800000,0.74
1692374400000,0.85
1692378000000,0.72
1692381600000,1.03
1692385200000,0.68
1692388800000,0.56
1692392400000,0.56
1692396000000,0.9
1692399600000,0.36
1692403200000,0.32
1692406800000,0.32
1692410400000,0.31
1692414000000,0.3
1692417600000,0.26
1692421200000,0.37
1692424800000,0.59
1692428400000,0.66
1692432000000,0.4
1692435600000,0.32
1692439200000,0.27
1692442800000,0.64
1692446400000,1.06
1692450000000,0.53
1692453600000,0.5
1692457200000,0.52
1692460800000,0.51
1692464400000,1.24
1692468000000,0.58
1692471600000,0.59
1692475200000,1.2
1692478800000,1
1692482400000,1.07
1692486000000,0.94
1692489600000,0.37
1692493200000,0.57
1692496800000,0.39
1692500400000,0.6
1692504000000,0.17
1692507600000,0.19
1692511200000,0.27
1692514800000,0.48
1692518400000,0.45
1692522000000,0.97
1692525600000,1.61
1692529200000,0.78
1692532800000,0.55
1692536400000,0.64
1692540000000,0.56
1692543600000,0.65
1692547200000,1.68
1692550800000,0.66
1692554400000,0.96
1692558000000,1.06
1692561600000,0.76
1692565200000,0.56
1692568800000,0.46
1692572400000,0.43
1692576000000,0.31
1692579600000,0.35
1692583200000,0.66
1692586800000,0.62
1692590400000,0.32
1692594000000,0.28
1692597600000,0.46
1692601200000,0.54
1692604800000,0.76
1692608400000,0.61
1692612000000,0.73
1692615600000,0.62
1692619200000,0.86
1692622800000,1.12
1692626400000,1.15
1692630000000,0.84
1692633600000,0.54
1692637200000,0.53
1692640800000,0.48
1692644400000,0.46
1692648000000,0.44
1692651600000,1.01
1692655200000,0.39
1692658800000,0.37
1692662400000,0.36
1692666000000,0.32
1692669600000,0.31
1692673200000,0.31
1692676800000,0.31
1692680400000,0.25
1692684000000,0.46
1692687600000,0.5
1692691200000,0.52
1692694800000,0.58
1692698400000,0.6
1692702000000,0.85
1692705600000,0.77
1692709200000,0.5
1692712800000,0.72
1692716400000,0.78
1692720000000,0.67
1692723600000,0.6
1692727200000,0.47
1692730800000,0.67
1692734400000,0.75
1692738000000,0.49
1692741600000,0.46
1692745200000,0.37
1692748800000,0.36
1692752400000,0.71
1692756000000,0.62
1692759600000,0.36
1692763200000,0.34
1692766800000,0.32
1692770400000,0.48
1692774000000,0.54
1692777600000,0.46
1692781200000,0.47
1692784800000,0.5
1692788400000,0.53
1692792000000,0.52
1692795600000,0.52
1692799200000,0.52
1692802800000,0.6
1692806400000,0.44
1692810000000,0.5
1692813600000,0.5
1692817200000,0.4
1692820800000,0.35
1692824400000,0.37
1692828000000,0.57
1692831600000,1.1
1692835200000,0.35
1692838800000,0.34
1692842400000,0.33
1692846000000,0.33
1692849600000,0.3
1692853200000,0.28
1692856800000,0.34
1692860400000,0.59
1692864000000,0.49
1692867600000,0.48
1692871200000,0.56
1692874800000,0.59
1692878400000,0.55
1692882000000,0.52
1692885600000,0.54
1692889200000,0.64
1692892800000,0.6
1692896400000,0.51
1692900000000,0.51
1692903600000,0.59
1692907200000,0.58
1692910800000,0.51
1692914400000,0.92
1692918000000,0.71
1692921600000,0.34
1692925200000,0.29
1692928800000,0.31
1692932400000,0.32
1692936000000,0.3
1692939600000,0.31
1692943200000,0.25
1692946800000,0.36
1692950400000,0.45
1692954000000,0.65
1692957600000,1.08
1692961200000,0.81
1692964800000,1.17
1692968400000,1.28
1692972000000,1.1
1692975600000,1.06
1692979200000,0.6
1692982800000,0.64
1692986400000,0.55
1692990000000,0.61
1692993600000,0.63
1692997200000,0.63
1693000800000,0.68
1693004400000,0.42
1693008000000,0.37
1693011600000,0.4
1693015200000,0.35
1693018800000,0.34
1693022400000,0.35
1693026000000,0.32
1693029600000,0.5
1693033200000,0.54
1693036800000,0.67
1693040400000,0.71
1693044000000,0.93
1693047600000,0.72
1693051200000,0.96
1693054800000,0.97
1693058400000,0.63
1693062000000,0.64
1693065600000,0.56
1693069200000,0.43
1693072800000,0.56
1693076400000,0.54
1693080000000,0.61
1693083600000,0.6
1693087200000,0.51
1693090800000,0.42
1693094400000,0.38
1693098000000,0.41
1693101600000,0.37
1693105200000,0.34
1693108800000,0.31
1693112400000,0.55
1693116000000,0.45
1693119600000,0.46
1693123200000,0.45
1693126800000,0.49
1693130400000,0.54
1693134000000,0.56
1693137600000,0.7
1693141200000,1.08
1693144800000,1.07
1693148400000,0.85
1693152000000,0.79
1693155600000,0.61
1693159200000,0.52
1693162800000,0.56
1693166400000,0.51
1693170000000,0.59
1693173600000,0.47
1693177200000,0.41
1693180800000,0.37
1693184400000,0.36
1693188000000,0.3
1693191600000,0.29
1693195200000,0.26
1693198800000,0.23
1693202400000,0.28
1693206000000,0.6
1693209600000,0.56
1693213200000,0.62
1693216800000,0.63
1693220400000,1.29
1693224000000,0.9
1693227600000,1.01
1693231200000,1.18
1693234800000,1.71
1693238400000,0.64
1693242000000,0.59
1693245600000,0.65
1693249200000,0.64
1693252800000,0.68
1693256400000,0.89
1693260000000,0.55
1693263600000,0.62
1693267200000,0.39
1693270800000,0.4
1693274400000,0.36
1693278000000,0.36
1693281600000,0.35
1693285200000,0.3
1693288800000,0.49
1693292400000,0.37
1693296000000,0.34
1693299600000,0.87
1693303200000,0.3
1693306800000,0.3
1693310400000,0.33
1693314000000,0.42
1693317600000,0.48
1693321200000,0.44
1693324800000,0.46
1693328400000,0.39
1693332000000,0.42
1693335600000,0.54
1693339200000,0.43
1693342800000,0.4
1693346400000,1.24
1693350000000,0.3
1693353600000,0.29
1693357200000,0.29
1693360800000,0.26
1693364400000,0.26
1693368000000,0.25
1693371600000,0.24
1693375200000,0.34
1693378800000,0.29
1693382400000,0.27
1693386000000,0.23
1693389600000,0.22
1693393200000,0.16
1693396800000,0.94
1693400400000,0.23
1693404000000,0.24
1693407600000,0.19
1693411200000,0.24
1693414800000,0.84
1693418400000,0.29
1693422000000,0.28
1693425600000,0.55
1693429200000,0.66
1693432800000,0.5
1693436400000,0.96
1693440000000,0.18
1693443600000,0.15
1693447200000,0.18
1693450800000,0.18
1693454400000,0.19
1693458000000,0.15
1693461600000,0.34
1693465200000,0.36
1693468800000,0.34
1693472400000,0.21
1693476000000,0.18
1693479600000,0.28
1693483200000,0.19
1693486800000,0.32
1693490400000,0.4
1693494000000,0.4
1693497600000,0.32
1693501200000,0.36
1693504800000,0.17
1693508400000,0.39
1693512000000,1
1693515600000,0.31
1693519200000,0.25
1693522800000,0.18
1693526400000,0.17
1693530000000,0.15
1693533600000,0.23
1693537200000,0.16
1693540800000,0.18
1693544400000,0.18
1693548000000,0.19
1693551600000,0.28
1693555200000,0.46
1693558800000,0.31
1693562400000,0.3
1693566000000,0.43
1693569600000,0.27
1693573200000,0.54
1693576800000,0.54
1693580400000,0.63
1693584000000,0.48
1693587600000,0.44
1693591200000,0.69
1693594800000,0.49
1693598400000,0.39
1693602000000,0.35
1693605600000,0.28
1693609200000,0.18
1693612800000,0.19
1693616400000,0.24
1693620000000,0.44
1693623600000,0.52
1693627200000,0.17
1693630800000,0.15
1693634400000,0.25
1693638000000,0.42
1693641600000,0.32
1693645200000,0.35
1693648800000,0.32
1693652400000,0.58
1693656000000,0.63
1693659600000,0.73
1693663200000,0.69
1693666800000,1.19
1693670400000,1.03
1693674000000,0.48
1693677600000,0.73
1693681200000,0.39
1693684800000,0.34
1693688400000,0.33
1693692000000,0.31
1693695600000,0.31
1693699200000,0.25
1693702800000,0.25
1693706400000,0.27
1693710000000,0.27
1693713600000,0.17
1693717200000,0.17
1693720800000,0.24
1693724400000,0.33
1693728000000,0.26
1693731600000,0.24
1693735200000,0.25
1693738800000,0.92
1693742400000,0.4
1693746000000,0.42
1693749600000,0.85
1693753200000,0.82
1693756800000,0.66
1693760400000,0.95
1693764000000,0.49
1693767600000,0.39
1693771200000,0.3
1693774800000,0.66
1693778400000,0.17
1693782000000,0.18
1693785600000,0.18
1693789200000,0.18
1693792800000,0.17
1693796400000,0.16
1693800000000,0.18
1693803600000,0.16
1693807200000,0.19
1693810800000,0.37
1693814400000,0.27
1693818000000,0.41
1693821600000,0.39
1693825200000,0.54
1693828800000,0.62
1693832400000,0.56
1693836000000,0.49
1693839600000,0.51
1693843200000,0.58
1693846800000,0.47
1693850400000,0.36
1693854000000,0.68
1693857600000,0.74
1693861200000,1.43
1693864800000,0.69
1693868400000,0.3
1693872000000,0.18
1693875600000,0.18
1693879200000,0.16
1693882800000,0.18
1693886400000,0.17
1693890000000,0.16
1693893600000,0.31
1693897200000,0.33
1693900800000,0.31
1693904400000,0.24
1693908000000,0.24
1693911600000,0.22
1693915200000,0.32
1693918800000,0.4
1693922400000,0.36
1693926000000,0.41
1693929600000,0.4
1693933200000,0.36
1693936800000,0.33
1693940400000,0.3
1693944000000,0.28
1693947600000,1.17
1693951200000,0.27
1693954800000,0.25
1693958400000,0.21
1693962000000,0.16
1693965600000,0.17
1693969200000,0.18
1693972800000,0.16
1693976400000,0.17
1693980000000,0.33
1693983600000,0.29
1693987200000,0.37
1693990800000,0.36
1693994400000,0.48
1693998000000,0.58
1694001600000,0.6
1694005200000,0.65
1694008800000,0.63
1694012400000,1.12
1694016000000,0.94
1694019600000,0.49
1694023200000,0.33
1694026800000,0.45
1694030400000,0.7
1694034000000,1.3
1694037600000,0.36
1694041200000,0.32
1694044800000,0.19
1694048400000,0.18
1694052000000,0.18
1694055600000,0.18
1694059200000,0.18
1694062800000,0.16
1694066400000,0.36
1694070000000,0.29
1694073600000,0.26
1694077200000,0.3
1694080800000,0.33
1694084400000,0.31
1694088000000,0.34
1694091600000,0.43
1694095200000,0.45
1694098800000,0.46
1694102400000,0.47
1694106000000,0.43
1694109600000,0.35
1694113200000,0.42
1694116800000,1.4
1694120400000,0.62
1694124000000,0.74
1694127600000,0.24
1694131200000,0.18
1694134800000,0.18
1694138400000,0.17
1694142000000,0.18
1694145600000,0.18
1694149200000,0.18
1694152800000,0.2
1694156400000,0.99
1694160000000,0.71
1694163600000,0.62
1694167200000,0.43
1694170800000,0.57
1694174400000,0.52
1694178000000,0.44
1694181600000,0.7
1694185200000,0.59
1694188800000,0.54
1694192400000,0.44
1694196000000,0.36
1694199600000,0.28
1694203200000,0.29
1694206800000,0.26
1694210400000,0.31
1694214000000,0.19
1694217600000,0.18
1694221200000,0.19
1694224800000,0.18
1694228400000,0.18
1694232000000,0.18
1694235600000,0.17
1694239200000,0.19
1694242800000,0.19
1694246400000,0.28
1694250000000,0.28
1694253600000,0.31
1694257200000,0.36
1694260800000,0.31
1694264400000,0.42
1694268000000,0.48
1694271600000,0.44
1694275200000,0.55
1694278800000,0.41
1694282400000,0.38
1694286000000,0.3
1694289600000,0.26
1694293200000,0.29
1694296800000,0.26
1694300400000,0.26
1694304000000,0.19
1694307600000,0.18
1694311200000,0.18
1694314800000,0.18
1694318400000,0.17
1694322000000,0.17
1694325600000,0.19
1694329200000,0.24
1694332800000,0.25
1694336400000,0.29
1694340000000,0.31
1694343600000,1.65
1694347200000,0.39
1694350800000,0.59
1694354400000,0.67
1694358000000,0.67
1694361600000,0.66
1694365200000,0.42
1694368800000,0.72
1694372400000,0.43
1694376000000,0.62
1694379600000,0.33
1694383200000,1.07
1694386800000,0.18
1694390400000,0.27
1694394000000,0.18
1694397600000,0.19
1694401200000,0.17
1694404800000,0.19
1694408400000,0.16
1694412000000,0.42
1694415600000,0.19
1694419200000,0.35
1694422800000,0.33
1694426400000,0.33
1694430000000,0.4
1694433600000,0.5
1694437200000,0.47
1694440800000,0.45
1694444400000,0.59
1694448000000,0.53
1694451600000,0.43
1694455200000,0.34
1694458800000,0.31
1694462400000,1.15
1694466000000,0.58
1694469600000,0.27
1694473200000,0.27
1694476800000,0.26
1694480400000,0.26
1694484000000,0.18
1694487600000,0.24
1694491200000,0.17
1694494800000,0.17
1694498400000,0.3
1694502000000,0.32
1694505600000,0.37
1694509200000,0.42
1694512800000,0.5
1694516400000,0.94
1694520000000,0.93
1694523600000,0.69
1694527200000,0.65
1694530800000,0.62
1694534400000,0.66
1694538000000,0.53
1694541600000,0.55
1694545200000,0.81
1694548800000,0.45
1694552400000,0.93
1694556000000,0.85
1694559600000,0.27
1694563200000,0.25
1694566800000,0.2
1694570400000,0.17
1694574000000,0.19
1694577600000,0.18
1694581200000,0.16
1694584800000,0.36
1694588400000,0.51
1694592000000,0.4
1694595600000,0.35
1694599200000,0.37
1694602800000,0.33
1694606400000,0.77
1694610000000,0.53
1694613600000,0.74
1694617200000,0.42
1694620800000,0.5
1694624400000,0.43
1694628000000,0.38
1694631600000,0.34
1694635200000,0.33
1694638800000,0.31
1694642400000,0.3
1694646000000,0.32
1694649600000,0.23
1694653200000,0.17
1694656800000,0.2
1694660400000,0.17
1694664000000,0.19
1694667600000,0.19
1694671200000,0.18
1694674800000,0.22
1694678400000,0.24
1694682000000,0.19
1694685600000,0.28
1694689200000,0.23
1694692800000,0.23
1694696400000,0.18
1694700000000,0.26
1694703600000,0.97
1694707200000,0.27
1694710800000,0.85
1694714400000,0.29
1694718000000,0.24
1694721600000,0.19
1694725200000,0.19
1694728800000,0.2
1694732400000,0.17
1694736000000,0.19
1694739600000,0.18
1694743200000,0.17
1694746800000,0.19
1694750400000,0.18
1694754000000,0.19
1694757600000,0.17
1694761200000,0.19
1694764800000,0.27
1694768400000,0.28
1694772000000,0.29
1694775600000,0.3
1694779200000,0.39
1694782800000,0.42
1694786400000,0.39
1694790000000,0.41
1694793600000,0.38
1694797200000,0.77
1694800800000,0.34
1694804400000,0.33
1694808000000,0.31
1694811600000,0.29
1694815200000,0.28
1694818800000,0.26
1694822400000,0.24
1694826000000,0.24
1694829600000,0.19
1694833200000,0.2
1694836800000,0.2
1694840400000,0.18
1694844000000,0.19
1694847600000,0.19
1694851200000,0.26
1694854800000,0.29
1694858400000,0.27
1694862000000,0.26
1694865600000,0.3
1694869200000,0.31
1694872800000,0.31
1694876400000,0.29
1694880000000,0.23
1694883600000,1.43
1694887200000,0.94
1694890800000,0.88
1694894400000,1.35
1694898000000,1.07
1694901600000,1.29
1694905200000,0.87
1694908800000,0.8
1694912400000,0.34
1694916000000,0.3
1694919600000,0.24
1694923200000,0.22
1694926800000,0.25
1694930400000,0.37
1694934000000,0.27
1694937600000,1.17
1694941200000,0.89
1694944800000,0.76
1694948400000,0.68
1694952000000,0.8
1694955600000,0.68
1694959200000,1.62
1694962800000,1.51
1694966400000,1.34
1694970000000,0.68
1694973600000,2.03
1694977200000,0.72
1694980800000,0.61
1694984400000,0.55
1694988000000,1.21
1694991600000,0.88
1694995200000,0.62
1694998800000,0.3
1695002400000,0.31
1695006000000,0.28
1695009600000,0.24
1695013200000,0.43
1695016800000,0.25
1695020400000,0.2
1695024000000,0.32
1695027600000,0.38
1695031200000,1.26
1695034800000,0.47
1695038400000,1.23
1695042000000,0.58
1695045600000,0.57
1695049200000,0.49
1695052800000,0.42
1695056400000,0.43
1695060000000,0.64
1695063600000,0.61
1695067200000,0.82
1695070800000,0.73
1695074400000,1.5
1695078000000,0.47
1695081600000,0.39
1695085200000,0.31
1695088800000,0.32
1695092400000,0.31
1695096000000,0.29
1695099600000,0.5
1695103200000,0.74
1695106800000,0.18
1695110400000,0.23
1695114000000,0.37
1695117600000,0.35
1695121200000,0.35
1695124800000,0.3
1695128400000,1.21
1695132000000,1.26
1695135600000,0.6
1695139200000,0.55
1695142800000,0.49
1695146400000,0.7
1695150000000,0.56
1695153600000,0.61
1695157200000,0.66
1695160800000,0.97
1695164400000,0.32
1695168000000,0.28
1695171600000,0.25
1695175200000,0.25
1695178800000,0.24
1695182400000,0.26
1695186000000,0.25
1695189600000,0.25
1695193200000,0.3
1695196800000,0.51
1695200400000,0.27
1695204000000,0.48
1695207600000,0.23
1695211200000,0.66
1695214800000,0.56
1695218400000,0.55
1695222000000,0.54
1695225600000,0.47
1695229200000,0.41
1695232800000,0.34
1695236400000,0.44
1695240000000,0.5
1695243600000,0.5
1695247200000,0.51
1695250800000,1.31
1695254400000,0.32
1695258000000,0.28
1695261600000,0.27
1695265200000,0.28
1695268800000,0.26
1695272400000,0.27
1695276000000,0.31
1695279600000,0.26
1695283200000,0.3
1695286800000,0.87
1695290400000,1.11
1695294000000,0.43
1695297600000,0.87
1695301200000,0.47
1695304800000,0.49
1695308400000,0.42
1695312000000,0.39
1695315600000,0.37
1695319200000,0.3
1695322800000,0.32
1695326400000,0.41
1695330000000,0.79
1695333600000,0.68
1695337200000,0.24
1695340800000,0.21
1695344400000,0.17
1695348000000,0.22
1695351600000,0.17
1695355200000,0.23
1695358800000,0.17
1695362400000,0.23
1695366000000,0.23
1695369600000,0.39
1695373200000,0.95
1695376800000,0.4
1695380400000,0.4
1695384000000,0.26
1695387600000,0.49
1695391200000,0.58
1695394800000,0.54
1695398400000,0.51
1695402000000,0.55
1695405600000,0.68
1695409200000,0.56
1695412800000,0.45
1695416400000,0.86
1695420000000,0.52
1695423600000,0.32
1695427200000,0.29
1695430800000,0.32
1695434400000,0.31
1695438000000,0.28
1695441600000,0.3
1695445200000,0.28
1695448800000,0.5
1695452400000,0.15
1695456000000,0.16
1695459600000,0.93
1695463200000,0.32
1695466800000,0.83
1695470400000,1.39
1695474000000,1.01
1695477600000,0.67
1695481200000,0.64
1695484800000,0.49
1695488400000,1.39
1695492000000,0.62
1695495600000,0.67
1695499200000,0.95
1695502800000,0.93
1695506400000,0.38
1695510000000,1.38
1695513600000,0.23
1695517200000,0.46
1695520800000,0.17
1695524400000,0.18
1695528000000,0.2
1695531600000,0.16
1695535200000,0.2
1695538800000,0.36
1695542400000,0.3
1695546000000,0.34
1695549600000,0.17
1695553200000,0.18
1695556800000,0.17
1695560400000,0.19
1695564000000,0.17
1695567600000,0.17
1695571200000,0.16
1695574800000,0.2
1695578400000,0.2
1695582000000,0.38
1695585600000,0.38
1695589200000,0.34
1695592800000,0.21
1695596400000,0.19
1695600000000,0.17
1695603600000,0.19
1695607200000,0.17
1695610800000,0.19
1695614400000,0.18
1695618000000,0.31
1695621600000,0.17
1695625200000,0.18
1695628800000,0.32
1695632400000,0.3
1695636000000,0.25
1695639600000,0.33
1695643200000,0.33
1695646800000,0.43
1695650400000,0.37
1695654000000,0.52
1695657600000,0.33
1695661200000,0.29
1695664800000,0.27
1695668400000,0.23
1695672000000,0.25
1695675600000,0.91
1695679200000,0.43
1695682800000,0.19
1695686400000,0.18
1695690000000,0.19
1695693600000,0.18
1695697200000,0.16
1695700800000,0.19
1695704400000,0.25
1695708000000,0.48
1695711600000,0.87
1695715200000,0.3
1695718800000,0.34
1695722400000,0.31
1695726000000,0.34
1695729600000,0.35
1695733200000,0.4
1695736800000,0.32
1695740400000,0.3
1695744000000,0.3
1695747600000,0.28
1695751200000,0.88
1695754800000,0.66
1695758400000,0.39
1695762000000,0.37
1695765600000,0.32
1695769200000,0.28
1695772800000,0.23
1695776400000,0.23
1695780000000,0.23
1695783600000,0.23
1695787200000,0.24
1695790800000,0.24
1695794400000,0.38
1695798000000,0.27
1695801600000,0.3
1695805200000,0.46
1695808800000,0.93
1695812400000,0.57
1695816000000,0.8
1695819600000,0.82
1695823200000,0.59
1695826800000,0.54
1695830400000,0.54
1695834000000,1.15
1695837600000,0.42
1695841200000,0.46
1695844800000,0.41
1695848400000,0.38
1695852000000,1.07
1695855600000,0.78
1695859200000,0.26
1695862800000,0.24
1695866400000,0.24
1695870000000,0.23
1695873600000,0.23
1695877200000,0.23
1695880800000,0.4
1695884400000,0.27
1695888000000,0.27
1695891600000,0.32
1695895200000,0.31
1695898800000,0.37
1695902400000,0.36
1695906000000,0.33
1695909600000,0.43
1695913200000,0.36
1695916800000,0.36
1695920400000,1.26
1695924000000,0.41
1695927600000,0.4
1695931200000,0.35
1695934800000,1.3
1695938400000,0.46
1695942000000,0.25
1695945600000,0.25
1695949200000,0.23
1695952800000,0.18
1695956400000,0.2
1695960000000,0.2
1695963600000,0.2
1695967200000,0.31
1695970800000,0.26
1695974400000,0.27
1695978000000,0.33
1695981600000,0.39
1695985200000,0.44
1695988800000,0.47
1695992400000,0.47
1695996000000,0.5
1695999600000,0.53
1696003200000,0.41
1696006800000,1.05
1696010400000,0.35
1696014000000,0.37
1696017600000,0.37
1696021200000,0.48
1696024800000,0.61
1696028400000,0.98
1696032000000,0.24
1696035600000,0.22
1696039200000,0.17
1696042800000,0.17
1696046400000,0.19
1696050000000,0.18
1696053600000,0.35
1696057200000,0.24
1696060800000,0.58
1696064400000,1.47
1696068000000,0.97
1696071600000,0.63
1696075200000,1.12
1696078800000,1.04
1696082400000,0.84
1696086000000,0.96
1696089600000,0.95
1696093200000,0.66
1696096800000,0.47
1696100400000,0.93
1696104000000,0.77
1696107600000,0.65
1696111200000,0.75
1696114800000,0.74
1696118400000,0.38
1696122000000,0.2
1696125600000,0.17
1696129200000,0.39
1696132800000,0.23
1696136400000,0.24
1696140000000,0.37
1696143600000,0.34
1696147200000,0.51
1696150800000,0.75
1696154400000,0.75
1696158000000,0.7
1696161600000,0.21
1696165200000,0.22
1696168800000,0.18
1696172400000,0.19
1696176000000,0.18
1696179600000,0.27
1696183200000,0.53
1696186800000,0.31
1696190400000,0.29
1696194000000,0.28
1696197600000,0.19
1696201200000,0.2
1696204800000,0.18
1696208400000,0.18
1696212000000,0.18
1696215600000,0.19
1696219200000,0.18
1696222800000,0.17
1696226400000,0.32
1696230000000,0.24
1696233600000,0.28
1696237200000,0.22
1696240800000,0.25
1696244400000,0.77
1696248000000,0.4
1696251600000,0.66
1696255200000,0.31
1696258800000,0.38
1696262400000,0.28
1696266000000,0.45
1696269600000,0.98
1696273200000,0.36
1696276800000,0.32
1696280400000,0.28
1696284000000,0.22
1696287600000,0.18
1696291200000,0.18
1696294800000,0.18
1696298400000,0.17
1696302000000,0.2
1696305600000,0.18
1696309200000,0.19
1696312800000,0.32
1696316400000,0.25
1696320000000,0.28
1696323600000,0.31
1696327200000,0.33
1696330800000,0.39
1696334400000,0.37
1696338000000,0.32
1696341600000,0.35
1696345200000,0.3
1696348800000,0.25
1696352400000,0.81
1696356000000,0.34
1696359600000,0.56
1696363200000,0.33
1696366800000,0.3
1696370400000,0.4
1696374000000,0.2
1696377600000,0.17
1696381200000,0.2
1696384800000,0.17
1696388400000,0.38
1696392000000,0.2
1696395600000,0.17
1696399200000,0.19
1696402800000,0.2
1696406400000,0.19
1696410000000,0.18
1696413600000,0.18
1696417200000,0.2
1696420800000,0.2
1696424400000,0.19
1696428000000,0.19
1696431600000,0.15
1696435200000,0.18
1696438800000,0.43
1696442400000,0.35
1696446000000,0.28
1696449600000,0.2
1696453200000,0.17
1696456800000,0.19
1696460400000,0.17
1696464000000,0.19
1696467600000,0.18
1696471200000,0.18
1696474800000,0.18
1696478400000,0.17
1696482000000,0.2
1696485600000,0.28
1696489200000,0.18
1696492800000,0.16
1696496400000,0.18
1696500000000,0.27
1696503600000,1.27
1696507200000,0.67
1696510800000,0.63
1696514400000,0.53
1696518000000,0.4
1696521600000,1
1696525200000,0.89
1696528800000,0.7
1696532400000,0.42
1696536000000,0.34
1696539600000,0.35
1696543200000,0.26
1696546800000,0.2
1696550400000,0.2
1696554000000,0.22
1696557600000,0.23
1696561200000,0.23
1696564800000,0.2
1696568400000,0.23
1696572000000,0.55
1696575600000,0.31
1696579200000,0.31
1696582800000,0.32
1696586400000,0.25
1696590000000,0.28
1696593600000,0.37
1696597200000,0.49
1696600800000,0.38
1696604400000,0.41
1696608000000,0.36
1696611600000,0.41
1696615200000,0.46
1696618800000,0.34
1696622400000,0.28
1696626000000,0.28
1696629600000,0.26
1696633200000,0.2
1696636800000,0.17
1696640400000,0.18
1696644000000,0.18
1696647600000,0.2
1696651200000,0.17
1696654800000,0.17
1696658400000,0.31
1696662000000,0.28
1696665600000,0.59
1696669200000,0.66
1696672800000,0.32
1696676400000,0.37
1696680000000,0.57
1696683600000,1.75
1696687200000,1.29
1696690800000,0.86
1696694400000,0.69
1696698000000,0.81
1696701600000,0.42
1696705200000,0.36
1696708800000,0.27
1696712400000,0.29
1696716000000,0.75
1696719600000,0.18
1696723200000,0.18
1696726800000,0.19
1696730400000,0.16
1696734000000,0.2
1696737600000,0.17
1696741200000,0.17
1696744800000,0.56
1696748400000,0.58
1696752000000,0.25
1696755600000,0.26
1696759200000,0.34
1696762800000,0.82
1696766400000,0.3
1696770000000,0.32
1696773600000,0.77
1696777200000,1.67
1696780800000,0.34
1696784400000,0.79
1696788000000,0.3
1696791600000,0.32
1696795200000,0.47
1696798800000,0.89
1696802400000,1.39
1696806000000,1.16
1696809600000,1.04
1696813200000,0.43
1696816800000,0.19
1696820400000,0.18
1696824000000,0.17
1696827600000,0.18
1696831200000,0.18
1696834800000,0.39
1696838400000,0.41
1696842000000,0.34
1696845600000,0.36
1696849200000,0.92
1696852800000,1.06
1696856400000,0.32
1696860000000,0.4
1696863600000,0.71
1696867200000,0.55
1696870800000,1.15
1696874400000,0.32
1696878000000,0.33
1696881600000,0.3
1696885200000,0.28
1696888800000,0.19
1696892400000,0.17
1696896000000,0.19
1696899600000,0.18
1696903200000,0.35
1696906800000,1.32
1696910400000,1.16
1696914000000,0.75
1696917600000,0.43
1696921200000,0.84
1696924800000,0.51
1696928400000,0.66
1696932000000,0.39
1696935600000,0.7
1696939200000,0.47
1696942800000,0.39
1696946400000,0.26
1696950000000,0.45
1696953600000,1.25
1696957200000,1.15
1696960800000,0.66
1696964400000,0.67
1696968000000,0.34
1696971600000,0.3
1696975200000,1.06
1696978800000,0.18
1696982400000,0.17
1696986000000,0.18
1696989600000,0.18
1696993200000,0.18
1696996800000,0.18
1697000400000,0.17
1697004000000,1.73
1697007600000,1.35
1697011200000,0.99
1697014800000,0.18
1697018400000,0.17
1697022000000,0.19
1697025600000,0.2
1697029200000,0.39
1697032800000,0.27
1697036400000,0.26
1697040000000,0.28
1697043600000,1.2
1697047200000,0.42
1697050800000,0.42
1697054400000,0.4
1697058000000,0.39
1697061600000,1.08
1697065200000,0.21
1697068800000,0.23
1697072400000,0.19
1697076000000,0.22
1697079600000,0.23
1697083200000,0.21
1697086800000,0.58
1697090400000,0.48
1697094000000,0.35
1697097600000,0.74
1697101200000,0.64
1697104800000,0.33
1697108400000,0.24
1697112000000,0.21
1697115600000,0.22
1697119200000,0.69
1697122800000,0.27
1697126400000,1.04
1697130000000,2
1697133600000,1.02
1697137200000,0.42
1697140800000,0.56
1697144400000,0.88
1697148000000,0.6
1697151600000,0.2
1697155200000,0.19
1697158800000,0.16
1697162400000,0.2
1697166000000,0.18
1697169600000,0.17
1697173200000,0.19
1697176800000,0.34
1697180400000,0.52
1697184000000,0.53
1697187600000,0.19
1697191200000,0.19
1697194800000,0.2
1697198400000,0.31
1697202000000,0.22
1697205600000,0.25
1697209200000,0.24
1697212800000,0.19
1697216400000,0.55
1697220000000,0.39
1697223600000,0.45
1697227200000,0.47
1697230800000,0.5
1697234400000,0.38
1697238000000,0.27
1697241600000,0.2
1697245200000,0.17
1697248800000,0.19
1697252400000,0.18
1697256000000,0.19
1697259600000,0.17
1697263200000,0.45
1697266800000,0.2
1697270400000,0.27
1697274000000,0.31
1697277600000,0.57
1697281200000,0.31
1697284800000,0.19
1697288400000,0.2
1697292000000,0.19
1697295600000,0.19
1697299200000,0.23
1697302800000,0.33
1697306400000,0.48
1697310000000,0.46
1697313600000,0.44
1697317200000,0.43
1697320800000,0.34
1697324400000,0.19
1697328000000,0.2
1697331600000,0.17
1697335200000,0.21
1697338800000,0.18
1697342400000,0.19
1697346000000,0.19
1697349600000,0.21
1697353200000,0.37
1697356800000,0.3
1697360400000,0.63
1697364000000,0.59
1697367600000,0.77
1697371200000,0.73
1697374800000,1.21
1697378400000,0.82
1697382000000,0.9
1697385600000,0.78
1697389200000,0.94
1697392800000,0.85
1697396400000,0.41
1697400000000,0.48
1697403600000,0.48
1697407200000,0.89
1697410800000,0.21
1697414400000,0.17
1697418000000,1.38
1697421600000,1.25
1697425200000,1.11
1697428800000,0.65
1697432400000,0.23
1697436000000,0.36
1697439600000,0.5
1697443200000,0.38
1697446800000,1.46
1697450400000,1.91
1697454000000,1.34
1697457600000,1.24
1697461200000,0.82
1697464800000,0.22
1697468400000,1.05
1697472000000,0.37
1697475600000,0.54
1697479200000,1.21
1697482800000,1.78
1697486400000,0.44
1697490000000,0.91
1697493600000,0.35
1697497200000,0.23
1697500800000,0.21
1697504400000,0.21
1697508000000,1.07
1697511600000,1.2
1697515200000,0.85
1697518800000,0.67
1697522400000,1.63
1697526000000,1.54
1697529600000,0.52
1697533200000,0.29
1697536800000,0.73
1697540400000,0.55
1697544000000,0
1697547600000,2.43
1697551200000,0.2
1697554800000,0.25
1697558400000,1
1697562000000,0.71
1697565600000,0.45
1697569200000,0.36
1697572800000,0.83
1697576400000,0.77
1697580000000,0.52
1697583600000,0.71
1697587200000,0.2
1697590800000,1.18
1697594400000,1.91
1697598000000,1.74
1697601600000,0.87
1697605200000,0.78
1697608800000,0.56
1697612400000,0.29
1697616000000,0.2
1697619600000,0.25
1697623200000,0.23
1697626800000,0.39
1697630400000,0.26
1697634000000,0.28
1697637600000,0.24
1697641200000,0.96
1697644800000,1.12
1697648400000,0.75
1697652000000,0.28
1697655600000,0.35
1697659200000,0.43
1697662800000,0.4
1697666400000,1
1697670000000,1.37
1697673600000,1.14
1697677200000,0.24
1697680800000,0.19
1697684400000,0.19
1697688000000,0.19
1697691600000,0.19
1697695200000,1.26
1697698800000,0.42
1697702400000,0.2
1697706000000,0.76
1697709600000,0.24
1697713200000,0.36
1697716800000,0.24
1697720400000,0.24
1697724000000,0.22
1697727600000,0.18
1697731200000,0.2
1697734800000,1.14
1697738400000,1.84
1697742000000,1.34
1697745600000,0.37
1697749200000,0.31
1697752800000,1.12
1697756400000,0.2
1697760000000,0.18
1697763600000,0.2
1697767200000,0.18
1697770800000,0.2
1697774400000,0.18
1697778000000,0.21
1697781600000,0.4
1697785200000,0.26
1697788800000,0.27
1697792400000,0.23
1697796000000,0.71
1697799600000,0.44
1697803200000,0.89
1697806800000,0.22
1697810400000,0.23
1697814000000,0.24
1697817600000,0.31
1697821200000,1.03
1697824800000,1.08
1697828400000,0.51
1697832000000,0.69
1697835600000,1.18
1697839200000,1.04
1697842800000,0.18
1697846400000,0.2
1697850000000,0.22
1697853600000,0.19
1697857200000,0.2
1697860800000,0.18
1697864400000,0.21
1697868000000,0.46
1697871600000,0.32
1697875200000,0.36
1697878800000,0.91
1697882400000,0.85
1697886000000,0.5
1697889600000,0.22
1697893200000,0.24
1697896800000,0.19
1697900400000,0.23
1697904000000,0.24
1697907600000,2.19
1697911200000,0.54
1697914800000,1.12
1697918400000,0.52
1697922000000,0.45
1697925600000,1.25
1697929200000,0.29
1697932800000,0.19
1697936400000,0.2
1697940000000,0.22
1697943600000,0.17
1697947200000,0.2
1697950800000,0.78
1697954400000,0.66
1697958000000,0.27
1697961600000,1.27
1697965200000,0.6
1697968800000,2
1697972400000,2.63
1697976000000,0.4
1697979600000,0.32
1697983200000,0.33
1697986800000,0.26
1697990400000,0.55
1697994000000,1.16
1697997600000,0.9
1698001200000,0.51
1698004800000,0.44
1698008400000,0.43
1698012000000,0.68
1698015600000,0.27
1698019200000,0.22
1698022800000,0.22
1698026400000,0.22
1698030000000,0.22
1698033600000,0.22
1698037200000,0.2
1698040800000,1.25
1698044400000,1.5
1698048000000,0.81
1698051600000,0.38
1698055200000,0.45
1698058800000,1.31
1698062400000,1.38
1698066000000,0.43
1698069600000,0.31
1698073200000,0.29
1698076800000,0.29
1698080400000,1.11
1698084000000,0.39
1698087600000,0.4
1698091200000,0.36
1698094800000,0.36
1698098400000,0.81
1698102000000,0.71
1698105600000,0.23
1698109200000,0.38
1698112800000,0.33
1698116400000,0.27
1698120000000,0.26
1698123600000,0.27
1698127200000,0.7
1698130800000,0.48
1698134400000,0.88
1698138000000,0.96
1698141600000,0.82
1698145200000,0.53
1698148800000,0.48
1698152400000,1.03
1698156000000,0.35
1698159600000,0.34
1698163200000,0.39
1698166800000,1.11
1698170400000,0.29
1698174000000,0.31
1698177600000,0.92
1698181200000,0.66
1698184800000,0.37
1698188400000,1.05
1698192000000,0.18
1698195600000,0.18
1698199200000,0.62
1698202800000,0.19
1698206400000,0.17
1698210000000,0.18
1698213600000,1.1
1698217200000,1.52
1698220800000,1.3
1698224400000,0.48
1698228000000,1.12
1698231600000,0.33
1698235200000,0.23
1698238800000,0.21
1698242400000,0.17
1698246000000,0.21
1698249600000,0.22
1698253200000,1.01
1698256800000,0.45
1698260400000,0.4
1698264000000,0.32
1698267600000,0.29
1698271200000,1.27
1698274800000,0.4
1698278400000,0.16
1698282000000,0.2
1698285600000,0.18
1698289200000,0.19
1698292800000,0.17
1698296400000,0.19
1698300000000,0.86
1698303600000,0.41
1698307200000,1.08
1698310800000,0.54
1698314400000,1.07
1698318000000,1.16
1698321600000,1.72
1698325200000,1.15
1698328800000,0.66
1698332400000,0.53
1698336000000,0.7
1698339600000,1.24
1698343200000,0.38
1698346800000,0.33
1698350400000,0.3
1698354000000,0.75
1698357600000,0.9
1698361200000,0.19
1698364800000,0.17
1698368400000,0.18
1698372000000,0.5
1698375600000,0.8
1698379200000,0.18
1698382800000,0.18
1698386400000,0.35
1698390000000,0.33
1698393600000,0.37
1698397200000,0.92
1698400800000,0.31
1698404400000,0.28
1698408000000,0.31
1698411600000,0.91
1698415200000,1.48
1698418800000,1.16
1698422400000,0.89
1698426000000,1.26
1698429600000,0.35
1698433200000,0.42
1698436800000,0.33
1698440400000,0.34
1698444000000,0.76
1698447600000,0.16
1698451200000,0.2
1698454800000,0.17
1698458400000,0.2
1698462000000,0.17
1698465600000,0.18
1698469200000,0.19
1698472800000,1.43
1698476400000,1.6
1698480000000,1.31
1698483600000,0.21
1698487200000,0.29
1698490800000,0.32
1698494400000,0.3
1698498000000,0.32
1698501600000,0.94
1698505200000,0.35
1698508800000,0.42
1698512400000,1.24
1698516000000,0.92
1698519600000,0.89
1698523200000,0.49
1698526800000,1.1
1698530400000,0.77
1698534000000,0.18
1698537600000,0.17
1698541200000,0.2
1698544800000,0.17
1698548400000,0.21
1698552000000,1.29
1698555600000,1.63
1698559200000,1.24
1698562800000,0.49
1698566400000,0.97
1698570000000,0.47
1698573600000,0.19
1698577200000,0.49
1698580800000,0.51
1698584400000,1.06
1698588000000,0.79
1698591600000,0.2
1698595200000,0.37
1698598800000,0.48
1698602400000,1.37
1698606000000,0.92
1698609600000,0.58
1698613200000,0.32
1698616800000,0.3
1698620400000,0.76
1698624000000,0.28
1698627600000,0.2
1698631200000,0.17
1698634800000,0.2
1698638400000,0.17
1698642000000,0.2
1698645600000,0.18
1698649200000,0.44
1698652800000,0.2
1698656400000,0.25
1698660000000,0.24
1698663600000,0.21
1698667200000,0.26
1698670800000,0.39
1698674400000,0.29
1698678000000,0.2
1698681600000,0.26
1698685200000,0.49
1698688800000,0.51
1698692400000,0.62
1698696000000,0.42
1698699600000,0.31
1698703200000,0.28
1698706800000,0.24
1698710400000,0.21
1698714000000,0.17
1698717600000,0.2
1698721200000,0.17
1698724800000,0.21
1698728400000,0.17
1698732000000,0.2
1698735600000,0.7
1698739200000,0.89
1698742800000,0.35
1698746400000,0.49
1698750000000,0.18
1698753600000,0.31
1698757200000,0.21
1698760800000,0.2
1698764400000,0.23
1698768000000,0.98
1698771600000,1.01
1698775200000,0.46
1698778800000,0.2
1698782400000,0.68
1698786000000,1.57
1698789600000,1.58
1698793200000,0.8
1698796800000,1.41
1698800400000,0.25
1698804000000,0.21
1698807600000,0.18
1698811200000,0.21
1698814800000,0.18
1698818400000,0.2
1698822000000,1.89
1698825600000,1.53
1698829200000,1.08
1698832800000,1.31
1698836400000,0.81
1698840000000,0.82
1698843600000,0.9
1698847200000,0.75
1698850800000,1.26
1698854400000,0.46
1698858000000,0.92
1698861600000,0.95
1698865200000,0.4
1698868800000,0.49
1698872400000,0.83
1698876000000,1.29
1698879600000,1.25
1698883200000,0.31
1698886800000,0.23
1698890400000,0.2
1698894000000,0.19
1698897600000,0.2
1698901200000,0.18
1698904800000,0.21
1698908400000,0.7
1698912000000,1.16
1698915600000,2.23
1698919200000,1.47
1698922800000,1.15
1698926400000,1.15
1698930000000,1.29
1698933600000,0.95
1698937200000,0.49
1698940800000,1.06
1698944400000,1.59
1698948000000,0.87
1698951600000,0.44
1698955200000,0.4
1698958800000,0.33
1698962400000,0.36
1698966000000,1.64
1698969600000,0.53
1698973200000,0.17
1698976800000,0.22
1698980400000,0.17
1698984000000,0.22
1698987600000,0.51
1698991200000,0.87
1698994800000,1.5
1698998400000,1.09
1699002000000,0.66
1699005600000,0.27
1699009200000,0.75
1699012800000,0.68
1699016400000,0.56
1699020000000,1.05
1699023600000,0.51
1699027200000,0.32
1699030800000,0.31
1699034400000,0.77
1699038000000,0.71
1699041600000,0.46
1699045200000,0.31
1699048800000,0.41
1699052400000,1.17
1699056000000,0.19
1699059600000,0.21
1699063200000,0.18
1699066800000,1.37
1699070400000,1.59
1699074000000,1.58
1699077600000,1.14
1699081200000,0.59
1699084800000,0.25
1699088400000,0.22
1699092000000,0.76
1699095600000,0.61
1699099200000,1.3
1699102800000,0.65
1699106400000,0.47
1699110000000,0.58
1699113600000,0.33
1699117200000,0.78
1699120800000,0.52
1699124400000,0.42
1699128000000,0.85
1699131600000,0.79
1699135200000,0.38
1699138800000,0.25
1699142400000,0.21
1699146000000,0.19
1699149600000,1.26
1699153200000,1.28
1699156800000,1.16
1699160400000,0.7
1699164000000,0.34
1699167600000,0.31
1699171200000,0.22
1699174800000,0.49
1699178400000,0.97
1699182000000,0.63
1699185600000,0.91
1699189200000,0.71
1699192800000,1.45
1699196400000,0.37
1699200000000,0.37
1699203600000,0.38
1699207200000,0.96
1699210800000,0.36
1699214400000,1.32
1699218000000,0.74
1699221600000,0.31
1699225200000,0.47
1699228800000,1.18
1699232400000,1.3
1699236000000,1.09
1699239600000,0.97
1699243200000,1.09
1699246800000,1.08
1699250400000,0.7
1699254000000,0.49
1699257600000,0.18
1699261200000,0.2
1699264800000,0.25
1699268400000,0.35
1699272000000,0.23
1699275600000,0.24
1699279200000,0.25
1699282800000,0.25
1699286400000,1.3
1699290000000,0.47
1699293600000,0.84
1699297200000,0.94
1699300800000,0.73
1699304400000,0.34
1699308000000,0.3
1699311600000,0.25
1699315200000,0.21
1699318800000,0.54
1699322400000,1.35
1699326000000,1.19
1699329600000,1.13
1699333200000,1.74
1699336800000,0.74
1699340400000,0.37
1699344000000,0.2
1699347600000,0.25
1699351200000,0.74
1699354800000,0.26
1699358400000,0.55
1699362000000,0.3
1699365600000,0.31
1699369200000,0.36
1699372800000,0.95
1699376400000,0.54
1699380000000,0.86
1699383600000,1.49
1699387200000,0.41
1699390800000,0.7
1699394400000,0.48
1699398000000,1.18
1699401600000,0.66
1699405200000,0.18
1699408800000,0.2
1699412400000,0.18
1699416000000,1.24
1699419600000,1.63
1699423200000,1.13
1699426800000,0.72
1699430400000,0.24
1699434000000,0.23
1699437600000,0.67
1699441200000,0.33
1699444800000,1.05
1699448400000,0.27
1699452000000,0.23
1699455600000,0.25
1699459200000,0.32
1699462800000,0.44
1699466400000,0.84
1699470000000,0.41
1699473600000,0.34
1699477200000,0.34
1699480800000,0.81
1699484400000,1.54
1699488000000,1.12
1699491600000,1.47
1699495200000,1.27
1699498800000,1.11
1699502400000,0.27
1699506000000,0.9
1699509600000,0.68
1699513200000,0.74
1699516800000,0.4
1699520400000,0.56
1699524000000,0.19
1699527600000,0.8
1699531200000,0.4
1699534800000,0.84
1699538400000,0.23
1699542000000,0.2
1699545600000,0.39
1699549200000,0.28
1699552800000,0.82
1699556400000,0.39
1699560000000,0.36
1699563600000,0.34
1699567200000,0.77
1699570800000,1.65
1699574400000,1.65
1699578000000,1.35
1699581600000,1.08
1699585200000,0.36
1699588800000,0.18
1699592400000,0.19
1699596000000,0.18
1699599600000,0.53
1699603200000,0.75
1699606800000,1.32
1699610400000,0.47
1699614000000,0.73
1699617600000,0.61
1699621200000,0.39
1699624800000,0.16
1699628400000,0.61
1699632000000,1.3
1699635600000,1.53
1699639200000,1.02
1699642800000,0.44
1699646400000,0.34
1699650000000,0.39
1699653600000,0.62
1699657200000,0.41
1699660800000,0.2
1699664400000,0.17
1699668000000,0.18
1699671600000,0.19
1699675200000,0.49
1699678800000,1.41
1699682400000,1.99
1699686000000,1.95
1699689600000,1.19
1699693200000,0.53
1699696800000,0.23
1699700400000,0.54
1699704000000,0.58
1699707600000,0.68
1699711200000,0.28
1699714800000,0.48
1699718400000,0.66
1699722000000,0.72
1699725600000,0.76
1699729200000,1.05
1699732800000,1.43
1699736400000,2.5
1699740000000,2.04
1699743600000,1.63
1699747200000,0.29
1699750800000,0.2
1699754400000,0.18
1699758000000,0.19
1699761600000,0.2
1699765200000,0.21
1699768800000,0.22
1699772400000,1.48
1699776000000,2.12
1699779600000,1.72
1699783200000,1.33
1699786800000,0.92
1699790400000,0.38
1699794000000,0.7
1699797600000,0.32
1699801200000,0.25
1699804800000,0.35
1699808400000,0.34
1699812000000,0.52
1699815600000,0.53
1699819200000,1.27
1699822800000,1.24
1699826400000,0.66
1699830000000,0.3
1699833600000,1.2
1699837200000,1.21
1699840800000,1.29
1699844400000,1.04
1699848000000,1.05
1699851600000,0.65
1699855200000,0.58
1699858800000,1.42
1699862400000,1
1699866000000,0.45
1699869600000,0.37
1699873200000,1.08
1699876800000,0.86
1699880400000,0.75
1699884000000,0.27
1699887600000,0.79
1699891200000,0.38
1699894800000,0.38
1699898400000,1.29
1699902000000,1.33
1699905600000,2.14
1699909200000,1.53
1699912800000,1.18
1699916400000,0.78
1699920000000,0.2
1699923600000,0.18
1699927200000,0.19
1699930800000,0.18
1699934400000,0.2
1699938000000,0.17
1699941600000,0.2
1699945200000,1.12
1699948800000,0.68
1699952400000,0.43
1699956000000,1.43
1699959600000,1.25
1699963200000,0.61
1699966800000,0.32
1699970400000,0.64
1699974000000,1.1
1699977600000,1.73
1699981200000,0.93
1699984800000,1.05
1699988400000,0.35
1699992000000,0.27
1699995600000,0.42
1699999200000,0.29
1700002800000,1.23
1700006400000,0.17
1700010000000,0.19
1700013600000,1
1700017200000,1.16
1700020800000,1.15
1700024400000,1.47
1700028000000,0.54
1700031600000,0.38
1700035200000,1.27
1700038800000,1.31
1700042400000,0.92
1700046000000,1.34
1700049600000,0.88
1700053200000,0.84
1700056800000,0.85
1700060400000,0.82
1700064000000,0.48
1700067600000,0.65
1700071200000,1.32
1700074800000,0.63
1700078400000,1.32
1700082000000,0.61
1700085600000,0.83
1700089200000,1.04
1700092800000,0.21
1700096400000,0.74
1700100000000,1.21
1700103600000,1.09
1700107200000,1
1700110800000,1.25
1700114400000,1.13
1700118000000,0.87
1700121600000,0.3
1700125200000,0.26
1700128800000,0.25
1700132400000,0.54
1700136000000,0.32
1700139600000,0.27
1700143200000,0.72
1700146800000,0.11
1700150400000,0.43
1700154000000,0.5
1700157600000,0.88
1700161200000,0.33
1700164800000,0.37
1700168400000,0.34
1700172000000,0.58
1700175600000,1.18
1700179200000,0.96
1700182800000,0.57
1700186400000,0.17
1700190000000,0.19
1700193600000,0.18
1700197200000,0.18
1700200800000,0.82
1700204400000,1.3
1700208000000,0.32
1700211600000,0.69
1700215200000,0.16
1700218800000,0.85
1700222400000,1.2
1700226000000,1.17
1700229600000,1.78
1700233200000,2.06
1700236800000,1.66
1700240400000,1.56
1700244000000,1.48
1700247600000,0.8
1700251200000,0.76
1700254800000,0.65
1700258400000,0.35
1700262000000,0.72
1700265600000,1.05
1700269200000,1.05
1700272800000,0.48
1700276400000,0.22
1700280000000,0.23
1700283600000,0.72
1700287200000,1.83
1700290800000,2.02
1700294400000,1.09
1700298000000,1.71
1700301600000,2.07
1700305200000,0.99
1700308800000,0.78
1700312400000,1.29
1700316000000,1.42
1700319600000,2.04
1700323200000,1.39
1700326800000,1.99
1700330400000,0.63
1700334000000,1.15
1700337600000,0.52
1700341200000,0.53
1700344800000,0.32
1700348400000,0.3
1700352000000,0.2
1700355600000,0.22
1700359200000,0.21
1700362800000,0.8
1700366400000,1.29
1700370000000,1.4
1700373600000,1.71
1700377200000,0.98
1700380800000,0.42
1700384400000,0.72
1700388000000,0.64
1700391600000,0.18
1700395200000,0.2
1700398800000,0.15
1700402400000,0.17
1700406000000,0.19
1700409600000,0.18
1700413200000,0.22
1700416800000,0.27
1700420400000,2
1700424000000,0.93
1700427600000,0.52
1700431200000,0.8
1700434800000,0.18
1700438400000,0.2
1700442000000,0.17
1700445600000,0.21
1700449200000,0.22
1700452800000,1.19
1700456400000,1.05
1700460000000,1.67
1700463600000,1.43
1700467200000,0.27
1700470800000,0.5
1700474400000,1.06
1700478000000,1.19
1700481600000,1.02
1700485200000,1.03
1700488800000,0.59
1700492400000,0.27
1700496000000,0.3
1700499600000,0.77
1700503200000,0.63
1700506800000,0.83
1700510400000,1.13
1700514000000,0.73
1700517600000,0.37
1700521200000,0.98
1700524800000,1.16
1700528400000,0.76
1700532000000,0.22
1700535600000,0.2
1700539200000,0.71
1700542800000,1.31
1700546400000,1.42
1700550000000,1.66
1700553600000,1.36
1700557200000,0.81
1700560800000,0.2
1700564400000,0.18
1700568000000,0.3
1700571600000,0.18
1700575200000,0.19
1700578800000,0.19
1700582400000,0.88
1700586000000,0.69
1700589600000,0.3
1700593200000,1.1
1700596800000,0.26
1700600400000,0.58
1700604000000,0.43
1700607600000,0.51
1700611200000,1.23
1700614800000,0.53
1700618400000,0.21
1700622000000,0.64
1700625600000,1.39
1700629200000,0.86
1700632800000,1.27
1700636400000,1.62
1700640000000,1.49
1700643600000,0.57
1700647200000,0.98
1700650800000,0.85
1700654400000,0.95
1700658000000,0.62
1700661600000,0.29
1700665200000,0.29
1700668800000,1.3
1700672400000,1.02
1700676000000,0.32
1700679600000,0.74
1700683200000,0.42
1700686800000,0.32
1700690400000,0.34
1700694000000,0.37
1700697600000,0.37
1700701200000,0.91
1700704800000,0.54
1700708400000,0.57
1700712000000,1.34
1700715600000,1.18
1700719200000,0.72
1700722800000,1.39
1700726400000,0.72
1700730000000,1.73
1700733600000,1.18
1700737200000,0.53
1700740800000,0.38
1700744400000,0.21
1700748000000,0.92
1700751600000,0.72
1700755200000,0.75
1700758800000,0.37
1700762400000,0.37
1700766000000,0.63
1700769600000,0.56
1700773200000,0.35
1700776800000,0.35
1700780400000,1
1700784000000,1.54
1700787600000,1.46
1700791200000,0.63
1700794800000,0.65
1700798400000,1.25
1700802000000,1.73
1700805600000,0.9
1700809200000,1.34
1700812800000,1.24
1700816400000,1.14
1700820000000,1.1
1700823600000,0.76
1700827200000,0.82
1700830800000,0.7
1700834400000,1.05
1700838000000,1.18
1700841600000,0.43
1700845200000,0.38
1700848800000,0.37
1700852400000,0.61
1700856000000,0.34
1700859600000,0.46
1700863200000,1.31
1700866800000,0.87
1700870400000,1.03
1700874000000,1.24
1700877600000,1.14
1700881200000,0.99
1700884800000,1.33
1700888400000,1.95
1700892000000,1.68
1700895600000,0.8
1700899200000,1.25
1700902800000,0.61
1700906400000,1.34
1700910000000,1.64
1700913600000,1.59
1700917200000,1.3
1700920800000,1.14
1700924400000,1.38
1700928000000,2.09
1700931600000,1.38
1700935200000,0.33
1700938800000,0.96
1700942400000,0.72
1700946000000,0.42
1700949600000,0.71
1700953200000,0.44
1700956800000,1.1
1700960400000,0.52
1700964000000,0.45
1700967600000,1.24
1700971200000,1.6
1700974800000,1.01
1700978400000,1.58
1700982000000,1.1
1700985600000,1.02
1700989200000,0.76
1700992800000,0.85
1700996400000,1.94
1701000000000,3.59
1701003600000,1.13
1701007200000,0.94
1701010800000,1.76
1701014400000,2.03
1701018000000,1.29
1701021600000,0.96
1701025200000,1.93
1701028800000,0.8
1701032400000,0.37
1701036000000,0.29
1701039600000,0.25
1701043200000,0.25
1701046800000,0.26
1701050400000,0.24
1701054000000,0.62
1701057600000,0.26
1701061200000,0.37
1701064800000,0.34
1701068400000,0.52
1701072000000,0.4
1701075600000,0.34
1701079200000,0.34
1701082800000,0.32
1701086400000,0.39
1701090000000,0.34
1701093600000,0.28
1701097200000,1.48
1701100800000,0.93
1701104400000,1.05
1701108000000,0.9
1701111600000,0.82
1701115200000,1.12
1701118800000,1.01
1701122400000,0.7
1701126000000,0.32
1701129600000,0.25
1701133200000,0.23
1701136800000,0.25
1701140400000,0.25
1701144000000,0.23
1701147600000,1.47
1701151200000,0.5
1701154800000,0.41
1701158400000,0.81
1701162000000,1.01
1701165600000,0.29
1701169200000,0.34
1701172800000,0.24
1701176400000,0.24
1701180000000,0.91
1701183600000,0.85
1701187200000,0.82
1701190800000,0.81
1701194400000,0.41
1701198000000,1.13
1701201600000,0.38
1701205200000,0.41
1701208800000,0.33
1701212400000,0.29
1701216000000,0.76
1701219600000,0.93
1701223200000,1.5
1701226800000,0.65
1701230400000,1.22
1701234000000,1.01
1701237600000,0.9
1701241200000,1.03
1701244800000,1.64
1701248400000,0.86
1701252000000,0.34
1701255600000,0.27
1701259200000,0.28
1701262800000,0.22
1701266400000,0.42
1701270000000,0.86
1701273600000,1.07
1701277200000,1.33
1701280800000,0.5
1701284400000,0.48
1701288000000,0.97
1701291600000,0.52
1701295200000,0.33
1701298800000,0.27
1701302400000,0.25
1701306000000,0.2
1701309600000,0.22
1701313200000,0.19
1701316800000,0.2
1701320400000,1.4
1701324000000,0.96
1701327600000,1.63
1701331200000,0.76
1701334800000,1.67
1701338400000,1.07
1701342000000,1.12
1701345600000,1.13
1701349200000,1.25
1701352800000,1.33
1701356400000,1.56
1701360000000,1.84
1701363600000,1.96
1701367200000,0.65
1701370800000,0.74
1701374400000,0.97
1701378000000,0.39
1701381600000,0.35
1701385200000,0.27
1701388800000,0.22
1701392400000,0.23
1701396000000,0.21
1701399600000,0.22
1701403200000,0.23
1701406800000,1.25
1701410400000,1.59
1701414000000,2.02
1701417600000,1.85
1701421200000,1.51
1701424800000,0.47
1701428400000,0.5
1701432000000,0.18
1701435600000,0.2
1701439200000,0.44
1701442800000,1.62
1701446400000,1.45
1701450000000,1.25
1701453600000,0.63
1701457200000,0.98
1701460800000,0.66
1701464400000,0.59
1701468000000,0.32
1701471600000,0.29
1701475200000,0.19
1701478800000,0.21
1701482400000,0.21
1701486000000,0.21
1701489600000,0.21
1701493200000,1.08
1701496800000,1.58
1701500400000,1.72
1701504000000,1.25
1701507600000,0.67
1701511200000,0.26
1701514800000,1.23
1701518400000,1.18
1701522000000,0.67
1701525600000,1.52
1701529200000,1.59
1701532800000,1.28
1701536400000,2.02
1701540000000,0.62
1701543600000,1.86
1701547200000,1.58
1701550800000,1.89
1701554400000,1.91
1701558000000,1.37
1701561600000,0.99
1701565200000,1.23
1701568800000,1.32
1701572400000,0.57
1701576000000,1.78
1701579600000,1.02
1701583200000,1.14
1701586800000,0.99
1701590400000,1.69
1701594000000,0.84
1701597600000,1.14
1701601200000,1.24
1701604800000,0.64
1701608400000,0.2
1701612000000,0.34
1701615600000,0.92
1701619200000,2.1
1701622800000,1.3
1701626400000,0.8
1701630000000,1.3
1701633600000,1.03
1701637200000,0.52
1701640800000,0.38
1701644400000,0.45
1701648000000,0.89
1701651600000,0.66
1701655200000,0.67
1701658800000,0.21
1701662400000,0.22
1701666000000,0.52
1701669600000,0.63
1701673200000,0.47
1701676800000,0.31
1701680400000,0.36
1701684000000,0.57
1701687600000,1.41
1701691200000,0.87
1701694800000,0.92
1701698400000,0.31
1701702000000,0.25
1701705600000,0.3
1701709200000,0.31
1701712800000,0.41
1701716400000,1.05
1701720000000,0.34
1701723600000,0.65
1701727200000,0.66
1701730800000,0.31
1701734400000,0.19
1701738000000,0.21
1701741600000,0.21
1701745200000,0.19
1701748800000,0.22
1701752400000,1.11
1701756000000,1.15
1701759600000,1.9
1701763200000,0.82
1701766800000,1.11
1701770400000,1.05
1701774000000,1.07
1701777600000,1.66
1701781200000,1
1701784800000,0.95
1701788400000,1.07
1701792000000,1.23
1701795600000,1.52
1701799200000,0.57
1701802800000,1.04
1701806400000,0.65
1701810000000,1.11
1701813600000,1.28
1701817200000,0.62
1701820800000,0.24
1701824400000,0.22
1701828000000,0.21
1701831600000,0.2
1701835200000,0.41
1701838800000,1.78
1701842400000,1.28
1701846000000,1.63
1701849600000,0.81
1701853200000,1.18
1701856800000,1.25
1701860400000,0.95
1701864000000,0.85
1701867600000,0.86
1701871200000,1.23
1701874800000,1.05
1701878400000,1.69
1701882000000,1.53
1701885600000,0.48
1701889200000,0.67
1701892800000,1
1701896400000,0.82
1701900000000,0.38
1701903600000,0.35
1701907200000,0.23
1701910800000,0.21
1701914400000,0.2
1701918000000,0.21
1701921600000,0.21
1701925200000,1.5
1701928800000,2.07
1701932400000,2.06
1701936000000,1.03
1701939600000,1.69
1701943200000,1.25
1701946800000,0.94
1701950400000,1.26
1701954000000,1.07
1701957600000,0.9
1701961200000,1.03
1701964800000,1.92
1701968400000,1
1701972000000,0.4
1701975600000,0.44
1701979200000,0.27
1701982800000,1.08
1701986400000,0.72
1701990000000,0.32
1701993600000,0.22
1701997200000,0.21
1702000800000,0.2
1702004400000,0.22
1702008000000,0.21
1702011600000,1.36
1702015200000,0.8
1702018800000,0.98
1702022400000,1.4
1702026000000,0.76
1702029600000,0.25
1702033200000,0.91
1702036800000,0.71
1702040400000,1.02
1702044000000,0.39
1702047600000,0.78
1702051200000,0.97
1702054800000,0.99
1702058400000,0.36
1702062000000,1.2
1702065600000,0.49
1702069200000,0.59
1702072800000,0.29
1702076400000,0.22
1702080000000,0.22
1702083600000,0.23
1702087200000,0.2
1702090800000,0.21
1702094400000,0.22
1702098000000,1.32
1702101600000,1.84
1702105200000,1.23
1702108800000,1.6
1702112400000,1.5
1702116000000,0.26
1702119600000,1.88
1702123200000,0.41
1702126800000,0.21
1702130400000,0.91
1702134000000,1.04
1702137600000,1.53
1702141200000,0.78
1702144800000,0.37
1702148400000,1
1702152000000,0.42
1702155600000,0.42
1702159200000,0.34
1702162800000,0.26
1702166400000,0.2
1702170000000,0.2
1702173600000,0.2
1702177200000,0.22
1702180800000,0.21
1702184400000,1.17
1702188000000,1.58
1702191600000,1.64
1702195200000,1.46
1702198800000,0.73
1702202400000,0.21
1702206000000,0.24
1702209600000,0.47
1702213200000,0.38
1702216800000,0.5
1702220400000,0.81
1702224000000,0.48
1702227600000,1.09
1702231200000,1.02
1702234800000,1.32
1702238400000,0.5
1702242000000,0.34
1702245600000,0.36
1702249200000,0.25
1702252800000,0.22
1702256400000,0.98
1702260000000,0.95
1702263600000,1.12
1702267200000,0.92
1702270800000,0.83
1702274400000,1.66
1702278000000,1.31
1702281600000,1
1702285200000,1.58
1702288800000,0.37
1702292400000,1.2
1702296000000,0.7
1702299600000,0.4
1702303200000,0.29
1702306800000,0.82
1702310400000,0.98
1702314000000,1.54
1702317600000,0.43
1702321200000,1.11
1702324800000,0.35
1702328400000,0.4
1702332000000,0.85
1702335600000,0.64
1702339200000,0.25
1702342800000,0.21
1702346400000,0.2
1702350000000,0.21
1702353600000,0.19
1702357200000,1.55
1702360800000,2.2
1702364400000,1.1
1702368000000,1.53
1702371600000,1.38
1702375200000,0.89
1702378800000,0.74
1702382400000,0.3
1702386000000,0.34
1702389600000,0.25
1702393200000,0.24
1702396800000,0.27
1702400400000,1.3
1702404000000,0.56
1702407600000,0.43
1702411200000,0.34
1702414800000,0.26
1702418400000,0.3
1702422000000,0.29
1702425600000,0.18
1702429200000,0.18
1702432800000,0.18
1702436400000,0.19
1702440000000,0.67
1702443600000,1.33
1702447200000,2.09
1702450800000,1.5
1702454400000,2.18
1702458000000,1.2
1702461600000,0.78
1702465200000,0.27
1702468800000,0.32
1702472400000,0.28
1702476000000,0.24
1702479600000,0.88
1702483200000,0.71
1702486800000,0.54
1702490400000,0.36
1702494000000,0.79
1702497600000,0.82
1702501200000,0.32
1702504800000,0.26
1702508400000,0.26
1702512000000,0.18
1702515600000,0.19
1702519200000,0.19
1702522800000,0.19
1702526400000,0.2
1702530000000,0.74
1702533600000,1.47
1702537200000,1.42
1702540800000,1.58
1702544400000,0.19
1702548000000,0.18
1702551600000,0.2
1702555200000,0.41
1702558800000,1.31
1702562400000,1.09
1702566000000,1.01
1702569600000,0.36
1702573200000,0.29
1702576800000,0.66
1702580400000,0.9
1702584000000,0.74
1702587600000,0.61
1702591200000,0.34
1702594800000,0.26
1702598400000,0.53
1702602000000,0.67
1702605600000,0.19
1702609200000,0.2
1702612800000,0.17
1702616400000,0.81
1702620000000,1.67
1702623600000,1.27
1702627200000,2.56
1702630800000,1.69
1702634400000,0.98
1702638000000,0.99
1702641600000,0.91
1702645200000,1.28
1702648800000,0.57
1702652400000,0.39
1702656000000,0.38
1702659600000,1.37
1702663200000,0.86
1702666800000,1.61
1702670400000,1.78
1702674000000,1.21
1702677600000,0.98
1702681200000,0.39
1702684800000,0.21
1702688400000,0.2
1702692000000,0.21
1702695600000,0.22
1702699200000,0.19
1702702800000,0.92
1702706400000,1.29
1702710000000,0.89
1702713600000,1.72
1702717200000,1
1702720800000,0.45
1702724400000,0.35
1702728000000,0.55
1702731600000,1.24
1702735200000,0.2
1702738800000,0.51
1702742400000,1.32
1702746000000,1.48
1702749600000,0.31
1702753200000,0.98
1702756800000,0.26
1702760400000,0.47
1702764000000,0.91
1702767600000,0.3
1702771200000,0.22
1702774800000,0.2
1702778400000,0.2
1702782000000,0.73
1702785600000,1.37
1702789200000,1.26
1702792800000,1.44
1702796400000,1.87
1702800000000,1.82
1702803600000,1.57
1702807200000,0.3
1702810800000,0.21
1702814400000,0.18
1702818000000,0.21
1702821600000,1.08
1702825200000,0.68
1702828800000,0.41
1702832400000,0.62
1702836000000,0.48
1702839600000,1.29
1702843200000,1.01
1702846800000,0.39
1702850400000,0.38
1702854000000,0.31
1702857600000,0.22
1702861200000,0.2
1702864800000,0.21
1702868400000,0.19
1702872000000,0.79
1702875600000,1.54
1702879200000,1.36
1702882800000,0.72
1702886400000,1.88
1702890000000,1.18
1702893600000,1.06
1702897200000,0.33
1702900800000,0.24
1702904400000,0.17
1702908000000,0.19
1702911600000,0.2
1702915200000,0.21
1702918800000,0
1702922400000,2.65
1702926000000,0.99
1702929600000,0.65
1702933200000,0.55
1702936800000,0.96
1702940400000,0.88
1702944000000,0.23
1702947600000,0.21
1702951200000,0.19
1702954800000,0.22
1702958400000,0.2
1702962000000,0.85
1702965600000,1.15
1702969200000,0.96
1702972800000,0.94
1702976400000,0.76
1702980000000,0.28
1702983600000,0.27
1702987200000,0.36
1702990800000,0.23
1702994400000,0.66
1702998000000,0.31
1703001600000,0.31
1703005200000,0.69
1703008800000,0.4
1703012400000,1.35
1703016000000,1.1
1703019600000,0.37
1703023200000,0.33
1703026800000,0.31
1703030400000,0.21
1703034000000,0.21
1703037600000,0.21
1703041200000,0.21
1703044800000,0.19
1703048400000,0.6
1703052000000,1.58
1703055600000,1.15
1703059200000,0.9
1703062800000,1.57
1703066400000,1.29
1703070000000,1.2
1703073600000,0.98
1703077200000,0.73
1703080800000,1.76
1703084400000,1.7
1703088000000,1.46
1703091600000,1.74
1703095200000,0.55
1703098800000,0.75
1703102400000,0.3
1703106000000,0.79
1703109600000,1.5
1703113200000,0.54
1703116800000,0.22
1703120400000,0.22
1703124000000,0.21
1703127600000,0.21
1703131200000,0.21
1703134800000,1.43
1703138400000,0.96
1703142000000,2.21
1703145600000,1.14
1703149200000,1.34
1703152800000,0.83
1703156400000,0.87
1703160000000,0.69
1703163600000,0.22
1703167200000,0.23
1703170800000,0.25
1703174400000,0.38
1703178000000,1.25
1703181600000,0.41
1703185200000,1.27
1703188800000,0.93
1703192400000,0.85
1703196000000,0.54
1703199600000,1.16
1703203200000,0.21
1703206800000,0.18
1703210400000,0.2
1703214000000,0.16
1703217600000,0.31
1703221200000,1.41
1703224800000,1.04
1703228400000,2.74
1703232000000,2.08
1703235600000,2.08
1703239200000,1.49
1703242800000,0.86
1703246400000,0.82
1703250000000,0.92
1703253600000,1.18
1703257200000,1.08
1703260800000,1.5
1703264400000,0.91
1703268000000,0.35
1703271600000,0.35
1703275200000,0.31
1703278800000,0.37
1703282400000,0.44
1703286000000,0.82
1703289600000,0.21
1703293200000,0.2
1703296800000,0.2
1703300400000,0.22
1703304000000,0.29
1703307600000,1.33
1703311200000,1.33
1703314800000,1.72
1703318400000,2
1703322000000,2.02
1703325600000,1.06
1703329200000,1.04
1703332800000,1.4
1703336400000,1.02
1703340000000,0.85
1703343600000,0.8
1703347200000,1.1
1703350800000,1.97
1703354400000,0.52
1703358000000,1.34
1703361600000,0.95
1703365200000,0.32
1703368800000,0.4
1703372400000,0.28
1703376000000,0.21
1703379600000,0.2
1703383200000,0.2
1703386800000,0.25
1703390400000,0.29
1703394000000,1.35
1703397600000,2.15
1703401200000,2.07
1703404800000,1.73
1703408400000,1.4
1703412000000,0.96
1703415600000,1.85
1703419200000,0.91
1703422800000,0.67
1703426400000,0.8
1703430000000,0.75
1703433600000,0.56
1703437200000,0.52
1703440800000,0.61
1703444400000,0.75
1703448000000,1.15
1703451600000,1.1
1703455200000,0.36
1703458800000,0.67
1703462400000,1.04
1703466000000,0.51
1703469600000,0.19
1703473200000,0.18
1703476800000,0.19
1703480400000,1.3
1703484000000,1.93
1703487600000,1.61
1703491200000,1.36
1703494800000,2.11
1703498400000,1.35
1703502000000,1.37
1703505600000,2
1703509200000,1.36
1703512800000,1.37
1703516400000,1.82
1703520000000,0.66
1703523600000,0.43
1703527200000,0.47
1703530800000,0.67
1703534400000,0.77
1703538000000,1.14
1703541600000,0.46
1703545200000,0.33
1703548800000,0.21
1703552400000,0.18
1703556000000,0.19
1703559600000,0.22
1703563200000,0.2
1703566800000,0.82
1703570400000,1.3
1703574000000,1.36
1703577600000,1.19
1703581200000,0.78
1703584800000,0.94
1703588400000,0.3
1703592000000,0.9
1703595600000,0.92
1703599200000,1.21
1703602800000,1.59
1703606400000,0.38
1703610000000,1.05
1703613600000,1.28
1703617200000,1.56
1703620800000,1.11
1703624400000,0.5
1703628000000,0.98
1703631600000,1.24
1703635200000,0.73
1703638800000,0.64
1703642400000,0.94
1703646000000,0.94
1703649600000,0.92
1703653200000,1.18
1703656800000,1.03
1703660400000,1.97
1703664000000,1.61
1703667600000,1.14
1703671200000,0.18
1703674800000,0.19
1703678400000,0.19
1703682000000,1.01
1703685600000,0.69
1703689200000,0.62
1703692800000,0.34
1703696400000,0.44
1703700000000,1.18
1703703600000,0.76
1703707200000,0.86
1703710800000,0.66
1703714400000,0.31
1703718000000,0.24
1703721600000,0.21
1703725200000,0.23
1703728800000,0.22
1703732400000,0.2
1703736000000,0.93
1703739600000,1.18
1703743200000,0.96
1703746800000,1.9
1703750400000,0.57
1703754000000,0.42
1703757600000,0.57
1703761200000,0.24
1703764800000,0.5
1703768400000,0.19
1703772000000,0.2
1703775600000,0.16
1703779200000,0.23
1703782800000,0.22
1703786400000,0.24
1703790000000,0.21
1703793600000,0.23
1703797200000,0.2
1703800800000,0.21
1703804400000,0.21
1703808000000,0.22
1703811600000,0.21
1703815200000,0.2
1703818800000,0.19
1703822400000,0.2
1703826000000,0.21
1703829600000,0.21
1703833200000,0.21
1703836800000,0.2
1703840400000,0.21
1703844000000,0.2
1703847600000,0.2
1703851200000,0.84
1703854800000,1.2
1703858400000,0.58
1703862000000,1.49
1703865600000,1.56
1703869200000,1.24
1703872800000,0.35
1703876400000,0.9
1703880000000,0.3
1703883600000,0.29
1703887200000,0.35
1703890800000,0.22
1703894400000,0.18
1703898000000,0.22
1703901600000,0.2
1703905200000,0.62
1703908800000,1.03
1703912400000,0.61
1703916000000,1.69
1703919600000,1.17
1703923200000,1.61
1703926800000,1.8
1703930400000,0.66
1703934000000,0.73
1703937600000,0.39
1703941200000,1.02
1703944800000,1.09
1703948400000,0.89
1703952000000,0.3
1703955600000,0.63
1703959200000,0.72
1703962800000,0.75
1703966400000,1.65
1703970000000,1.22
1703973600000,0.95
1703977200000,0.77
1703980800000,0.89
1703984400000,0.3
1703988000000,0.23
1703991600000,0.23
1703995200000,0.4
1703998800000,1.29
1704002400000,1.06
1704006000000,1.61
1704009600000,2.1
1704013200000,0.98
1704016800000,0.31
1704020400000,1.05
1704024000000,1.8
1704027600000,0.66
1704031200000,0.41
1704034800000,0.6
1704038400000,1.37
1704042000000,0.98
1704045600000,0.31
1704049200000,0.61
1704052800000,0.33
1704056400000,0.4
1704060000000,0.3
1704063600000,1.31
1704067200000,1.06
1704070800000,0.6
1704074400000,0.64
1704078000000,0.26
1704081600000,0.69
1704085200000,1.21
1704088800000,0.94
1704092400000,2.06
1704096000000,1.72
1704099600000,1.86
1704103200000,1.74
1704106800000,1.51
1704110400000,0.68
1704114000000,0.53
1704117600000,0.68
1704121200000,0.73
1704124800000,0.49
1704128400000,0.32
1704132000000,0.39
1704135600000,0.7
1704139200000,0.73
1704142800000,0.34
1704146400000,0.35
1704150000000,0.29
1704153600000,0.21
1704157200000,0.23
1704160800000,0.2
1704164400000,0.64
1704168000000,1
1704171600000,1.01
1704175200000,1.54
1704178800000,0.98
1704182400000,1.48
1704186000000,0.8
1704189600000,0.44
1704193200000,0.55
1704196800000,0.51
1704200400000,0.88
1704204000000,0.66
1704207600000,0.5
1704211200000,1.11
1704214800000,1.22
1704218400000,1.5
1704222000000,1.19
1704225600000,1.42
1704229200000,1.57
1704232800000,1.21
1704236400000,1.39
1704240000000,0.98
1704243600000,0.73
1704247200000,0.19
1704250800000,0.18
1704254400000,0.19
1704258000000,0.74
1704261600000,1.65
1704265200000,2
1704268800000,2
1704272400000,2.23
1704276000000,0.26
1704279600000,1.1
1704283200000,1.92
1704286800000,0.46
1704290400000,0.67
1704294000000,0.74
1704297600000,0.29
1704301200000,0.3
1704304800000,0.65
1704308400000,0.39
1704312000000,0.68
1704315600000,0.65
1704319200000,0.79
1704322800000,0.22
1704326400000,0.18
1704330000000,0.19
1704333600000,0.17
1704337200000,0.18
1704340800000,0.19
1704344400000,0.8
1704348000000,2.42
1704351600000,2.22
1704355200000,1.43
1704358800000,0.73
1704362400000,0.88
1704366000000,1.06
1704369600000,1.02
1704373200000,0.7
1704376800000,0.34
1704380400000,0.75
1704384000000,0.79
1704387600000,1.21
1704391200000,0.73
1704394800000,0.69
1704398400000,0.75
1704402000000,1.5
1704405600000,0.43
1704409200000,0.23
1704412800000,0.18
1704416400000,0.18
1704420000000,0.17
1704423600000,0.22
1704427200000,0.22
1704430800000,0.8
1704434400000,1.72
1704438000000,1.77
1704441600000,1.14
1704445200000,1.17
1704448800000,0.2
1704452400000,0.27
1704456000000,0.34
1704459600000,1.34
1704463200000,0.4
1704466800000,0.53
1704470400000,1.14
1704474000000,1.11
1704477600000,1.1
1704481200000,1.35
1704484800000,0.81
1704488400000,0.36
1704492000000,0.75
1704495600000,0.93
1704499200000,0.79
1704502800000,0.23
1704506400000,0.19
1704510000000,0.19
1704513600000,0.18
1704517200000,0.8
1704520800000,2.13
1704524400000,1.97
1704528000000,1.75
1704531600000,1.59
1704535200000,0.99
1704538800000,1.16
1704542400000,1.24
1704546000000,0.6
1704549600000,0.89
1704553200000,0.22
1704556800000,0.59
1704560400000,0.62
1704564000000,0.51
1704567600000,0.82
1704571200000,0.27
1704574800000,0.29
1704578400000,0.29
1704582000000,0.75
1704585600000,0.22
1704589200000,0.17
1704592800000,0.18
1704596400000,0.19
1704600000000,0.19
1704603600000,0.78
1704607200000,2.12
1704610800000,1.91
1704614400000,1.34
1704618000000,1.09
1704621600000,0.4
1704625200000,0.18
1704628800000,0.41
1704632400000,1.72
1704636000000,1.29
1704639600000,0.86
1704643200000,2.29
1704646800000,2.74
1704650400000,1.09
1704654000000,2.02
1704657600000,1.09
1704661200000,1.02
1704664800000,0.52
1704668400000,0.29
1704672000000,0.22
1704675600000,0.2
1704679200000,0.2
1704682800000,0.6
1704686400000,0.65
1704690000000,1.38
1704693600000,1.53
1704697200000,1.12
1704700800000,0.75
1704704400000,0.54
1704708000000,0.25
1704711600000,0.69
1704715200000,0.99
1704718800000,1.44
1704722400000,1.17
1704726000000,0.84
1704729600000,0.97
1704733200000,1.21
1704736800000,0.5
1704740400000,1.54
1704744000000,0.62
1704747600000,0.4
1704751200000,0.37
1704754800000,1.25
1704758400000,0.28
1704762000000,0.25
1704765600000,0.23
1704769200000,0.67
1704772800000,1.05
1704776400000,1.22
1704780000000,1.46
1704783600000,1.01
1704787200000,1.74
1704790800000,0.79
1704794400000,0.49
1704798000000,0.32
1704801600000,0.34
1704805200000,0.36
1704808800000,0.3
1704812400000,0.34
1704816000000,0.99
1704819600000,1.31
1704823200000,0.43
1704826800000,1.43
1704830400000,0.6
1704834000000,0.5
1704837600000,0.49
1704841200000,0.33
1704844800000,0.26
1704848400000,0.25
1704852000000,0.26
1704855600000,0.68
1704859200000,0.72
1704862800000,1.3
1704866400000,1.8
1704870000000,1.05
1704873600000,1
1704877200000,0.79
1704880800000,0.92
1704884400000,0.42
1704888000000,0.24
1704891600000,0.25
1704895200000,0.25
1704898800000,0.77
1704902400000,0.59
1704906000000,1.71
1704909600000,0.48
1704913200000,0.42
1704916800000,0.46
1704920400000,0.38
1704924000000,0.35
1704927600000,0.28
1704931200000,0.23
1704934800000,0.24
1704938400000,0.24
1704942000000,0.26
1704945600000,1.17
1704949200000,0.93
1704952800000,0.9
1704956400000,1.15
1704960000000,1.01
1704963600000,0.76
1704967200000,1.17
1704970800000,0.47
1704974400000,0.94
1704978000000,0.87
1704981600000,0.85
1704985200000,0.85
1704988800000,0.94
1704992400000,1.38
1704996000000,0.57
1704999600000,1.63
1705003200000,0.48
1705006800000,0.49
1705010400000,0.38
1705014000000,0.33
1705017600000,0.24
1705021200000,0.24
1705024800000,0.22
1705028400000,0.65
1705032000000,0.62
1705035600000,1.77
1705039200000,1.49
1705042800000,1.1
1705046400000,0.51
1705050000000,2.25
1705053600000,0.82
1705057200000,0.83
1705060800000,1.14
1705064400000,1.46
1705068000000,0.58
1705071600000,1.29
1705075200000,1.69
1705078800000,1.86
1705082400000,0.45
1705086000000,0.85
1705089600000,1.07
1705093200000,0.57
1705096800000,1.11
1705100400000,0.61
1705104000000,0.44
1705107600000,0.24
1705111200000,0.24
1705114800000,0.63
1705118400000,0.57
1705122000000,1.57
1705125600000,1.95
1705129200000,1.15
1705132800000,1.62
1705136400000,1.76
1705140000000,2.46
1705143600000,0.68
1705147200000,0.47
1705150800000,2.22
1705154400000,1.57
1705158000000,2.67
1705161600000,1.38
1705165200000,2.39
1705168800000,1.16
1705172400000,1.72
1705176000000,0.93
1705179600000,0.91
1705183200000,0.69
1705186800000,0.56
1705190400000,1.15
1705194000000,0.6
1705197600000,1.05
1705201200000,0.56
1705204800000,0.81
1705208400000,1.19
1705212000000,1.58
1705215600000,1.15
1705219200000,0.45
1705222800000,1.4
1705226400000,0.57
1705230000000,0.26
1705233600000,0.97
1705237200000,1.48
1705240800000,0.56
1705244400000,0.43
1705248000000,1.91
1705251600000,2.24
1705255200000,1.32
1705258800000,1.7
1705262400000,0.44
1705266000000,0.38
1705269600000,0.36
1705273200000,0.44
1705276800000,0.94
1705280400000,0.61
1705284000000,0.89
1705287600000,0.89
1705291200000,0.58
1705294800000,1.35
1705298400000,1.08
1705302000000,1.17
1705305600000,0.63
1705309200000,1.11
1705312800000,1.41
1705316400000,1.07
1705320000000,0.86
1705323600000,0.81
1705327200000,0.76
1705330800000,1.4
1705334400000,1.99
1705338000000,1.71
1705341600000,0.55
1705345200000,1.21
1705348800000,0.48
1705352400000,0.34
1705356000000,0.41
1705359600000,0.28
1705363200000,0.21
1705366800000,0.23
1705370400000,0.2
1705374000000,0.22
1705377600000,0.58
1705381200000,1.45
1705384800000,1.85
1705388400000,1.04
1705392000000,1.84
1705395600000,1.28
1705399200000,1.63
1705402800000,1.41
1705406400000,1.23
1705410000000,0.52
1705413600000,0.83
1705417200000,0.83
1705420800000,0.84
1705424400000,0.47
1705428000000,0.34
1705431600000,1.34
1705435200000,0.38
1705438800000,0.39
1705442400000,0.92
1705446000000,0.62
1705449600000,0.21
1705453200000,0.21
1705456800000,0.2
1705460400000,0.64
1705464000000,0.58
1705467600000,1.07
1705471200000,1.54
1705474800000,0.91
1705478400000,1.56
1705482000000,0.8
1705485600000,0.27
1705489200000,0.23
1705492800000,0.35
1705496400000,0.56
1705500000000,0.89
1705503600000,0.31
1705507200000,1.19
1705510800000,1.65
1705514400000,0.47
1705518000000,1.07
1705521600000,0.43
1705525200000,0.32
1705528800000,0.27
1705532400000,0.25
1705536000000,0.21
1705539600000,0.22
1705543200000,0.2
1705546800000,0.2
1705550400000,0.2
1705554000000,1.24
1705557600000,2.36
1705561200000,1.49
1705564800000,1.63
1705568400000,1.38
1705572000000,1.35
1705575600000,0.51
1705579200000,0.68
1705582800000,0.17
1705586400000,0.27
1705590000000,0.23
1705593600000,0.37
1705597200000,0.66
1705600800000,0.52
1705604400000,0.71
1705608000000,0.35
1705611600000,0.31
1705615200000,0.7
1705618800000,0.68
1705622400000,0.19
1705626000000,0.2
1705629600000,0.35
1705633200000,0.43
1705636800000,1.22
1705640400000,1.77
1705644000000,0.98
1705647600000,2.47
1705651200000,1.13
1705654800000,2.31
1705658400000,1
1705662000000,1.14
1705665600000,1.03
1705669200000,0.9
1705672800000,0.87
1705676400000,1.04
1705680000000,0.91
1705683600000,1.89
1705687200000,0.56
1705690800000,1.89
1705694400000,0.45
1705698000000,0.4
1705701600000,0.46
1705705200000,0.28
1705708800000,0.26
1705712400000,0.23
1705716000000,0.97
1705719600000,1.21
1705723200000,0.55
1705726800000,1.38
1705730400000,1.82
1705734000000,1.08
1705737600000,1.43
1705741200000,0.43
1705744800000,1.06
1705748400000,0.68
1705752000000,0.26
1705755600000,0.24
1705759200000,0.27
1705762800000,0.88
1705766400000,1.56
1705770000000,1.69
1705773600000,0.59
1705777200000,1.54
1705780800000,0.47
1705784400000,0.35
1705788000000,0.36
1705791600000,0.3
1705795200000,1.04
1705798800000,0.62
1705802400000,1.37
1705806000000,0.6
1705809600000,1.03
1705813200000,0.52
1705816800000,0.32
1705820400000,0.73
1705824000000,1.35
1705827600000,1.19
1705831200000,0.83
1705834800000,0.23
1705838400000,0.45
1705842000000,0.86
1705845600000,1.23
1705849200000,0.55
1705852800000,1.17
1705856400000,0.96
1705860000000,0.91
1705863600000,0.66
1705867200000,1.15
1705870800000,0.72
1705874400000,1
1705878000000,0.97
1705881600000,0.32
1705885200000,1.08
1705888800000,0.5
1705892400000,1
1705896000000,0.53
1705899600000,0.6
1705903200000,1.32
1705906800000,1.12
1705910400000,0.42
1705914000000,0.35
1705917600000,0.62
1705921200000,0.36
1705924800000,0.64
1705928400000,0.28
1705932000000,0.28
1705935600000,0.31
1705939200000,0.91
1705942800000,0.74
1705946400000,0.45
1705950000000,1.42
1705953600000,0.39
1705957200000,0.4
1705960800000,0.27
1705964400000,0.22
1705968000000,0.2
1705971600000,0.2
1705975200000,0.22
1705978800000,0.21
1705982400000,0.8
1705986000000,1.15
1705989600000,1.33
1705993200000,1.28
1705996800000,1.29
1706000400000,1.6
1706004000000,1.19
1706007600000,0.7
1706011200000,0.47
1706014800000,1.01
1706018400000,1.05
1706022000000,1.42
1706025600000,1.37
1706029200000,1.43
1706032800000,0.44
1706036400000,0.59
1706040000000,0.45
1706043600000,0.43
1706047200000,0.37
1706050800000,0.27
1706054400000,0.21
1706058000000,0.21
1706061600000,0.2
1706065200000,0.19
1706068800000,0.21
1706072400000,1.15
1706076000000,1.11
1706079600000,2.16
1706083200000,0.75
1706086800000,1.72
1706090400000,0.81
1706094000000,0.32
1706097600000,1.37
1706101200000,0.82
1706104800000,0.79
1706108400000,0.69
1706112000000,0.66
1706115600000,1.63
1706119200000,0.46
1706122800000,1.22
1706126400000,0.51
1706130000000,0.39
1706133600000,0.39
1706137200000,0.25
1706140800000,0.18
1706144400000,0.22
1706148000000,0.81
1706151600000,0.7
1706155200000,1.01
1706158800000,1.42
1706162400000,1.8
1706166000000,1.65
1706169600000,2.03
1706173200000,1.89
1706176800000,2.14
1706180400000,0.85
1706184000000,0.85
1706187600000,1.1
1706191200000,0.69
1706194800000,0.71
1706198400000,0.69
1706202000000,0.96
1706205600000,0.37
1706209200000,1.59
1706212800000,0.91
1706216400000,1
1706220000000,0.36
1706223600000,0.67
1706227200000,0.19
1706230800000,0.17
1706234400000,0.19
1706238000000,0.2
1706241600000,0.21
1706245200000,0.89
1706248800000,1.02
1706252400000,2.24
1706256000000,2.05
1706259600000,1.22
1706263200000,0.28
1706266800000,1.32
1706270400000,0.74
1706274000000,0.78
1706277600000,0.6
1706281200000,0.36
1706284800000,0.28
1706288400000,0.27
1706292000000,0.88
1706295600000,1.35
1706299200000,0.44
1706302800000,0.31
1706306400000,0.78
1706310000000,0.24
1706313600000,0.19
1706317200000,0.19
1706320800000,0.56
1706324400000,1.15
1706328000000,1.03
1706331600000,1.43
1706335200000,2.66
1706338800000,1.17
1706342400000,1.17
1706346000000,1.37
1706349600000,1.22
1706353200000,2.37
1706356800000,2.35
1706360400000,1.29
1706364000000,0.84
1706367600000,1.12
1706371200000,0.48
1706374800000,1.78
1706378400000,1.32
1706382000000,1.88
1706385600000,1.01
1706389200000,0.48
1706392800000,0.34
1706396400000,0.76
1706400000000,0.75
1706403600000,0.56
1706407200000,0.23
1706410800000,0.21
1706414400000,1
1706418000000,1.2
1706421600000,0.9
1706425200000,0.98
1706428800000,1.91
1706432400000,1.36
1706436000000,0.52
1706439600000,0.2
1706443200000,1.61
1706446800000,0.94
1706450400000,0.3
1706454000000,0.85
1706457600000,0.6
1706461200000,0.25
1706464800000,0.28
1706468400000,0.27
1706472000000,0.25
1706475600000,0.26
1706479200000,0.25
1706482800000,0.25
1706486400000,0.24
1706490000000,0.24
1706493600000,0.25
1706497200000,0.24
1706500800000,0.23
1706504400000,0.25
1706508000000,0.24
1706511600000,0.24
1706515200000,0.25
1706518800000,0.24
1706522400000,0.25
1706526000000,0.24
1706529600000,1.16
1706533200000,1.83
1706536800000,1.8
1706540400000,1.12
1706544000000,1.3
1706547600000,1.28
1706551200000,0.53
1706554800000,0.69
1706558400000,0.53
1706562000000,0.45
1706565600000,0.41
1706569200000,0.36
1706572800000,0.21
1706576400000,0.2
1706580000000,0.21
1706583600000,0.2
1706587200000,0.69
1706590800000,1.75
1706594400000,1.05
1706598000000,1.07
1706601600000,0.96
1706605200000,1.37
1706608800000,0.51
1706612400000,0.24
1706616000000,0.28
1706619600000,0.68
1706623200000,0.35
1706626800000,0.37
1706630400000,0.85
1706634000000,0.45
1706637600000,0.26
1706641200000,0.61
1706644800000,0.5
1706648400000,0.38
1706652000000,0.44
1706655600000,0.3
1706659200000,0.24
1706662800000,0.24
1706666400000,0.2
1706670000000,0.18
1706673600000,0.77
1706677200000,1.41
1706680800000,0.96
1706684400000,1.11
1706688000000,1.03
1706691600000,1.05
1706695200000,1.55
1706698800000,0.62
1706702400000,0.34
1706706000000,0.21
1706709600000,0.27
1706713200000,0.25
1706716800000,0.25
1706720400000,0.32
1706724000000,0.42
1706727600000,1.68
1706731200000,1.11
1706734800000,0.95
1706738400000,0.53
1706742000000,0.29
1706745600000,0.25
1706749200000,0.22
1706752800000,0.21
1706756400000,0.22
1706760000000,0.23
1706763600000,0.77
1706767200000,1.49
1706770800000,1.13
1706774400000,1.68
1706778000000,1.11
1706781600000,0.95
1706785200000,0.2
1706788800000,0.19
1706792400000,0.25
1706796000000,0.31
1706799600000,0.35
1706803200000,0.34
1706806800000,0.59
1706810400000,0.5
1706814000000,1.85
1706817600000,0.95
1706821200000,0.84
1706824800000,1.09
1706828400000,0.4
1706832000000,0.2
1706835600000,0.21
1706839200000,0.19
1706842800000,0.2
1706846400000,0.21
1706850000000,0.71
1706853600000,1.53
1706857200000,0.84
1706860800000,1.38
1706864400000,1.72
1706868000000,1.27
1706871600000,0.77
1706875200000,0.87
1706878800000,0.46
1706882400000,0.67
1706886000000,0.27
1706889600000,0.28
1706893200000,0.34
1706896800000,0.41
1706900400000,0.88
1706904000000,0.35
1706907600000,0.8
1706911200000,0.31
1706914800000,0.69
1706918400000,0.2
1706922000000,0.16
1706925600000,0.19
1706929200000,0.19
1706932800000,0.17
1706936400000,1.48
1706940000000,1.39
1706943600000,1.85
1706947200000,1.92
1706950800000,1.85
1706954400000,0.7
1706958000000,0.57
1706961600000,0.64
1706965200000,1.28
1706968800000,0.36
1706972400000,0.71
1706976000000,1.37
1706979600000,1.09
1706983200000,0.98
1706986800000,0.74
1706990400000,0.36
1706994000000,0.36
1706997600000,0.39
1707001200000,0.63
1707004800000,0.2
1707008400000,0.96
1707012000000,0.99
1707015600000,0.75
1707019200000,0.19
1707022800000,0.74
1707026400000,2.21
1707030000000,1.79
1707033600000,1.42
1707037200000,1.19
1707040800000,0.19
1707044400000,2.18
1707048000000,1.14
1707051600000,1.6
1707055200000,0.68
1707058800000,0.48
1707062400000,0.5
1707066000000,1.24
1707069600000,1.63
1707073200000,1.14
1707076800000,0.54
1707080400000,0.79
1707084000000,1.24
1707087600000,1.07
1707091200000,1.05
1707094800000,0.71
1707098400000,0.68
1707102000000,0.21
1707105600000,0.19
1707109200000,0.75
1707112800000,2.09
1707116400000,1.73
1707120000000,1.69
1707123600000,1.38
1707127200000,1.34
1707130800000,1.19
1707134400000,0.88
1707138000000,0.69
1707141600000,0.36
1707145200000,0.24
1707148800000,0.17
1707152400000,0.2
1707156000000,0.81
1707159600000,0.64
1707163200000,0.44
1707166800000,0.47
1707170400000,0.34
1707174000000,0.72
1707177600000,0.2
1707181200000,0.19
1707184800000,0.17
1707188400000,0.19
1707192000000,0.26
1707195600000,1.18
1707199200000,0.94
1707202800000,2.47
1707206400000,1.79
1707210000000,0.65
1707213600000,0.74
1707217200000,0.22
1707220800000,0.21
1707224400000,0.22
1707228000000,0.26
1707231600000,0.27
1707235200000,0.24
1707238800000,0.42
1707242400000,0.85
1707246000000,0.53
1707249600000,0.78
1707253200000,0.28
1707256800000,0.74
1707260400000,0.71
1707264000000,0.2
1707267600000,0.19
1707271200000,0.19
1707274800000,0.21
1707278400000,0.19
1707282000000,0.79
1707285600000,1.2
1707289200000,2.22
1707292800000,1.96
1707296400000,1.64
1707300000000,0.3
1707303600000,0.48
1707307200000,0.3
1707310800000,0.32
1707314400000,0.54
1707318000000,0.58
1707321600000,0.26
1707325200000,0.31
1707328800000,0.33
1707332400000,0.33
1707336000000,0.37
1707339600000,0.27
1707343200000,0.73
1707346800000,0.82
1707350400000,0.22
1707354000000,0.23
1707357600000,0.21
1707361200000,0.21
1707364800000,0.22
1707368400000,0.84
1707372000000,1.66
1707375600000,1.19
1707379200000,2.24
1707382800000,1.27
1707386400000,0.27
1707390000000,0.27
1707393600000,0.33
1707397200000,0.3
1707400800000,0.29
1707404400000,0.79
1707408000000,0.26
1707411600000,0.31
1707415200000,1.04
1707418800000,0.31
1707422400000,0.35
1707426000000,0.29
1707429600000,0.74
1707433200000,0.74
1707436800000,0.18
1707440400000,0.18
1707444000000,0.2
1707447600000,0.17
1707451200000,0.18
1707454800000,0.82
1707458400000,2.38
1707462000000,2.23
1707465600000,1.52
1707469200000,0.9
1707472800000,0.29
1707476400000,0.29
1707480000000,0.29
1707483600000,0.54
1707487200000,0.24
1707490800000,0.74
1707494400000,1.07
1707498000000,0.76
1707501600000,1.24
1707505200000,0.51
1707508800000,0.53
1707512400000,0.45
1707516000000,0.89
1707519600000,1.99
1707523200000,0.58
1707526800000,0.19
1707530400000,0.19
1707534000000,0.18
1707537600000,0.2
1707541200000,0.68
1707544800000,1.72
1707548400000,1.53
1707552000000,1.24
1707555600000,0.24
1707559200000,0.21
1707562800000,0.2
1707566400000,0.57
1707570000000,0.81
1707573600000,0.22
1707577200000,0.2
1707580800000,0.18
1707584400000,0.51
1707588000000,0.87
1707591600000,1.37
1707595200000,0.72
1707598800000,0.38
1707602400000,1.23
1707606000000,0.8
1707609600000,0.73
1707613200000,0.69
1707616800000,0.34
1707620400000,0.2
1707624000000,0.2
1707627600000,0.44
1707631200000,1.64
1707634800000,1.57
1707638400000,0.96
1707642000000,0.27
1707645600000,1.29
1707649200000,1.25
1707652800000,2.32
1707656400000,0.29
1707660000000,0.26
1707663600000,0.35
1707667200000,0.41
1707670800000,0.47
1707674400000,1.01
1707678000000,0.69
1707681600000,0.44
1707685200000,0.3
1707688800000,0.75
1707692400000,0.2
1707696000000,0.2
1707699600000,0.18
1707703200000,0.2
1707706800000,0.21
1707710400000,0.2
1707714000000,0.81
1707717600000,2.37
1707721200000,2.05
1707724800000,1.57
1707728400000,0.59
1707732000000,0.35
1707735600000,0.34
1707739200000,0.4
1707742800000,0.24
1707746400000,0.64
1707750000000,0.46
1707753600000,1.11
1707757200000,1.03
1707760800000,0.41
1707764400000,0.43
1707768000000,0.28
1707771600000,0.34
1707775200000,0.75
1707778800000,0.22
1707782400000,0.17
1707786000000,0.18
1707789600000,0.19
1707793200000,0.17
1707796800000,0.18
1707800400000,0.8
1707804000000,2.12
1707807600000,1.99
1707811200000,2
1707814800000,0.7
1707818400000,0.24
1707822000000,0.29
1707825600000,0.21
1707829200000,0.54
1707832800000,0.74
1707836400000,0.28
1707840000000,0.22
1707843600000,1.31
1707847200000,0.35
1707850800000,1.03
1707854400000,0.42
1707858000000,0.35
1707861600000,0.29
1707865200000,0.27
1707868800000,0.22
1707872400000,0.2
1707876000000,0.2
1707879600000,0.21
1707883200000,1.01
1707886800000,1.07
1707890400000,0.75
1707894000000,0.81
1707897600000,1.85
1707901200000,0.69
1707904800000,0.3
1707908400000,0.64
1707912000000,0.33
1707915600000,0.22
1707919200000,0.21
1707922800000,0.27
1707926400000,0.28
1707930000000,0.29
1707933600000,0.35
1707937200000,0.27
1707940800000,0.49
1707944400000,0.25
1707948000000,0.24
1707951600000,0.25
1707955200000,0.2
1707958800000,0.18
1707962400000,0.18
1707966000000,0.18
1707969600000,0.2
1707973200000,1.46
1707976800000,1.1
1707980400000,1.71
1707984000000,1.48
1707987600000,1.14
1707991200000,0.21
1707994800000,0.34
1707998400000,0.19
1708002000000,0.27
1708005600000,0.2
1708009200000,0.19
1708012800000,0.19
1708016400000,0.26
1708020000000,0.28
1708023600000,0.74
1708027200000,0.48
1708030800000,0.66
1708034400000,0.79
1708038000000,0.95
1708041600000,0.17
1708045200000,0.2
1708048800000,0.19
1708052400000,0.19
1708056000000,0.18
1708059600000,0.38
1708063200000,0.37
1708066800000,0.43
1708070400000,0.43
1708074000000,0.45
1708077600000,0.42
1708081200000,0.83
1708084800000,0.3
1708088400000,0.29
1708092000000,0.23
1708095600000,0.39
1708099200000,0.4
1708102800000,0.38
1708106400000,0.42
1708110000000,1.12
1708113600000,0.41
1708117200000,0.28
1708120800000,0.75
1708124400000,0.2
1708128000000,0.19
1708131600000,0.17
1708135200000,0.43
1708138800000,0.35
1708142400000,0.38
1708146000000,0.44
1708149600000,0.34
1708153200000,0.71
1708156800000,2.32
1708160400000,1.01
1708164000000,0.17
1708167600000,0.21
1708171200000,0.2
1708174800000,0.19
1708178400000,0.16
1708182000000,0.74
1708185600000,1.24
1708189200000,1.39
1708192800000,0.44
1708196400000,1.15
1708200000000,0.41
1708203600000,0.33
1708207200000,0.3
1708210800000,0.25
1708214400000,0.23
1708218000000,0.2
1708221600000,0.2
1708225200000,0.21
1708228800000,1.01
1708232400000,1.3
1708236000000,0.97
1708239600000,1.75
1708243200000,1.3
1708246800000,0.73
1708250400000,1.13
1708254000000,0.7
1708257600000,0.73
1708261200000,0.39
1708264800000,0.22
1708268400000,0.22
1708272000000,0.18
1708275600000,0.34
1708279200000,0.42
1708282800000,0.56
1708286400000,0.37
1708290000000,0.32
1708293600000,0.25
1708297200000,0.2
1708300800000,0.21
1708304400000,0.2
1708308000000,0.2
1708311600000,0.22
1708315200000,0.22
1708318800000,0.79
1708322400000,1.03
1708326000000,0.98
1708329600000,2.33
1708333200000,1.11
1708336800000,0.85
1708340400000,0.3
1708344000000,0.29
1708347600000,0.3
1708351200000,0.29
1708354800000,0.28
1708358400000,0.23
1708362000000,0.27
1708365600000,0.31
1708369200000,1.69
1708372800000,0.84
1708376400000,0.94
1708380000000,0.47
1708383600000,0.27
1708387200000,0.18
1708390800000,0.2
1708394400000,0.21
1708398000000,0.2
1708401600000,0.2
1708405200000,0.78
1708408800000,1.31
1708412400000,1.89
1708416000000,1.38
1708419600000,0.85
1708423200000,0
1708426800000,0
1708430400000,0
1708434000000,0
1708437600000,3.33
1708441200000,0.2
1708444800000,0.22
1708448400000,0.23
1708452000000,0.73
1708455600000,1.06
1708459200000,0.26
1708462800000,0.31
1708466400000,0.72
1708470000000,0.75
1708473600000,0.19
1708477200000,0.18
1708480800000,0.19
1708484400000,0.81
1708488000000,0.77
1708491600000,1.26
1708495200000,1.25
1708498800000,1.65
1708502400000,1.72
1708506000000,1.39
1708509600000,0.59
1708513200000,0.29
1708516800000,0.34
1708520400000,0.19
1708524000000,0.27
1708527600000,0.28
1708531200000,0.29
1708534800000,0.31
1708538400000,0.3
1708542000000,0.56
1708545600000,0.29
1708549200000,0.65
1708552800000,1.02
1708556400000,0.79
1708560000000,0.2
1708563600000,0.2
1708567200000,0.18
1708570800000,0.19
1708574400000,0.18
1708578000000,0.79
1708581600000,2.3
1708585200000,2.03
1708588800000,1.98
1708592400000,1.19
1708596000000,0.22
1708599600000,0.73
1708603200000,0.24
1708606800000,0.26
1708610400000,0.24
1708614000000,0.23
1708617600000,0.24
1708621200000,0.29
1708624800000,0.71
1708628400000,1.19
1708632000000,0.34
1708635600000,0.78
1708639200000,0.38
1708642800000,0.5
1708646400000,0.5
1708650000000,0.17
1708653600000,0.18
1708657200000,0.21
1708660800000,0.18
1708664400000,0.7
1708668000000,2.18
1708671600000,2.11
1708675200000,1.59
1708678800000,0.85
1708682400000,0.85
1708686000000,0.73
1708689600000,0.7
1708693200000,0.69
1708696800000,1.28
1708700400000,0.64
1708704000000,0.27
1708707600000,0.3
1708711200000,0.87
1708714800000,0.37
1708718400000,0.79
1708722000000,0.55
1708725600000,0.68
1708729200000,1.25
1708732800000,0.73
1708736400000,0.51
1708740000000,0.2
1708743600000,0.21
1708747200000,0.19
1708750800000,0.71
1708754400000,1.91
1708758000000,1.78
1708761600000,1.14
1708765200000,0.25
1708768800000,0.18
1708772400000,0.23
1708776000000,0.69
1708779600000,0.2
1708783200000,0.19
1708786800000,0.18
1708790400000,0.2
1708794000000,0.2
1708797600000,0.65
1708801200000,0.42
1708804800000,0.84
1708808400000,0.72
1708812000000,0.49
1708815600000,0.47
1708819200000,0.2
1708822800000,0.19
1708826400000,0.19
1708830000000,0.18
1708833600000,0.21
1708837200000,0.8
1708840800000,2.05
1708844400000,1.77
1708848000000,1.37
1708851600000,0.25
1708855200000,0.23
1708858800000,0.26
1708862400000,0.93
1708866000000,0.27
1708869600000,0.19
1708873200000,0.2
1708876800000,0.17
1708880400000,0.26
1708884000000,1.18
1708887600000,0.52
1708891200000,0.69
1708894800000,0.49
1708898400000,0.34
1708902000000,0.63
1708905600000,0.19
1708909200000,0.18
1708912800000,0.21
1708916400000,0.18
1708920000000,0.18
1708923600000,0.8
1708927200000,2.24
1708930800000,1.88
1708934400000,1.61
1708938000000,0.33
1708941600000,0.53
1708945200000,0.56
1708948800000,0.48
1708952400000,0.3
1708956000000,0.28
1708959600000,0.23
1708963200000,0.21
1708966800000,0.24
1708970400000,0.67
1708974000000,0.43
1708977600000,0.4
1708981200000,0.38
1708984800000,0.85
1708988400000,0.74
1708992000000,0.18
1708995600000,0.19
1708999200000,0.18
1709002800000,0.2
1709006400000,0.19
1709010000000,0.68
1709013600000,1.22
1709017200000,1.46
1709020800000,1.06
1709024400000,0.27
1709028000000,0.24
1709031600000,0.28
1709035200000,0.23
1709038800000,0.6
1709042400000,0.48
1709046000000,0.23
1709049600000,0.31
1709053200000,0.33
1709056800000,0.78
1709060400000,0.42
1709064000000,0.35
1709067600000,0.69
1709071200000,0.83
1709074800000,0.99
1709078400000,0.19
1709082000000,0.19
1709085600000,0.19
1709089200000,0.18
1709092800000,0.2
1709096400000,0.73
1709100000000,1.38
1709103600000,1.57
1709107200000,1.29
1709110800000,0.27
1709114400000,0.21
1709118000000,0.76
1709121600000,0.43
1709125200000,0.38
1709128800000,0.25
1709132400000,0.31
1709136000000,0.25
1709139600000,0.29
1709143200000,0.69
1709146800000,0.32
1709150400000,0.49
1709154000000,0.36
1709157600000,0.8
1709161200000,0.72
1709164800000,0.19
1709168400000,0.19
1709172000000,0.19
1709175600000,0.19
1709179200000,0.2
1709182800000,0.81
1709186400000,1.5
1709190000000,1.17
1709193600000,1.5
1709197200000,0.24
1709200800000,0.28
1709204400000,0.82
1709208000000,0.36
1709211600000,0.27
1709215200000,0.28
1709218800000,0.29
1709222400000,0.26
1709226000000,0.26
1709229600000,0.69
1709233200000,0.32
1709236800000,0.33
1709240400000,0.37
1709244000000,0.3
1709247600000,0.73
1709251200000,0.21
1709254800000,0.17
1709258400000,0.2
1709262000000,0.2
1709265600000,0.2
1709269200000,0.69
1709272800000,1.7
1709276400000,1.55
1709280000000,0.87
1709283600000,0.53
1709287200000,1.58
1709290800000,0.68
1709294400000,0.71
1709298000000,0.57
1709301600000,0.62
1709305200000,0.73
1709308800000,0.25
1709312400000,0.33
1709316000000,1.03
1709319600000,1.4
1709323200000,0.41
1709326800000,0.45
1709330400000,0.45
1709334000000,0.73
1709337600000,0.2
1709341200000,0.19
1709344800000,0.22
1709348400000,0.2
1709352000000,0.21
1709355600000,0.76
1709359200000,1.42
1709362800000,1.79
1709366400000,1.58
1709370000000,0.32
1709373600000,0.24
1709377200000,1.29
1709380800000,1.55
1709384400000,0.87
1709388000000,0.75
1709391600000,0.41
1709395200000,0.43
1709398800000,0.48
1709402400000,0.45
1709406000000,0.55
1709409600000,0.44
1709413200000,0.45
1709416800000,0.3
1709420400000,0.23
1709424000000,0.23
1709427600000,0.22
1709431200000,0.21
1709434800000,0.18
1709438400000,0.22
1709442000000,0.84
1709445600000,2.06
1709449200000,1.68
1709452800000,1.33
1709456400000,0.77
1709460000000,0.74
1709463600000,1.14
1709467200000,0.91
1709470800000,1.71
1709474400000,0.86
1709478000000,1.04
1709481600000,0.83
1709485200000,0.66
1709488800000,1.13
1709492400000,1.44
1709496000000,1.25
1709499600000,0.72
1709503200000,0.31
1709506800000,0.21
1709510400000,0.21
1709514000000,0.21
1709517600000,0.2
1709521200000,0.19
1709524800000,0.19
1709528400000,0.77
1709532000000,1.8
1709535600000,1.86
1709539200000,0.69
1709542800000,0.29
1709546400000,0.27
1709550000000,0.34
1709553600000,0.34
1709557200000,0.34
1709560800000,0.27
1709564400000,0.24
1709568000000,0.35
1709571600000,0.29
1709575200000,0.39
1709578800000,0.62
1709582400000,0.8
1709586000000,0.33
1709589600000,0.32
1709593200000,0.27
1709596800000,0.2
1709600400000,0.18
1709604000000,0.2
1709607600000,0.2
1709611200000,0.2
1709614800000,0.81
1709618400000,2.23
1709622000000,2.3
1709625600000,1.45
1709629200000,1.19
1709632800000,0.28
1709636400000,0.91
1709640000000,0.68
1709643600000,0.3
1709647200000,0.27
1709650800000,0.23
1709654400000,0.25
1709658000000,0.73
1709661600000,0.89
1709665200000,2.24
1709668800000,0.87
1709672400000,0.66
1709676000000,0.79
1709679600000,0.21
1709683200000,0.18
1709686800000,0.19
1709690400000,0.21
1709694000000,0.21
1709697600000,0.22
1709701200000,0.89
1709704800000,1.52
1709708400000,1.29
1709712000000,1.79
1709715600000,0.43
1709719200000,0.26
1709722800000,0.29
1709726400000,0.26
1709730000000,0.32
1709733600000,0.7
1709737200000,0.25
1709740800000,0.24
1709744400000,0.27
1709748000000,0.64
1709751600000,0.29
1709755200000,0.58
1709758800000,0.46
1709762400000,0.75
1709766000000,0.21
1709769600000,0.2
1709773200000,0.2
1709776800000,0.21
1709780400000,0.2
1709784000000,0.18
1709787600000,0.83
1709791200000,2
1709794800000,1.97
1709798400000,0.83
1709802000000,0.3
1709805600000,0.25
1709809200000,0.8
1709812800000,0.63
1709816400000,0.24
1709820000000,0.24
1709823600000,0.25
1709827200000,1.32
1709830800000,1.34
1709834400000,0.62
1709838000000,0.71
1709841600000,0.33
1709845200000,0.58
1709848800000,0.58
1709852400000,0.29
1709856000000,0.69
1709859600000,0.2
1709863200000,0.21
1709866800000,0.19
1709870400000,0.18
1709874000000,0.79
1709877600000,2.13
1709881200000,1.97
1709884800000,2.1
1709888400000,1.15
1709892000000,0.8
1709895600000,0.63
1709899200000,0.36
1709902800000,0.24
1709906400000,0.45
1709910000000,0.89
1709913600000,0.28
1709917200000,0.31
1709920800000,0.49
1709924400000,1.46
1709928000000,0.37
1709931600000,0.88
1709935200000,0.84
1709938800000,0.73
1709942400000,0.23
1709946000000,0.19
1709949600000,0.19
1709953200000,0.19
1709956800000,0.2
1709960400000,0.8
1709964000000,2.19
1709967600000,1.43
1709971200000,1.26
1709974800000,0.71
1709978400000,0.7
1709982000000,0.23
1709985600000,0.53
1709989200000,0.43
1709992800000,0.29
1709996400000,0.77
1710000000000,0.31
1710003600000,0.99
1710007200000,1.82
1710010800000,1.74
1710014400000,0.62
1710018000000,0.56
1710021600000,0.54
1710025200000,0.75
1710028800000,0.7
1710032400000,0.23
1710036000000,0.21
1710039600000,0.21
1710043200000,0.2
1710046800000,0.82
1710050400000,2.04
1710054000000,1.71
1710057600000,1.3
1710061200000,0.79
1710064800000,0.47
1710068400000,1.08
1710072000000,1.07
1710075600000,0.44
1710079200000,1.1
1710082800000,1.58
1710086400000,0.9
1710090000000,0.84
1710093600000,1.27
1710097200000,0.97
1710100800000,0.96
1710104400000,0.4
1710108000000,0.36
1710111600000,0.77
1710115200000,0.21
1710118800000,0.21
1710122400000,0.21
1710126000000,0.21
1710129600000,0.19
1710133200000,0.68
1710136800000,1.21
1710140400000,1.49
1710144000000,1.08
1710147600000,0.59
1710151200000,0.26
1710154800000,0.25
1710158400000,0.41
1710162000000,0.26
1710165600000,0.25
1710169200000,0.23
1710172800000,0.26
1710176400000,0.78
1710180000000,0.97
1710183600000,1
1710187200000,1.29
1710190800000,0.73
1710194400000,0.81
1710198000000,1.23
1710201600000,0.63
1710205200000,0.22
1710208800000,0.22
1710212400000,0.2
1710216000000,0.21
1710219600000,0.81
1710223200000,2.29
1710226800000,2.15
1710230400000,1.55
1710234000000,0.61
1710237600000,0.32
1710241200000,0.77
1710244800000,0.26
1710248400000,0.34
1710252000000,0.24
1710255600000,0.48
1710259200000,0.86
1710262800000,0.8
1710266400000,0.33
1710270000000,0.32
1710273600000,1.05
1710277200000,0.37
1710280800000,0.31
1710284400000,0.26
1710288000000,0.19
1710291600000,0.19
1710295200000,0.21
1710298800000,0.19
1710302400000,0.18
1710306000000,0.85
1710309600000,2.03
1710313200000,1.82
1710316800000,1.42
1710320400000,0.85
1710324000000,1.07
1710327600000,0.75
1710331200000,0.41
1710334800000,0.34
1710338400000,0.26
1710342000000,0.3
1710345600000,0.3
1710349200000,0.82
1710352800000,0.88
1710356400000,0.85
1710360000000,0.86
1710363600000,0.44
1710367200000,1.11
1710370800000,0.53
1710374400000,0.19
1710378000000,0.21
1710381600000,0.21
1710385200000,0.21
1710388800000,0.22
1710392400000,0.9
1710396000000,1.32
1710399600000,1.9
1710403200000,1.73
1710406800000,0.58
1710410400000,0.25
1710414000000,0.27
1710417600000,0.99
1710421200000,0.3
1710424800000,0.31
1710428400000,0.31
1710432000000,0.29
1710435600000,0.23
1710439200000,0.36
1710442800000,0.59
1710446400000,0.5
1710450000000,0.31
1710453600000,0.53
1710457200000,0.43
1710460800000,0.2
1710464400000,0.2
1710468000000,0.21
1710471600000,0.2
1710475200000,0.94
1710478800000,1.29
1710482400000,0.99
1710486000000,1.93
1710489600000,0.85
1710493200000,1.09
1710496800000,0.33
1710500400000,0.23
1710504000000,0.23
1710507600000,0.21
1710511200000,0.22
1710514800000,0.58
1710518400000,0.31
1710522000000,0.21
1710525600000,0.54
1710529200000,0.22
1710532800000,0.23
1710536400000,0.29
1710540000000,1.21
1710543600000,0.71
1710547200000,0.2
1710550800000,0.19
1710554400000,0.2
1710558000000,0.21
1710561600000,0.19
1710565200000,0.81
1710568800000,2.01
1710572400000,1.73
1710576000000,1.18
1710579600000,0.43
1710583200000,0.19
1710586800000,0.22
1710590400000,0.72
1710594000000,0.2
1710597600000,0.21
1710601200000,0.19
1710604800000,0.21
1710608400000,0.19
1710612000000,0.66
1710615600000,0.19
1710619200000,0.34
1710622800000,0.26
1710626400000,0.64
1710630000000,0.2
1710633600000,0.21
1710637200000,0.19
1710640800000,0.19
1710644400000,0.19
1710648000000,0.21
1710651600000,0.81
1710655200000,2.15
1710658800000,2.2
1710662400000,0.92
1710666000000,0.21
1710669600000,0.22
1710673200000,0.7
1710676800000,0.46
1710680400000,0.96
1710684000000,0.66
1710687600000,0.84
1710691200000,0.24
1710694800000,0.46
1710698400000,0.93
1710702000000,2.25
1710705600000,1.46
1710709200000,1.05
1710712800000,0.97
1710716400000,0.93
1710720000000,0.81
1710723600000,0.78
1710727200000,0.31
1710730800000,0.26
1710734400000,0.25
1710738000000,0.93
1710741600000,1.47
1710745200000,2.27
1710748800000,2.02
1710752400000,1.39
1710756000000,0.66
1710759600000,0.62
1710763200000,0.41
1710766800000,0.7
1710770400000,0.46
1710774000000,0.73
1710777600000,0.34
1710781200000,0.29
1710784800000,0.37
1710788400000,0.5
1710792000000,0.54
1710795600000,0.44
1710799200000,0.44
1710802800000,0.33
1710806400000,0.27
1710810000000,0.27
1710813600000,0.26
1710817200000,0.26
1710820800000,0.98
1710824400000,1.15
1710828000000,2.66
1710831600000,1.38
1710835200000,1.73
1710838800000,1.18
1710842400000,0.57
1710846000000,0.71
1710849600000,0.9
1710853200000,1.37
1710856800000,1.66
1710860400000,1.34
1710864000000,0.75
1710867600000,0.26
1710871200000,0.8
1710874800000,0.94
1710878400000,1.14
1710882000000,0.94
1710885600000,0.82
1710889200000,0.89
1710892800000,0.29
1710896400000,0.23
1710900000000,0.21
1710903600000,0.23
1710907200000,1.1
1710910800000,0.96
1710914400000,0.94
1710918000000,1.19
1710921600000,1.56
1710925200000,0.34
1710928800000,0.34
1710932400000,0.32
1710936000000,1.62
1710939600000,0.82
1710943200000,0.58
1710946800000,0.31
1710950400000,0.34
1710954000000,0.31
1710957600000,0.33
1710961200000,0.71
1710964800000,1.13
1710968400000,0.54
1710972000000,0.85
1710975600000,0.2
1710979200000,0.2
1710982800000,0.22
1710986400000,0.22
1710990000000,0.21
1710993600000,0.42
1710997200000,1.22
1711000800000,0.75
1711004400000,1.12
1711008000000,1
1711011600000,0.66
1711015200000,0.39
1711018800000,0.31
1711022400000,0.29
1711026000000,0.35
1711029600000,0.26
1711033200000,0.25
1711036800000,0.24
1711040400000,0.25
1711044000000,0.29
1711047600000,0.69
1711051200000,0.36
1711054800000,0.85
1711058400000,0.93
1711062000000,0.22
1711065600000,0.18
1711069200000,0.2
1711072800000,0.2
1711076400000,0.2
1711080000000,0.18
1711083600000,0.84
1711087200000,2.35
1711090800000,2.08
1711094400000,1.55
1711098000000,0.7
1711101600000,0.83
1711105200000,0.49
1711108800000,0.76
1711112400000,0.95
1711116000000,1.03
1711119600000,0.43
1711123200000,0.41
1711126800000,0.45
1711130400000,1.07
1711134000000,1.46
1711137600000,1.14
1711141200000,0.44
1711144800000,0.75
1711148400000,1.16
1711152000000,0.23
1711155600000,0.21
1711159200000,0.2
1711162800000,0.2
1711166400000,0.52
1711170000000,1.02
1711173600000,1.47
1711177200000,1.87
1711180800000,2.21
1711184400000,1.24
1711188000000,0.51
1711191600000,0.59
1711195200000,0.51
1711198800000,1.02
1711202400000,0.52
1711206000000,0.93
1711209600000,1.52
1711213200000,0.78
1711216800000,1.46
1711220400000,1.25
1711224000000,0.77
1711227600000,0.44
1711231200000,0.45
1711234800000,0.77
1711238400000,0.72
1711242000000,0.18
1711245600000,0.2
1711249200000,0.21
1711252800000,0.22
1711256400000,1.18
1711260000000,0.79
1711263600000,1.96
1711267200000,1.41
1711270800000,0.23
1711274400000,0.23
1711278000000,0.45
1711281600000,0.9
1711285200000,1.03
1711288800000,0.87
1711292400000,1.16
1711296000000,1.07
1711299600000,0.98
1711303200000,0.33
1711306800000,0.42
1711310400000,0.4
1711314000000,0.36
1711317600000,0.31
1711321200000,0.26
1711324800000,0.22
1711328400000,0.21
1711332000000,0.22
1711335600000,0.23
1711339200000,0.62
1711342800000,1.4
1711346400000,2
1711350000000,1.26
1711353600000,1.52
1711357200000,0.76
1711360800000,1.39
1711364400000,1.94
1711368000000,1.36
1711371600000,0.57
1711375200000,0.65
1711378800000,0.45
1711382400000,1.05
1711386000000,0.33
1711389600000,0.71
1711393200000,0.38
1711396800000,0.43
1711400400000,0.43
1711404000000,0.3
1711407600000,0.3
1711411200000,0.22
1711414800000,0.22
1711418400000,0.23
1711422000000,0.22
1711425600000,0.23
1711429200000,0.98
1711432800000,2.06
1711436400000,2.03
1711440000000,1.43
1711443600000,0.99
1711447200000,1.23
1711450800000,1.17
1711454400000,0.47
1711458000000,0.35
1711461600000,0.77
1711465200000,1.91
1711468800000,1.4
1711472400000,1.12
1711476000000,0.3
1711479600000,0.7
1711483200000,0.8
1711486800000,0.78
1711490400000,0.99
1711494000000,0.72
1711497600000,0.23
1711501200000,0.2
1711504800000,0.19
1711508400000,0.18
1711512000000,0.85
1711515600000,1.15
1711519200000,1.33
1711522800000,1.42
1711526400000,0.83
1711530000000,0.21
1711533600000,0.93
1711537200000,0.42
1711540800000,0.45
1711544400000,0.28
1711548000000,0.25
1711551600000,0.21
1711555200000,0.79
1711558800000,0.2
1711562400000,0.24
1711566000000,0.67
1711569600000,0.39
1711573200000,0.39
1711576800000,0.35
1711580400000,0.21
1711584000000,0.21
1711587600000,0.21
1711591200000,0.21
1711594800000,0.19
1711598400000,0.69
1711602000000,0.79
1711605600000,0.68
1711609200000,0.22
1711612800000,0.34
1711616400000,0.72
1711620000000,0.24
1711623600000,0.96
1711627200000,0.53
1711630800000,0.25
1711634400000,0.21
1711638000000,0.38
1711641600000,0.9
1711645200000,0.95
1711648800000,0.29
1711652400000,0.6
1711656000000,0.24
1711659600000,0.23
1711663200000,0.42
1711666800000,0.37
1711670400000,0.43
1711674000000,0.92
1711677600000,0.77
1711681200000,0.64
1711684800000,0.22
1711688400000,0.7
1711692000000,2.23
1711695600000,1.94
1711699200000,0.89
1711702800000,0.53
1711706400000,0.26
1711710000000,0.52
1711713600000,0.44
1711717200000,0.24
1711720800000,0.39
1711724400000,0.27
1711728000000,0.29
1711731600000,0.2
1711735200000,0.25
1711738800000,1.24
1711742400000,0.48
1711746000000,0.34
1711749600000,0.33
1711753200000,0.21
1711756800000,0.2
1711760400000,0.19
1711764000000,0.19
1711767600000,0.2
1711771200000,0.21
1711774800000,0.19
1711778400000,0.21
1711782000000,0.41
1711785600000,0.24
1711789200000,0.2
1711792800000,0.2
1711796400000,0.62
1711800000000,1.58
1711803600000,1.86
1711807200000,0.38
1711810800000,0.51
1711814400000,0.21
1711818000000,0.23
1711821600000,0.35
1711825200000,0.41
1711828800000,0.96
1711832400000,0.64
1711836000000,0.29
1711839600000,0.21
1711843200000,0.19
1711846800000,0.21
1711850400000,0.21
1711854000000,0.2
1711857600000,0.2
1711861200000,0.23
1711864800000,0.29
1711868400000,0.2
1711872000000,0.6
1711875600000,0.47
1711879200000,0.8
1711882800000,0.91
1711886400000,0.5
1711890000000,0.5
1711893600000,0.2
1711897200000,0.4
1711900800000,0.38
1711904400000,0.18
1711908000000,0.3
1711911600000,1.06
1711915200000,0.69
1711918800000,0.3
1711922400000,0.21
1711926000000,0.2
1711929600000,0.2
1711933200000,0.2
1711936800000,0.21
1711940400000,0.19
1711944000000,0.18
1711947600000,0.2
1711951200000,0.38
1711954800000,0.27
1711958400000,0.25
1711962000000,0.35
1711965600000,0.55
1711969200000,0.21
1711972800000,0.27
1711976400000,0.34
1711980000000,0.25
1711983600000,0.19
1711987200000,0.29
1711990800000,0.37
1711994400000,0.43
1711998000000,0.47
1712001600000,0.47
1712005200000,0.37
1712008800000,0.2
1712012400000,0.21
1712016000000,0.21
1712019600000,0.21
1712023200000,0.19
1712026800000,0.18
1712030400000,0.2
1712034000000,0.21
1712037600000,1.85
1712041200000,2.26
1712044800000,0.69
1712048400000,0.2
1712052000000,0.81
1712055600000,0.23
1712059200000,0.23
1712062800000,0.2
1712066400000,0.35
1712070000000,0.32
1712073600000,0.24
1712077200000,0.3
1712080800000,0.71
1712084400000,0.32
1712088000000,0.34
1712091600000,0.8
1712095200000,0.21
1712098800000,0.18
1712102400000,0.18
1712106000000,0.21
1712109600000,0.2
1712113200000,0.2
1712116800000,0.75
1712120400000,1.68
1712124000000,1.39
1712127600000,0.99
1712131200000,0.2
1712134800000,0.21
1712138400000,0.2
1712142000000,0.5
1712145600000,0.42
1712149200000,0.26
1712152800000,0.26
1712156400000,0.21
1712160000000,0.24
1712163600000,0.21
1712167200000,0.49
1712170800000,0.42
1712174400000,0.41
1712178000000,0.27
1712181600000,0.19
1712185200000,0.2
1712188800000,0.19
1712192400000,0.19
1712196000000,0.18
1712199600000,0.2
1712203200000,0.2
1712206800000,1.08
1712210400000,2.41
1712214000000,1.27
1712217600000,0.25
1712221200000,1.03
1712224800000,0.62
1712228400000,0.22
1712232000000,0.21
1712235600000,0.52
1712239200000,0.25
1712242800000,0.46
1712246400000,0.51
1712250000000,0.3
1712253600000,0.63
1712257200000,0.38
1712260800000,0.87
1712264400000,0.45
1712268000000,0.2
1712271600000,0.17
1712275200000,0.2
1712278800000,0.2
1712282400000,0.21
1712286000000,0.2
1712289600000,0.18
1712293200000,0.26
1712296800000,2.28
1712300400000,2.35
1712304000000,1.01
1712307600000,1.23
1712311200000,1.79
1712314800000,1.09
1712318400000,0.33
1712322000000,0.34
1712325600000,0.23
1712329200000,0.21
1712332800000,0.28
1712336400000,0.31
1712340000000,0.73
1712343600000,0.38
1712347200000,0.86
1712350800000,0.38
1712354400000,0.19
1712358000000,0.19
1712361600000,0.2
1712365200000,0.2
1712368800000,0.19
1712372400000,0.19
1712376000000,0.19
1712379600000,0.2
1712383200000,0.41
1712386800000,0.75
1712390400000,0.85
1712394000000,0.78
1712397600000,1.1
1712401200000,1.23
1712404800000,0.33
1712408400000,0.3
1712412000000,0.25
1712415600000,0.21
1712419200000,0.21
1712422800000,0.33
1712426400000,1.1
1712430000000,0.46
1712433600000,0.38
1712437200000,0.3
1712440800000,0.19
1712444400000,0.21
1712448000000,0.2
1712451600000,0.2
1712455200000,0.2
1712458800000,0.18
1712462400000,0.2
1712466000000,0.2
1712469600000,0.31
1712473200000,0.19
1712476800000,0.32
1712480400000,0.51
1712484000000,1.39
1712487600000,0.74
1712491200000,0.79
1712494800000,0.5
1712498400000,0.62
1712502000000,0.31
1712505600000,0.42
1712509200000,0.72
1712512800000,1.19
1712516400000,1.22
1712520000000,1.09
1712523600000,0.93
1712527200000,0.77
1712530800000,0.63
1712534400000,0.21
1712538000000,0.22
1712541600000,0.22
1712545200000,0.2
1712548800000,0.41
1712552400000,0.7
1712556000000,0.52
1712559600000,0.31
1712563200000,0.26
1712566800000,0.19
1712570400000,0.28
1712574000000,0.9
1712577600000,0.39
1712581200000,1.43
1712584800000,0.89
1712588400000,0.9
1712592000000,0.64
1712595600000,0.33
1712599200000,0.23
1712602800000,0.51
1712606400000,0.48
1712610000000,0.34
1712613600000,0.3
1712617200000,0.21
1712620800000,0.22
1712624400000,0.2
1712628000000,0.22
1712631600000,0.21
1712635200000,0.22
1712638800000,0.21
1712642400000,0.26
1712646000000,0.26
1712649600000,0.35
1712653200000,0.36
1712656800000,0.87
1712660400000,0.99
1712664000000,0.38
1712667600000,0.33
1712671200000,0.34
1712674800000,0.55
1712678400000,0.59
1712682000000,0.61
1712685600000,0.33
1712689200000,0.35
1712692800000,0.36
1712696400000,0.32
1712700000000,0.25
1712703600000,0.25
1712707200000,0.24
1712710800000,0.23
1712714400000,0.23
1712718000000,0.22
1712721600000,0.23
1712725200000,0.25
1712728800000,0.44
1712732400000,0.42
1712736000000,0.26
1712739600000,0.26
1712743200000,0.37
1712746800000,0.44
1712750400000,0.34
1712754000000,0.3
1712757600000,0.31
1712761200000,0.26
1712764800000,0.28
1712768400000,0.28
1712772000000,0.3
1712775600000,0.36
1712779200000,0.39
1712782800000,0.37
1712786400000,0.35
1712790000000,0.23
1712793600000,0.23
1712797200000,0.25
1712800800000,0.24
1712804400000,0.24
1712808000000,0.23
1712811600000,0.24
1712815200000,0.3
1712818800000,0.28
1712822400000,0.31
1712826000000,0.28
1712829600000,0.38
1712833200000,0.37
1712836800000,0.32
1712840400000,0.29
1712844000000,0.32
1712847600000,0.32
1712851200000,0.33
1712854800000,0.29
1712858400000,0.31
1712862000000,0.36
1712865600000,0.32
1712869200000,0.25
1712872800000,0.27
1712876400000,0.25
1712880000000,0.23
1712883600000,0.22
1712887200000,0.22
1712890800000,0.25
1712894400000,0.24
1712898000000,0.23
1712901600000,0.33
1712905200000,0.34
1712908800000,0.25
1712912400000,0.3
1712916000000,0.66
1712919600000,0.3
1712923200000,0.34
1712926800000,0.35
1712930400000,0.33
1712934000000,0.27
1712937600000,0.28
1712941200000,0.25
1712944800000,0.36
1712948400000,0.87
1712952000000,1.13
1712955600000,0.68
1712959200000,0.25
1712962800000,0.24
1712966400000,0.24
1712970000000,0.24
1712973600000,0.24
1712977200000,0.23
1712980800000,0.24
1712984400000,0.23
1712988000000,0.43
1712991600000,0.29
1712995200000,0.22
1712998800000,0.25
1713002400000,0.26
1713006000000,0.24
1713009600000,0.27
1713013200000,0.27
1713016800000,0.8
1713020400000,1.44
1713024000000,1.19
1713027600000,0.89
1713031200000,0.95
1713034800000,0.54
1713038400000,0.76
1713042000000,0.49
1713045600000,1.15
1713049200000,0.22
1713052800000,0.24
1713056400000,0.24
1713060000000,0.24
1713063600000,0.24
1713067200000,0.24
1713070800000,0.24
1713074400000,0.42
1713078000000,0.27
1713081600000,0.45
1713085200000,0.28
1713088800000,0.45
1713092400000,0.36
1713096000000,0.54
1713099600000,0.76
1713103200000,0.78
1713106800000,0.33
1713110400000,0.26
1713114000000,0.24
1713117600000,0.29
1713121200000,0.68
1713124800000,0.78
1713128400000,0.38
1713132000000,0.26
1713135600000,0.24
1713139200000,0.24
1713142800000,0.24
1713146400000,0.23
1713150000000,0.43
1713153600000,0.27
1713157200000,0.28
1713160800000,0.33
1713164400000,0.46
1713168000000,0.84
1713171600000,0.84
1713175200000,1.84
1713178800000,1.07
1713182400000,0.61
1713186000000,0.86
1713189600000,0.84
1713193200000,0.98
1713196800000,0.54
1713200400000,0.85
1713204000000,1.07
1713207600000,0.98
1713211200000,0.7
1713214800000,0.64
1713218400000,0.26
1713222000000,0.24
1713225600000,0.24
1713229200000,0.24
1713232800000,0.25
1713236400000,0.25
1713240000000,0.25
1713243600000,0.25
1713247200000,0.45
1713250800000,0.39
1713254400000,1.96
1713258000000,0.55
1713261600000,0.46
1713265200000,1.15
1713268800000,0.81
1713272400000,0.71
1713276000000,0.86
1713279600000,0.73
1713283200000,1.58
1713286800000,1.47
1713290400000,0.97
1713294000000,0.48
1713297600000,0.66
1713301200000,0.6
1713304800000,0.49
1713308400000,0.31
1713312000000,0.23
1713315600000,0.28
1713319200000,0.28
1713322800000,0.28
1713326400000,0.27
1713330000000,0.26
1713333600000,1.03
1713337200000,2.14
1713340800000,1.52
1713344400000,0.33
1713348000000,0.32
1713351600000,0.81
1713355200000,0.85
1713358800000,0.55
1713362400000,0.91
1713366000000,0.29
1713369600000,0.3
1713373200000,0.23
1713376800000,0.7
1713380400000,0.63
1713384000000,0.54
1713387600000,0.48
1713391200000,0.74
1713394800000,0.23
1713398400000,0.21
1713402000000,0.19
1713405600000,0.22
1713409200000,0.22
1713412800000,0.23
1713416400000,0.22
1713420000000,0.25
1713423600000,0.35
1713427200000,0.47
1713430800000,0.26
1713434400000,0.35
1713438000000,0.77
1713441600000,0.4
1713445200000,0.55
1713448800000,0.81
1713452400000,1.34
1713456000000,1.28
1713459600000,1.22
1713463200000,0.58
1713466800000,0.48
1713470400000,0.53
1713474000000,0.9
1713477600000,0.63
1713481200000,0.23
1713484800000,0.24
1713488400000,0.24
1713492000000,0.23
1713495600000,0.24
1713499200000,1
1713502800000,1.23
1713506400000,2.07
1713510000000,1.26
1713513600000,0.94
1713517200000,1.05
1713520800000,1
1713524400000,0.83
1713528000000,0.25
1713531600000,0.35
1713535200000,0.3
1713538800000,0.31
1713542400000,0.25
1713546000000,0.24
1713549600000,0.93
1713553200000,1.88
1713556800000,0.76
1713560400000,0.63
1713564000000,1.07
1713567600000,0.22
1713571200000,0.19
1713574800000,0.22
1713578400000,0.22
1713582000000,0.24
1713585600000,0.78
1713589200000,2.09
1713592800000,1.83
1713596400000,2.02
1713600000000,0.95
1713603600000,0.22
1713607200000,0.76
1713610800000,0.5
1713614400000,0.32
1713618000000,0.26
1713621600000,0.26
1713625200000,0.21
1713628800000,0.25
1713632400000,0.23
1713636000000,1.34
1713639600000,0.41
1713643200000,0.36
1713646800000,0.68
1713650400000,1.55
1713654000000,0.3
1713657600000,0.2
1713661200000,0.22
1713664800000,0.22
1713668400000,0.25
1713672000000,0.94
1713675600000,1.28
1713679200000,2.05
1713682800000,0.67
1713686400000,0.25
1713690000000,0.2
1713693600000,0.26
1713697200000,1.36
1713700800000,0.89
1713704400000,0.37
1713708000000,0.34
1713711600000,0.35
1713715200000,0.32
1713718800000,0.32
1713722400000,0.69
1713726000000,0.34
1713729600000,0.34
1713733200000,0.63
1713736800000,0.78
1713740400000,0.54
1713744000000,0.22
1713747600000,0.23
1713751200000,0.22
1713754800000,0.22
1713758400000,0.79
1713762000000,1.92
1713765600000,1.97
1713769200000,1.68
1713772800000,1
1713776400000,0.59
1713780000000,1.44
1713783600000,1.16
1713787200000,0.33
1713790800000,0.38
1713794400000,0.38
1713798000000,0.35
1713801600000,0.32
1713805200000,0.3
1713808800000,0.78
1713812400000,0.34
1713816000000,0.39
1713819600000,0.68
1713823200000,0.36
1713826800000,0.22
1713830400000,0.21
1713834000000,0.22
1713837600000,0.22
1713841200000,0.21
1713844800000,0.82
1713848400000,1.97
1713852000000,1.49
1713855600000,0.72
1713859200000,0.32
1713862800000,0.34
1713866400000,0.81
1713870000000,0.37
1713873600000,0.33
1713877200000,0.3
1713880800000,0.27
1713884400000,0.3
1713888000000,0.3
1713891600000,0.68
1713895200000,0.67
1713898800000,0.49
1713902400000,0.73
1713906000000,0.82
1713909600000,0.54
1713913200000,0.23
1713916800000,0.21
1713920400000,0.21
1713924000000,0.23
1713927600000,0.23
1713931200000,0.81
1713934800000,1.89
1713938400000,1.76
1713942000000,1.58
1713945600000,0.5
1713949200000,0.92
1713952800000,0.89
1713956400000,0.23
1713960000000,0.22
1713963600000,0.27
1713967200000,0.27
1713970800000,0.53
1713974400000,1.27
1713978000000,1.04
1713981600000,0.29
1713985200000,0.36
1713988800000,0.42
1713992400000,0.82
1713996000000,0.28
1713999600000,0.24
1714003200000,0.25
1714006800000,0.31
1714010400000,0.29
1714014000000,0.28
1714017600000,0.94
1714021200000,1.05
1714024800000,1.85
1714028400000,1.68
1714032000000,0.51
1714035600000,0.3
1714039200000,0.43
1714042800000,0.52
1714046400000,0.34
1714050000000,0.32
1714053600000,0.32
1714057200000,0.83
1714060800000,0.28
1714064400000,0.27
1714068000000,0.57
1714071600000,0.39
1714075200000,0.73
1714078800000,0.41
1714082400000,0.77
1714086000000,0.22
1714089600000,0.23
1714093200000,0.23
1714096800000,0.23
1714100400000,0.24
1714104000000,0.79
1714107600000,2.14
1714111200000,2.16
1714114800000,1.9
1714118400000,0.64
1714122000000,0.38
1714125600000,0.81
1714129200000,0.35
1714132800000,0.32
1714136400000,0.26
1714140000000,1.01
1714143600000,0.65
1714147200000,0.34
1714150800000,0.36
1714154400000,1.81
1714158000000,1.41
1714161600000,1.46
1714165200000,1.01
1714168800000,1.63
1714172400000,0.75
1714176000000,0.79
1714179600000,0.78
1714183200000,0.27
1714186800000,0.23
1714190400000,0.23
1714194000000,1.52
1714197600000,1.46
1714201200000,0.43
1714204800000,0.57
1714208400000,0.42
1714212000000,0.38
1714215600000,0.23
1714219200000,0.22
1714222800000,0.27
1714226400000,0.24
1714230000000,0.25
1714233600000,0.24
1714237200000,0.22
1714240800000,0.6
1714244400000,0.44
1714248000000,0.41
1714251600000,0.84
1714255200000,0.75
1714258800000,0.24
1714262400000,0.23
1714266000000,0.22
1714269600000,0.21
1714273200000,0.2
1714276800000,0.21
1714280400000,0.23
1714284000000,0.3
1714287600000,0.31
1714291200000,0.29
1714294800000,0.22
1714298400000,0.54
1714302000000,0.39
1714305600000,0.29
1714309200000,0.28
1714312800000,0.26
1714316400000,0.27
1714320000000,0.27
1714323600000,0.27
1714327200000,0.23
1714330800000,0.57
1714334400000,0.76
1714338000000,0.36
1714341600000,0.6
1714345200000,0.53
1714348800000,0.23
1714352400000,0.21
1714356000000,0.23
1714359600000,0.21
1714363200000,0.21
1714366800000,0.2
1714370400000,0.23
1714374000000,0.45
1714377600000,0.31
1714381200000,0.36
1714384800000,0.46
1714388400000,0.43
1714392000000,0.5
1714395600000,0.39
1714399200000,0.38
1714402800000,0.42
1714406400000,0.4
1714410000000,0.29
1714413600000,0.32
1714417200000,0.38
1714420800000,0.35
1714424400000,0.7
1714428000000,0.95
1714431600000,0.26
1714435200000,0.25
1714438800000,0.25
1714442400000,0.26
1714446000000,0.25
1714449600000,0.26
1714453200000,0.26
1714456800000,0.34
1714460400000,0.41
1714464000000,0.28
1714467600000,0.49
1714471200000,0.38
1714474800000,0.38
1714478400000,0.37
1714482000000,0.37
1714485600000,0.33
1714489200000,0.34
1714492800000,0.36
1714496400000,0.38
1714500000000,1.15
1714503600000,0.56
1714507200000,0.27
1714510800000,0.26
1714514400000,0.26
1714518000000,0.25
1714521600000,0.26
1714525200000,0.26
1714528800000,0.26
1714532400000,0.25
1714536000000,0.24
1714539600000,0.24
1714543200000,0.28
1714546800000,0.26
1714550400000,0.26
1714554000000,0.27
1714557600000,0.27
1714561200000,0.24
1714564800000,0.24
1714568400000,0.25
1714572000000,0.28
1714575600000,0.25
1714579200000,0.25
1714582800000,0.25
1714586400000,0.25
1714590000000,0.3
1714593600000,0.36
1714597200000,0.29
1714600800000,0.29
1714604400000,0.25
1714608000000,0.26
1714611600000,0.3
1714615200000,0.27
1714618800000,0.26
1714622400000,0.27
1714626000000,0.24
1714629600000,0.3
1714633200000,0.44
1714636800000,0.35
1714640400000,0.32
1714644000000,0.31
1714647600000,0.48
1714651200000,0.31
1714654800000,0.3
1714658400000,0.29
1714662000000,0.3
1714665600000,0.3
1714669200000,0.29
1714672800000,0.24
1714676400000,0.37
1714680000000,0.41
1714683600000,0.34
1714687200000,0.25
1714690800000,0.26
1714694400000,0.26
1714698000000,0.26
1714701600000,0.25
1714705200000,0.24
1714708800000,0.25
1714712400000,0.43
1714716000000,0.3
1714719600000,0.33
1714723200000,0.43
1714726800000,0.43
1714730400000,0.43
1714734000000,0.37
1714737600000,0.64
1714741200000,0.36
1714744800000,0.3
1714748400000,0.36
1714752000000,0.37
1714755600000,0.84
1714759200000,0.39
1714762800000,0.45
1714766400000,1.45
1714770000000,1
1714773600000,1.21
1714777200000,0.86
1714780800000,0.25
1714784400000,0.24
1714788000000,0.23
1714791600000,0.22
1714795200000,0.22
1714798800000,0.22
1714802400000,0.43
1714806000000,0.26
1714809600000,0.24
1714813200000,0.21
1714816800000,0.45
1714820400000,0.35
1714824000000,0.25
1714827600000,0.29
1714831200000,0.28
1714834800000,0.24
1714838400000,0.24
1714842000000,0.27
1714845600000,0.35
1714849200000,0.42
1714852800000,0.33
1714856400000,0.27
1714860000000,0.44
1714863600000,0.5
1714867200000,0.55
1714870800000,0.23
1714874400000,0.23
1714878000000,0.23
1714881600000,0.21
1714885200000,0.21
1714888800000,0.29
1714892400000,0.57
1714896000000,0.34
1714899600000,0.22
1714903200000,0.25
1714906800000,0.24
1714910400000,0.25
1714914000000,0.22
1714917600000,0.24
1714921200000,0.22
1714924800000,0.26
1714928400000,0.23
1714932000000,0.27
1714935600000,0.37
1714939200000,0.34
1714942800000,0.3
1714946400000,0.68
1714950000000,0.23
1714953600000,0.22
1714957200000,0.22
1714960800000,0.2
1714964400000,0.21
1714968000000,0.22
1714971600000,0.23
1714975200000,0.25
1714978800000,0.54
1714982400000,0.34
1714986000000,0.36
1714989600000,0.35
1714993200000,0.47
1714996800000,0.39
1715000400000,0.38
1715004000000,0.4
1715007600000,0.35
1715011200000,0.38
1715014800000,0.3
1715018400000,0.28
1715022000000,0.32
1715025600000,0.5
1715029200000,0.81
1715032800000,0.43
1715036400000,0.52
1715040000000,0.22
1715043600000,0.2
1715047200000,0.22
1715050800000,0.22
1715054400000,0.22
1715058000000,0.23
1715061600000,0.22
1715065200000,0.47
1715068800000,0.27
1715072400000,0.28
1715076000000,0.28
1715079600000,0.4
1715083200000,0.29
1715086800000,0.26
1715090400000,0.29
1715094000000,0.31
1715097600000,0.24
1715101200000,0.27
1715104800000,0.25
1715108400000,0.34
1715112000000,0.4
1715115600000,0.44
1715119200000,0.34
1715122800000,0.28
1715126400000,0.22
1715130000000,0.23
1715133600000,0.22
1715137200000,0.22
1715140800000,0.22
1715144400000,0.21
1715148000000,0.24
1715151600000,0.37
1715155200000,0.29
1715158800000,0.23
1715162400000,0.23
1715166000000,0.23
1715169600000,0.22
1715173200000,0.3
1715176800000,0.34
1715180400000,0.33
1715184000000,0.79
1715187600000,0.43
1715191200000,1.04
1715194800000,0.84
1715198400000,0.98
1715202000000,0.41
1715205600000,0.31
1715209200000,0.28
1715212800000,0.24
1715216400000,0.24
1715220000000,0.24
1715223600000,0.22
1715227200000,0.2
1715230800000,0.21
1715234400000,0.3
1715238000000,0.36
1715241600000,0.31
1715245200000,0.26
1715248800000,0.23
1715252400000,0.32
1715256000000,0.32
1715259600000,0.31
1715263200000,0.29
1715266800000,0.32
1715270400000,0.31
1715274000000,0.32
1715277600000,0.28
1715281200000,0.4
1715284800000,0.46
1715288400000,0.41
1715292000000,0.33
1715295600000,0.22
1715299200000,0.23
1715302800000,0.22
1715306400000,0.22
1715310000000,0.22
1715313600000,0.2
1715317200000,0.23
1715320800000,0.22
1715324400000,0.38
1715328000000,0.56
1715331600000,0.63
1715335200000,0.36
1715338800000,0.59
1715342400000,0.56
1715346000000,0.32
1715349600000,0.4
1715353200000,0.38
1715356800000,0.3
1715360400000,0.24
1715364000000,0.27
1715367600000,0.43
1715371200000,0.44
1715374800000,0.43
1715378400000,0.3
1715382000000,0.22
1715385600000,0.21
1715389200000,0.24
1715392800000,0.22
1715396400000,0.23
1715400000000,0.22
1715403600000,0.34
1715407200000,0.35
1715410800000,0.23
1715414400000,0.22
1715418000000,0.24
1715421600000,0.97
1715425200000,0.42
1715428800000,0.85
1715432400000,1.74
1715436000000,1.01
1715439600000,1.37
1715443200000,0.83
1715446800000,1.01
1715450400000,0.37
1715454000000,0.54
1715457600000,0.85
1715461200000,0.79
1715464800000,0.8
1715468400000,0.37
1715472000000,0.33
1715475600000,0.34
1715479200000,0.32
1715482800000,0.31
1715486400000,0.29
1715490000000,0.32
1715493600000,0.51
1715497200000,0.47
1715500800000,0.32
1715504400000,0.33
1715508000000,0.34
1715511600000,0.31
1715515200000,1.1
1715518800000,0.76
1715522400000,0.98
1715526000000,0.46
1715529600000,0.86
1715533200000,0.88
1715536800000,1.08
1715540400000,0.91
1715544000000,0.48
1715547600000,0.65
1715551200000,1
1715554800000,0.82
1715558400000,0.53
1715562000000,0.3
1715565600000,0.3
1715569200000,0.29
1715572800000,0.3
1715576400000,0.28
1715580000000,0.5
1715583600000,0.37
1715587200000,1.12
1715590800000,1.13
1715594400000,0.5
1715598000000,1.2
1715601600000,1.32
1715605200000,0.72
1715608800000,0.59
1715612400000,0.52
1715616000000,0.5
1715619600000,0.48
1715623200000,0.71
1715626800000,0.61
1715630400000,0.87
1715634000000,0.71
1715637600000,0.77
1715641200000,0.33
1715644800000,0.33
1715648400000,0.32
1715652000000,0.31
1715655600000,0.28
1715659200000,0.29
1715662800000,0.32
1715666400000,0.34
1715670000000,0.38
1715673600000,0.56
1715677200000,0.43
1715680800000,0.42
1715684400000,0.59
1715688000000,0.8
1715691600000,1.01
1715695200000,0.92
1715698800000,0.55
1715702400000,0.47
1715706000000,0.35
1715709600000,0.83
1715713200000,0.37
1715716800000,0.57
1715720400000,0.45
1715724000000,0.82
1715727600000,0.3
1715731200000,0.28
1715734800000,0.27
1715738400000,0.3
1715742000000,0.31
1715745600000,0.29
1715749200000,0.21
1715752800000,0.53
1715756400000,0.41
1715760000000,0.33
1715763600000,0.34
1715767200000,0.34
1715770800000,0.33
1715774400000,0.38
1715778000000,0.54
1715781600000,0.43
1715785200000,0.39
1715788800000,0.43
1715792400000,0.33
1715796000000,0.3
1715799600000,0.78
1715803200000,0.33
1715806800000,0.31
1715810400000,0.78
1715814000000,0.23
1715817600000,0.22
1715821200000,0.22
1715824800000,0.23
1715828400000,0.21
1715832000000,0.2
1715835600000,0.24
1715839200000,0.22
1715842800000,1.16
1715846400000,0.28
1715850000000,0.24
1715853600000,0.25
1715857200000,0.32
1715860800000,0.68
1715864400000,0.55
1715868000000,0.43
1715871600000,0.41
1715875200000,0.35
1715878800000,0.66
1715882400000,0.92
1715886000000,0.26
1715889600000,1.16
1715893200000,0.46
1715896800000,0.81
1715900400000,0.31
1715904000000,0.36
1715907600000,0.28
1715911200000,0.3
1715914800000,0.32
1715918400000,0.28
1715922000000,0.22
1715925600000,0.3
1715929200000,0.49
1715932800000,0.33
1715936400000,0.93
1715940000000,0.32
1715943600000,0.31
1715947200000,0.33
1715950800000,0.34
1715954400000,0.33
1715958000000,0.43
1715961600000,0.39
1715965200000,0.32
1715968800000,0.86
1715972400000,0.7
1715976000000,0.75
1715979600000,0.88
1715983200000,0.54
1715986800000,0.24
1715990400000,0.23
1715994000000,0.2
1715997600000,0.22
1716001200000,0.23
1716004800000,0.23
1716008400000,0.48
1716012000000,0.29
1716015600000,0.34
1716019200000,1.13
1716022800000,1.7
1716026400000,1.98
1716030000000,1.48
1716033600000,1.15
1716037200000,0.48
1716040800000,0.46
1716044400000,0.47
1716048000000,0.47
1716051600000,1.03
1716055200000,1.65
1716058800000,1.28
1716062400000,0.51
1716066000000,0.4
1716069600000,0.28
1716073200000,0.26
1716076800000,0.27
1716080400000,0.27
1716084000000,0.27
1716087600000,0.24
1716091200000,0.21
1716094800000,0.27
1716098400000,0.23
1716102000000,0.58
1716105600000,0.72
1716109200000,0.59
1716112800000,0.38
1716116400000,0.5
1716120000000,0.33
1716123600000,0.28
1716127200000,0.42
1716130800000,0.46
1716134400000,0.43
1716138000000,0.36
1716141600000,0.41
1716145200000,0.79
1716148800000,0.65
1716152400000,0.45
1716156000000,0.73
1716159600000,0.32
1716163200000,0.27
1716166800000,0.25
1716170400000,0.27
1716174000000,0.23
1716177600000,0.21
1716181200000,0.26
1716184800000,0.46
1716188400000,0.33
1716192000000,0.56
1716195600000,0.83
1716199200000,0.81
1716202800000,0.5
1716206400000,1.09
1716210000000,0.53
1716213600000,0.52
1716217200000,0.56
1716220800000,0.5
1716224400000,0.36
1716228000000,0.55
1716231600000,0.78
1716235200000,1.18
1716238800000,0.63
1716242400000,0.7
1716246000000,0.3
1716249600000,0.2
1716253200000,0.26
1716256800000,0.21
1716260400000,0.24
1716264000000,0.24
1716267600000,0.2
1716271200000,0.45
1716274800000,0.22
1716278400000,0.32
1716282000000,0.39
1716285600000,0.32
1716289200000,0.34
1716292800000,0.49
1716296400000,0.49
1716300000000,0.51
1716303600000,0.46
1716307200000,0.36
1716310800000,0.4
1716314400000,0.39
1716318000000,0.49
1716321600000,0.47
1716325200000,0.77
1716328800000,0.26
1716332400000,0.24
1716336000000,0.2
1716339600000,0.25
1716343200000,0.22
1716346800000,0.22
1716350400000,0.25
1716354000000,0.17
1716357600000,0.29
1716361200000,0.45
1716364800000,0.32
1716368400000,0.43
1716372000000,0.73
1716375600000,0.3
1716379200000,0.46
1716382800000,0.41
1716386400000,0.43
1716390000000,0.5
1716393600000,0.39
1716397200000,0.44
1716400800000,0.5
1716404400000,0.47
1716408000000,1.54
1716411600000,0.5
1716415200000,0.87
1716418800000,0.29
1716422400000,0.23
1716426000000,0.27
1716429600000,0.26
1716433200000,0.24
1716436800000,0.29
1716440400000,0.2
1716444000000,0.42
1716447600000,0.44
1716451200000,0.35
1716454800000,0.35
1716458400000,0.35
1716462000000,0.75
1716465600000,0.45
1716469200000,0.49
1716472800000,0.6
1716476400000,0.49
1716480000000,0.49
1716483600000,0.56
1716487200000,0.42
1716490800000,0.46
1716494400000,0.85
1716498000000,0.5
1716501600000,0.87
1716505200000,0.33
1716508800000,0.32
1716512400000,0.38
1716516000000,0.22
1716519600000,0.29
1716523200000,0.23
1716526800000,0.24
1716530400000,0.44
1716534000000,0.29
1716537600000,0.32
1716541200000,0.36
1716544800000,0.38
1716548400000,0.34
1716552000000,0.27
1716555600000,0.43
1716559200000,0.44
1716562800000,0.52
1716566400000,0.51
1716570000000,0.43
1716573600000,0.45
1716577200000,0.36
1716580800000,0.67
1716584400000,0.45
1716588000000,0.75
1716591600000,0.35
1716595200000,0.32
1716598800000,0.28
1716602400000,0.32
1716606000000,0.26
1716609600000,0.33
1716613200000,0.29
1716616800000,0.33
1716620400000,0.69
1716624000000,0.36
1716627600000,0.3
1716631200000,0.28
1716634800000,0.26
1716638400000,1.38
1716642000000,0.42
1716645600000,0.61
1716649200000,0.45
1716652800000,0.65
1716656400000,0.28
1716660000000,0.32
1716663600000,0.89
1716667200000,0.38
1716670800000,0.77
1716674400000,0.71
1716678000000,0.71
1716681600000,0.53
1716685200000,0.24
1716688800000,0.24
1716692400000,0.28
1716696000000,0.34
1716699600000,0.8
1716703200000,0.43
1716706800000,0.63
1716710400000,0.78
1716714000000,0.89
1716717600000,1.1
1716721200000,0.97
1716724800000,0.53
1716728400000,0.53
1716732000000,0.62
1716735600000,0.65
1716739200000,1.16
1716742800000,1.33
1716746400000,1.84
1716750000000,0.86
1716753600000,0.93
1716757200000,0.74
1716760800000,1.39
1716764400000,0.35
1716768000000,0.35
1716771600000,0.34
1716775200000,0.3
1716778800000,0.26
1716782400000,0.31
1716786000000,0.33
1716789600000,0.56
1716793200000,0.67
1716796800000,0.37
1716800400000,0.5
1716804000000,0.42
1716807600000,0.56
1716811200000,0.5
1716814800000,0.51
1716818400000,0.67
1716822000000,0.46
1716825600000,0.37
1716829200000,0.37
1716832800000,1.01
1716836400000,0.7
1716840000000,0.67
1716843600000,0.52
1716847200000,0.77
1716850800000,0.33
1716854400000,0.28
1716858000000,0.3
1716861600000,0.31
1716865200000,0.25
1716868800000,0.29
1716872400000,0.25
1716876000000,0.29
1716879600000,0.49
1716883200000,0.31
1716886800000,0.47
1716890400000,0.45
1716894000000,0.48
1716897600000,0.6
1716901200000,0.71
1716904800000,0.6
1716908400000,0.98
1716912000000,0.6
1716915600000,0.57
1716919200000,0.51
1716922800000,0.42
1716926400000,0.5
1716930000000,0.46
1716933600000,0.87
1716937200000,0.33
1716940800000,0.25
1716944400000,0.29
1716948000000,0.27
1716951600000,0.21
1716955200000,0.23
1716958800000,0.19
1716962400000,0.25
1716966000000,0.41
1716969600000,0.37
1716973200000,0.45
1716976800000,0.41
1716980400000,1.16
1716984000000,1.11
1716987600000,0.6
1716991200000,0.79
1716994800000,0.8
1716998400000,1.39
1717002000000,1.12
1717005600000,0.58
1717009200000,0.96
1717012800000,1.04
1717016400000,0.96
1717020000000,1.29
1717023600000,1.13
1717027200000,0.67
1717030800000,0.67
1717034400000,0.29
1717038000000,0.37
1717041600000,1.06
1717045200000,0.3
1717048800000,0.43
1717052400000,0.8
1717056000000,1.02
1717059600000,0.98
1717063200000,0.76
1717066800000,0.46
1717070400000,0.6
1717074000000,0.57
1717077600000,0.68
1717081200000,0.55
1717084800000,0.55
1717088400000,0.54
1717092000000,0.39
1717095600000,0.57
1717099200000,0.94
1717102800000,1.24
1717106400000,1.4
1717110000000,0.51
1717113600000,0.43
1717117200000,0.37
1717120800000,0.28
1717124400000,0.35
1717128000000,0.27
1717131600000,0.35
1717135200000,0.98
1717138800000,0.45
1717142400000,0.51
1717146000000,0.45
1717149600000,0.46
1717153200000,0.45
1717156800000,0.32
1717160400000,0.51
1717164000000,0.52
1717167600000,0.48
1717171200000,0.59
1717174800000,0.45
1717178400000,0.69
1717182000000,0.48
1717185600000,0.41
1717189200000,1.1
1717192800000,0.4
1717196400000,0.24
1717200000000,0.31
1717203600000,0.28
1717207200000,0.28
1717210800000,0.31
1717214400000,0.24
1717218000000,0.34
1717221600000,0.41
1717225200000,0.36
1717228800000,1.21
1717232400000,0.35
1717236000000,0.31
1717239600000,0.3
1717243200000,0.34
1717246800000,0.28
1717250400000,0.38
1717254000000,0.3
1717257600000,0.35
1717261200000,0.28
1717264800000,0.7
1717268400000,0.33
1717272000000,0.19
1717275600000,0.68
1717279200000,1.36
1717282800000,0.23
1717286400000,0.27
1717290000000,0.19
1717293600000,0.27
1717297200000,0.21
1717300800000,0.23
1717304400000,0.26
1717308000000,0.36
1717311600000,0.97
1717315200000,0.72
1717318800000,0.48
1717322400000,0.86
1717326000000,1.87
1717329600000,0.93
1717333200000,0.7
1717336800000,0.61
1717340400000,0.82
1717344000000,0.6
1717347600000,0.66
1717351200000,0.77
1717354800000,0.76
1717358400000,0.65
1717362000000,0.42
1717365600000,0.71
1717369200000,0.66
1717372800000,0.26
1717376400000,0.35
1717380000000,0.29
1717383600000,0.3
1717387200000,0.31
1717390800000,0.26
1717394400000,0.47
1717398000000,0.37
1717401600000,0.54
1717405200000,0.43
1717408800000,0.52
1717412400000,0.62
1717416000000,0.57
1717419600000,0.59
1717423200000,0.44
1717426800000,0.47
1717430400000,0.52
1717434000000,0.52
1717437600000,0.95
1717441200000,0.46
1717444800000,0.44
1717448400000,0.57
1717452000000,0.52
1717455600000,0.24
1717459200000,0.24
1717462800000,0.18
1717466400000,0.31
1717470000000,0.2
1717473600000,0.22
1717477200000,0.27
1717480800000,0.26
1717484400000,0.39
1717488000000,0.94
1717491600000,0.31
1717495200000,0.25
1717498800000,0.34
1717502400000,0.32
1717506000000,0.36
1717509600000,0.46
1717513200000,0.4
1717516800000,0.48
1717520400000,0.33
1717524000000,0.73
1717527600000,0.73
1717531200000,0.46
1717534800000,0.61
1717538400000,0.81
1717542000000,0.26
1717545600000,0.26
1717549200000,0.26
1717552800000,0.26
1717556400000,0.21
1717560000000,0.17
1717563600000,0.28
1717567200000,0.42
1717570800000,0.31
1717574400000,0.26
1717578000000,0.31
1717581600000,0.35
1717585200000,0.32
1717588800000,0.5
1717592400000,0.41
1717596000000,0.48
1717599600000,0.47
1717603200000,0.5
1717606800000,0.51
1717610400000,0.45
1717614000000,0.39
1717617600000,0.6
1717621200000,0.6
1717624800000,0.88
1717628400000,0.34
1717632000000,0.33
1717635600000,0.33
1717639200000,0.31
1717642800000,0.33
1717646400000,0.24
1717650000000,0.32
1717653600000,0.49
1717657200000,0.34
1717660800000,0.37
1717664400000,0.46
1717668000000,0.51
1717671600000,0.46
1717675200000,0.44
1717678800000,0.57
1717682400000,0.63
1717686000000,0.63
1717689600000,0.68
1717693200000,0.58
1717696800000,0.51
1717700400000,0.53
1717704000000,0.45
1717707600000,1.05
1717711200000,0.34
1717714800000,0.36
1717718400000,0.34
1717722000000,0.23
1717725600000,0.26
1717729200000,0.26
1717732800000,0.22
1717736400000,0.31
1717740000000,0.34
1717743600000,0.42
1717747200000,0.42
1717750800000,0.62
1717754400000,0.63
1717758000000,0.64
1717761600000,0.53
1717765200000,0.64
1717768800000,0.65
1717772400000,0.65
1717776000000,0.66
1717779600000,0.59
1717783200000,0.44
1717786800000,0.46
1717790400000,0.55
1717794000000,0.87
1717797600000,1.59
1717801200000,0.39
1717804800000,0.27
1717808400000,0.26
1717812000000,0.26
1717815600000,0.25
1717819200000,0.23
1717822800000,0.26
1717826400000,0.48
1717830000000,0.55
1717833600000,1.16
1717837200000,0.7
1717840800000,1.13
1717844400000,1.32
1717848000000,1.32
1717851600000,1.2
1717855200000,1.16
1717858800000,0.68
1717862400000,0.69
1717866000000,1.01
1717869600000,1.21
1717873200000,1.27
1717876800000,1.4
1717880400000,1.15
1717884000000,1.11
1717887600000,1.83
1717891200000,0.58
1717894800000,0.35
1717898400000,0.41
1717902000000,0.37
1717905600000,0.36
1717909200000,0.3
1717912800000,0.35
1717916400000,1.45
1717920000000,0.61
1717923600000,0.52
1717927200000,0.5
1717930800000,0.45
1717934400000,0.47
1717938000000,0.45
1717941600000,0.53
1717945200000,0.57
1717948800000,0.61
1717952400000,0.56
1717956000000,0.43
1717959600000,0.59
1717963200000,0.55
1717966800000,0.52
1717970400000,0.35
1717974000000,0.31
1717977600000,0.31
1717981200000,0.34
1717984800000,0.3
1717988400000,0.3
1717992000000,0.29
1717995600000,0.29
1717999200000,0.47
1718002800000,0.46
1718006400000,0.37
1718010000000,0.96
1718013600000,0.42
1718017200000,0.43
1718020800000,0.54
1718024400000,0.45
1718028000000,0.41
1718031600000,0.36
1718035200000,0.52
1718038800000,0.66
1718042400000,1.21
1718046000000,0.79
1718049600000,0.73
1718053200000,0.56
1718056800000,0.84
1718060400000,0.22
1718064000000,0.19
1718067600000,0.23
1718071200000,0.23
1718074800000,0.21
1718078400000,0.19
1718082000000,0.22
1718085600000,0.24
1718089200000,0.43
1718092800000,0.25
1718096400000,0.3
1718100000000,0.32
1718103600000,0.35
1718107200000,0.27
1718110800000,0.47
1718114400000,0.45
1718118000000,0.5
1718121600000,0.48
1718125200000,0.47
1718128800000,0.91
1718132400000,0.45
1718136000000,0.39
1718139600000,0.35
1718143200000,0.75
1718146800000,0.23
1718150400000,0.21
1718154000000,0.21
1718157600000,0.21
1718161200000,0.23
1718164800000,0.22
1718168400000,0.22
1718172000000,0.37
1718175600000,0.37
1718179200000,0.25
1718182800000,0.32
1718186400000,0.28
1718190000000,0.36
1718193600000,0.31
1718197200000,0.29
1718200800000,0.29
1718204400000,0.28
1718208000000,0.31
1718211600000,0.43
1718215200000,0.55
1718218800000,0.35
1718222400000,0.31
1718226000000,0.32
1718229600000,0.23
1718233200000,0.22
1718236800000,0.23
1718240400000,0.19
1718244000000,0.21
1718247600000,0.23
1718251200000,0.21
1718254800000,0.23
1718258400000,0.35
1718262000000,0.35
1718265600000,0.26
1718269200000,0.28
1718272800000,0.29
1718276400000,0.41
1718280000000,0.25
1718283600000,0.35
1718287200000,0.36
1718290800000,0.25
1718294400000,0.24
1718298000000,0.32
1718301600000,1.23
1718305200000,0.85
1718308800000,0.56
1718312400000,1.28
1718316000000,0.22
1718319600000,0.23
1718323200000,0.23
1718326800000,0.21
1718330400000,0.21
1718334000000,0.21
1718337600000,0.22
1718341200000,0.23
1718344800000,0.24
1718348400000,0.29
1718352000000,0.31
1718355600000,0.38
1718359200000,0.47
1718362800000,0.42
1718366400000,0.31
1718370000000,0.43
1718373600000,0.5
1718377200000,0.47
1718380800000,0.38
1718384400000,0.37
1718388000000,0.83
1718391600000,0.35
1718395200000,0.41
1718398800000,0.92
1718402400000,0.31
1718406000000,0.25
1718409600000,0.21
1718413200000,0.23
1718416800000,0.21
1718420400000,0.21
1718424000000,0.2
1718427600000,0.23
1718431200000,0.28
1718434800000,0.45
1718438400000,0.37
1718442000000,0.38
1718445600000,0.86
1718449200000,0.55
1718452800000,0.74
1718456400000,1.36
1718460000000,0.97
1718463600000,0.94
1718467200000,0.6
1718470800000,0.6
1718474400000,0.58
1718478000000,0.53
1718481600000,0.52
1718485200000,0.4
1718488800000,0.98
1718492400000,0.33
1718496000000,0.31
1718499600000,0.29
1718503200000,0.27
1718506800000,0.26
1718510400000,0.22
1718514000000,0.23
1718517600000,0.33
1718521200000,0.3
1718524800000,1.12
1718528400000,0.29
1718532000000,0.36
1718535600000,0.35
1718539200000,0.33
1718542800000,0.36
1718546400000,0.33
1718550000000,0.43
1718553600000,0.47
1718557200000,0.41
1718560800000,0.43
1718564400000,0.44
1718568000000,0.54
1718571600000,0.42
1718575200000,0.29
1718578800000,0.27
1718582400000,0.21
1718586000000,0.23
1718589600000,0.23
1718593200000,0.19
1718596800000,0.2
1718600400000,0.23
1718604000000,0.23
1718607600000,0.72
1718611200000,0.43
1718614800000,0.83
1718618400000,0.98
1718622000000,1.17
1718625600000,1.39
1718629200000,1.05
1718632800000,1.41
1718636400000,1.17
1718640000000,0.8
1718643600000,0.65
1718647200000,0.76
1718650800000,0.8
1718654400000,0.73
1718658000000,0.58
1718661600000,0.91
1718665200000,0.44
1718668800000,0.38
1718672400000,0.41
1718676000000,0.34
1718679600000,0.33
1718683200000,0.33
1718686800000,0.35
1718690400000,0.53
1718694000000,0.47
1718697600000,1.28
1718701200000,0.64
1718704800000,0.69
1718708400000,0.77
1718712000000,1.39
1718715600000,1.95
1718719200000,1.01
1718722800000,0.89
1718726400000,0.82
1718730000000,1.23
1718733600000,0.86
1718737200000,0.57
1718740800000,0.69
1718744400000,0.66
1718748000000,0.82
1718751600000,0.87
1718755200000,0.48
1718758800000,0.48
1718762400000,0.35
1718766000000,0.44
1718769600000,0.3
1718773200000,0.39
1718776800000,0.41
1718780400000,0.72
1718784000000,0.71
1718787600000,2.06
1718791200000,1.72
1718794800000,0.62
1718798400000,0.91
1718802000000,0.82
1718805600000,0.8
1718809200000,0.76
1718812800000,0.67
1718816400000,0.66
1718820000000,0.6
1718823600000,0.58
1718827200000,1.02
1718830800000,0.64
1718834400000,0.8
1718838000000,0.48
1718841600000,0.41
1718845200000,0.38
1718848800000,0.39
1718852400000,0.27
1718856000000,0.3
1718859600000,0.29
1718863200000,0.52
1718866800000,0.68
1718870400000,0.6
1718874000000,0.56
1718877600000,0.64
1718881200000,0.73
1718884800000,0.7
1718888400000,0.62
1718892000000,0.64
1718895600000,0.6
1718899200000,0.65
1718902800000,0.63
1718906400000,0.58
1718910000000,0.68
1718913600000,0.75
1718917200000,0.65
1718920800000,0.44
1718924400000,0.46
1718928000000,0.39
1718931600000,0.46
1718935200000,0.46
1718938800000,0.39
1718942400000,0.42
1718946000000,0.44
1718949600000,0.69
1718953200000,0.49
1718956800000,0.51
1718960400000,0.55
1718964000000,0.53
1718967600000,0.63
1718971200000,0.62
1718974800000,0.72
1718978400000,0.67
1718982000000,0.75
1718985600000,0.59
1718989200000,0.7
1718992800000,0.54
1718996400000,0.67
1719000000000,0.68
1719003600000,0.63
1719007200000,0.5
1719010800000,0.58
1719014400000,0.44
1719018000000,0.46
1719021600000,0.5
1719025200000,0.46
1719028800000,0.53
1719032400000,0.42
1719036000000,0.42
1719039600000,0.43
1719043200000,0.36
1719046800000,0.52
1719050400000,0.85
1719054000000,0.75
1719057600000,0.44
1719061200000,0.45
1719064800000,0.55
1719068400000,0.47
1719072000000,0.54
1719075600000,0.49
1719079200000,0.48
1719082800000,0.41
1719086400000,0.54
1719090000000,0.42
1719093600000,0.43
1719097200000,0.44
1719100800000,0.42
1719104400000,0.39
1719108000000,0.29
1719111600000,0.36
1719115200000,0.3
1719118800000,0.39
1719122400000,0.4
1719126000000,0.41
1719129600000,0.5
1719133200000,0.44
1719136800000,0.6
1719140400000,0.48
1719144000000,0.5
1719147600000,0.49
1719151200000,0.67
1719154800000,0.57
1719158400000,0.94
1719162000000,0.86
1719165600000,0.52
1719169200000,0.65
1719172800000,0.5
1719176400000,0.56
1719180000000,0.39
1719183600000,0.4
1719187200000,0.33
1719190800000,0.42
1719194400000,0.35
1719198000000,0.32
1719201600000,0.31
1719205200000,0.3
1719208800000,0.51
1719212400000,0.4
1719216000000,0.44
1719219600000,0.96
1719223200000,0.73
1719226800000,1.49
1719230400000,1.28
1719234000000,1.34
1719237600000,0.66
1719241200000,0.64
1719244800000,0.62
1719248400000,0.63
1719252000000,0.49
1719255600000,0.47
1719259200000,0.75
1719262800000,0.96
1719266400000,0.56
1719270000000,0.46
1719273600000,0.39
1719277200000,0.4
1719280800000,0.35
1719284400000,0.34
1719288000000,0.36
1719291600000,0.82
1719295200000,0.49
1719298800000,0.5
1719302400000,0.56
1719306000000,0.65
1719309600000,0.66
1719313200000,0.79
1719316800000,0.67
1719320400000,0.66
1719324000000,0.69
1719327600000,0.57
1719331200000,0.71
1719334800000,0.73
1719338400000,0.69
1719342000000,0.61
1719345600000,0.75
1719349200000,0.91
1719352800000,0.8
1719356400000,0.43
1719360000000,0.38
1719363600000,0.71
1719367200000,0.37
1719370800000,0.34
1719374400000,0.35
1719378000000,0.4
1719381600000,0.43
1719385200000,0.45
1719388800000,0.58
1719392400000,0.53
1719396000000,0.59
1719399600000,0.71
1719403200000,0.66
1719406800000,0.73
1719410400000,0.67
1719414000000,0.74
1719417600000,0.73
1719421200000,0.7
1719424800000,0.6
1719428400000,0.58
1719432000000,0.8
1719435600000,0.52
1719439200000,1.2
1719442800000,0.44
1719446400000,0.5
1719450000000,0.46
1719453600000,0.42
1719457200000,0.48
1719460800000,0.42
1719464400000,0.45
1719468000000,0.59
1719471600000,1.42
1719475200000,0.83
1719478800000,0.6
1719482400000,0.59
1719486000000,0.68
1719489600000,0.52
1719493200000,0.54
1719496800000,0.55
1719500400000,0.64
1719504000000,0.62
1719507600000,0.89
1719511200000,1.06
1719514800000,1.93
1719518400000,1.69
1719522000000,1.52
1719525600000,1.94
1719529200000,0.96
1719532800000,0.93
1719536400000,0.67
1719540000000,0.35
1719543600000,0.4
1719547200000,0.37
1719550800000,0.84
1719554400000,0.55
1719558000000,0.89
1719561600000,0.72
1719565200000,1.16
1719568800000,0.84
1719572400000,1.17
1719576000000,0.84
1719579600000,0.76
1719583200000,0.9
1719586800000,0.98
1719590400000,1.48
1719594000000,1.18
1719597600000,0.91
1719601200000,1.76
1719604800000,1.46
1719608400000,1.54
1719612000000,1.23
1719615600000,1.04
1719619200000,0.77
1719622800000,0.83
1719626400000,0.61
1719630000000,0.77
1719633600000,0.68
1719637200000,1.3
1719640800000,0.93
1719644400000,0.8
1719648000000,0.79
1719651600000,0.85
1719655200000,0.74
1719658800000,0.65
1719662400000,0.72
1719666000000,0.6
1719669600000,0.69
1719673200000,0.72
1719676800000,0.63
1719680400000,0.94
1719684000000,0.86
1719687600000,0.72
1719691200000,0.64
1719694800000,0.61
1719698400000,0.54
1719702000000,0.5
1719705600000,0.54
1719709200000,0.48
1719712800000,0.54
1719716400000,0.48
1719720000000,0.48
1719723600000,0.53
1719727200000,0.41
1719730800000,0.65
1719734400000,0.62
1719738000000,0.86
1719741600000,1.18
1719745200000,2.57
1719748800000,1.93
1719752400000,1.08
1719756000000,1.32
1719759600000,1.31
1719763200000,0.96
1719766800000,0.78
1719770400000,1.04
1719774000000,1.1
1719777600000,0.64
1719781200000,0.61
1719784800000,0.56
1719788400000,0.61
1719792000000,0.6
1719795600000,0.56
1719799200000,0.46
1719802800000,0.48
1719806400000,0.47
1719810000000,0.48
1719813600000,0.57
1719817200000,0.48
1719820800000,0.66
1719824400000,1.02
1719828000000,1.05
1719831600000,0.95
1719835200000,1.13
1719838800000,0.95
1719842400000,0.79
1719846000000,0.64
1719849600000,0.63
1719853200000,0.56
1719856800000,0.57
1719860400000,0.54
1719864000000,0.59
1719867600000,0.98
1719871200000,0.56
1719874800000,0.39
1719878400000,0.38
1719882000000,0.33
1719885600000,0.38
1719889200000,0.33
1719892800000,0.29
1719896400000,0.32
1719900000000,0.36
1719903600000,0.73
1719907200000,0.93
1719910800000,0.82
1719914400000,0.37
1719918000000,0.35
1719921600000,0.36
1719925200000,0.35
1719928800000,0.33
1719932400000,0.34
1719936000000,0.32
1719939600000,0.3
1719943200000,0.72
1719946800000,1.03
1719950400000,0.52
1719954000000,0.56
1719957600000,0.77
1719961200000,0.42
1719964800000,0.38
1719968400000,0.35
1719972000000,0.33
1719975600000,0.34
1719979200000,0.31
1719982800000,0.33
1719986400000,0.47
1719990000000,0.6
1719993600000,0.38
1719997200000,0.38
1720000800000,0.49
1720004400000,0.75
1720008000000,0.76
1720011600000,0.55
1720015200000,0.48
1720018800000,0.5
1720022400000,0.46
1720026000000,0.48
1720029600000,1.1
1720033200000,0.71
1720036800000,1.3
1720040400000,0.47
1720044000000,0.75
1720047600000,0.3
1720051200000,0.29
1720054800000,0.29
1720058400000,0.29
1720062000000,0.27
1720065600000,0.29
1720069200000,0.25
1720072800000,0.4
1720076400000,0.27
1720080000000,0.47
1720083600000,0.45
1720087200000,0.5
1720090800000,0.52
1720094400000,0.76
1720098000000,0.76
1720101600000,1.49
1720105200000,1.13
1720108800000,1.06
1720112400000,0.61
1720116000000,1.4
1720119600000,1.65
1720123200000,1.06
1720126800000,0.52
1720130400000,1.13
1720134000000,0.37
1720137600000,0.32
1720141200000,0.31
1720144800000,0.35
1720148400000,0.31
1720152000000,0.3
1720155600000,0.31
1720159200000,0.36
1720162800000,0.45
1720166400000,0.31
1720170000000,0.49
1720173600000,0.47
1720177200000,0.55
1720180800000,0.56
1720184400000,0.52
1720188000000,0.53
1720191600000,0.55
1720195200000,0.55
1720198800000,0.54
1720202400000,0.5
1720206000000,0.42
1720209600000,0.81
1720213200000,0.83
1720216800000,0.54
1720220400000,0.36
1720224000000,0.37
1720227600000,0.34
1720231200000,0.35
1720234800000,0.31
1720238400000,0.31
1720242000000,0.3
1720245600000,0.32
1720249200000,0.45
1720252800000,0.36
1720256400000,0
1720260000000,1.14
1720263600000,1.22
1720267200000,1.08
1720270800000,2.27
1720274400000,1.39
1720278000000,1.4
1720281600000,1.13
1720285200000,0.75
1720288800000,0.58
1720292400000,0.58
1720296000000,0.8
1720299600000,0.7
1720303200000,0.48
1720306800000,0.46
1720310400000,0.4
1720314000000,0.39
1720317600000,0.38
1720321200000,0.37
1720324800000,0.29
1720328400000,0.29
1720332000000,0.31
1720335600000,0.47
1720339200000,0.45
1720342800000,0.77
1720346400000,0.83
1720350000000,0.84
1720353600000,0.84
1720357200000,0.89
1720360800000,0.9
1720364400000,0.83
1720368000000,0.89
1720371600000,0.63
1720375200000,0.55
1720378800000,0.67
1720382400000,0.98
1720386000000,0.58
1720389600000,0.81
1720393200000,0.79
1720396800000,0.4
1720400400000,0.44
1720404000000,0.39
1720407600000,0.36
1720411200000,0.36
1720414800000,0.33
1720418400000,0.37
1720422000000,0.6
1720425600000,0.61
1720429200000,0.6
1720432800000,0.68
1720436400000,0.83
1720440000000,0.83
1720443600000,1.02
1720447200000,1.05
1720450800000,1.15
1720454400000,0.93
1720458000000,1.03
1720461600000,0.92
1720465200000,0.85
1720468800000,0.7
1720472400000,0.86
1720476000000,1.19
1720479600000,0.71
1720483200000,0.41
1720486800000,0.42
1720490400000,0.41
1720494000000,0.38
1720497600000,0.31
1720501200000,0.37
1720504800000,0.4
1720508400000,0.61
1720512000000,0.57
1720515600000,0.67
1720519200000,0.7
1720522800000,0.76
1720526400000,0.82
1720530000000,0.86
1720533600000,1.04
1720537200000,1.11
1720540800000,1.07
1720544400000,1.02
1720548000000,0.89
1720551600000,1.22
1720555200000,1.02
1720558800000,0.7
1720562400000,0.65
1720566000000,0.54
1720569600000,0.52
1720573200000,0.48
1720576800000,0.5
1720580400000,0.4
1720584000000,0.39
1720587600000,0.52
1720591200000,0.56
1720594800000,0.65
1720598400000,0.89
1720602000000,1.46
1720605600000,1.37
1720609200000,1.43
1720612800000,1.41
1720616400000,1.34
1720620000000,1.11
1720623600000,1.13
1720627200000,1
1720630800000,0.83
1720634400000,0.89
1720638000000,1
1720641600000,0.83
1720645200000,0.71
1720648800000,0.58
1720652400000,0.61
1720656000000,0.58
1720659600000,0.54
1720663200000,0.54
1720666800000,0.52
1720670400000,0.48
1720674000000,0.53
1720677600000,0.8
1720681200000,0.9
1720684800000,1
1720688400000,0.93
1720692000000,1.1
1720695600000,1.22
1720699200000,1.43
1720702800000,1.44
1720706400000,1.13
1720710000000,1.19
1720713600000,1.17
1720717200000,1.37
1720720800000,1.28
1720724400000,2.1
1720728000000,1.2
1720731600000,1.13
1720735200000,1.06
1720738800000,0.92
1720742400000,0.94
1720746000000,0.91
1720749600000,0.92
1720753200000,0.92
1720756800000,0.89
1720760400000,0.89
1720764000000,1.13
1720767600000,0.79
1720771200000,0.74
1720774800000,0.64
1720778400000,0.68
1720782000000,0.99
1720785600000,1.28
1720789200000,1.19
1720792800000,1.18
1720796400000,0.79
1720800000000,0.97
1720803600000,0.94
1720807200000,0.89
1720810800000,0.78
1720814400000,0.58
1720818000000,0.63
1720821600000,0.6
1720825200000,0.84
1720828800000,0.79
1720832400000,0.77
1720836000000,0.75
1720839600000,0.5
1720843200000,0.41
1720846800000,0.41
1720850400000,0.45
1720854000000,0.53
1720857600000,0.54
1720861200000,0.48
1720864800000,0.53
1720868400000,0.88
1720872000000,0.76
1720875600000,0.75
1720879200000,1.08
1720882800000,1.21
1720886400000,1.22
1720890000000,1.02
1720893600000,0.99
1720897200000,1.03
1720900800000,0.94
1720904400000,1.21
1720908000000,0.87
1720911600000,0.58
1720915200000,0.48
1720918800000,0.48
1720922400000,0.42
1720926000000,0.39
1720929600000,0.37
1720933200000,0.78
1720936800000,0.68
1720940400000,0.85
1720944000000,0.92
1720947600000,1.29
1720951200000,2.47
1720954800000,1.43
1720958400000,1.72
1720962000000,1.62
1720965600000,1.3
1720969200000,1.21
1720972800000,1.05
1720976400000,1.02
1720980000000,1.03
1720983600000,0.9
1720987200000,0.61
1720990800000,0.71
1720994400000,0.6
1720998000000,0.56
1721001600000,0.48
1721005200000,0.42
1721008800000,0.42
1721012400000,0.41
1721016000000,0.33
1721019600000,0.38
1721023200000,0.73
1721026800000,0.69
1721030400000,0.66
1721034000000,1.36
1721037600000,0.87
1721041200000,1.59
1721044800000,1.74
1721048400000,1.3
1721052000000,1.76
1721055600000,1.43
1721059200000,1.19
1721062800000,1.84
1721066400000,1.68
1721070000000,1.69
1721073600000,1.27
1721077200000,1.23
1721080800000,1.13
1721084400000,1.18
1721088000000,0.59
1721091600000,0.56
1721095200000,0.56
1721098800000,0.58
1721102400000,0.54
1721106000000,0.53
1721109600000,0.9
1721113200000,1.21
1721116800000,1.06
1721120400000,1.07
1721124000000,1.05
1721127600000,0.98
1721131200000,1.15
1721134800000,1.13
1721138400000,1.39
1721142000000,1.72
1721145600000,1.47
1721149200000,0.98
1721152800000,1.19
1721156400000,0.96
1721160000000,0.69
1721163600000,0.75
1721167200000,0.62
1721170800000,0.52
1721174400000,0.53
1721178000000,0.5
1721181600000,0.5
1721185200000,0.45
1721188800000,0.38
1721192400000,0.38
1721196000000,0.41
1721199600000,0.67
1721203200000,0.85
1721206800000,0.93
1721210400000,1.15
1721214000000,0.95
1721217600000,0.91
1721221200000,1.24
1721224800000,1.2
1721228400000,1.16
1721232000000,1.08
1721235600000,0.97
1721239200000,0.92
1721242800000,1.19
1721246400000,0.82
1721250000000,0.64
1721253600000,0.57
1721257200000,0.54
1721260800000,0.56
1721264400000,0.4
1721268000000,0.54
1721271600000,0.41
1721275200000,0.46
1721278800000,0.42
1721282400000,0.66
1721286000000,0.62
1721289600000,0.69
1721293200000,0.71
1721296800000,0.91
1721300400000,1.39
1721304000000,1.44
1721307600000,1.36
1721311200000,1.28
1721314800000,1.01
1721318400000,1.17
1721322000000,1.1
1721325600000,1.55
1721329200000,1.89
1721332800000,1.09
1721336400000,0.98
1721340000000,0.81
1721343600000,0.71
1721347200000,0.71
1721350800000,0.68
1721354400000,0.63
1721358000000,0.52
1721361600000,0.44
1721365200000,0.66
1721368800000,0.71
1721372400000,0.87
1721376000000,0.93
1721379600000,1.02
1721383200000,1.2
1721386800000,1.19
1721390400000,1.2
1721394000000,1.23
1721397600000,1.15
1721401200000,0.98
1721404800000,0.9
1721408400000,0.86
1721412000000,0.86
1721415600000,1.03
1721419200000,1.08
1721422800000,0.98
1721426400000,0.57
1721430000000,0.52
1721433600000,0.5
1721437200000,0.5
1721440800000,0.5
1721444400000,0.47
1721448000000,0.45
1721451600000,0.43
1721455200000,0.42
1721458800000,0.54
1721462400000,0.55
1721466000000,0.59
1721469600000,0.55
1721473200000,1.86
1721476800000,1.74
1721480400000,1.17
1721484000000,0.78
1721487600000,1.42
1721491200000,0.66
1721494800000,0.57
1721498400000,0.49
1721502000000,1
1721505600000,0.67
1721509200000,0.68
1721512800000,0.73
1721516400000,1.25
1721520000000,0.73
1721523600000,0.44
1721527200000,0.37
1721530800000,0.29
1721534400000,0.28
1721538000000,0.71
1721541600000,0.5
1721545200000,0.51
1721548800000,0.72
1721552400000,0.99
1721556000000,0.91
1721559600000,1.04
1721563200000,1.69
1721566800000,1.01
1721570400000,0.79
1721574000000,0.8
1721577600000,0.82
1721581200000,0.71
1721584800000,0.6
1721588400000,0.65
1721592000000,0.73
1721595600000,0.75
1721599200000,0.59
1721602800000,0.89
1721606400000,0.44
1721610000000,0.39
1721613600000,0.4
1721617200000,0.42
1721620800000,0.38
1721624400000,0.41
1721628000000,0.47
1721631600000,0.81
1721635200000,1.49
1721638800000,1.05
1721642400000,1.08
1721646000000,1.02
1721649600000,2.04
1721653200000,1.64
1721656800000,1.55
1721660400000,1.2
1721664000000,2.52
1721667600000,1.75
1721671200000,1.1
1721674800000,0.88
1721678400000,1.23
1721682000000,1.31
1721685600000,1.05
1721689200000,0.56
1721692800000,0.54
1721696400000,0.48
1721700000000,0.42
1721703600000,0.41
1721707200000,0.36
1721710800000,0.38
1721714400000,0.54
1721718000000,0.53
1721721600000,0.85
1721725200000,1.05
1721728800000,0.88
1721732400000,0.93
1721736000000,1
1721739600000,1.1
1721743200000,1.04
1721746800000,1.03
1721750400000,0.82
1721754000000,0.67
1721757600000,0.63
1721761200000,0.47
1721764800000,1.52
1721768400000,0.65
1721772000000,0.83
1721775600000,0.96
1721779200000,0.67
1721782800000,0.37
1721786400000,0.36
1721790000000,0.37
1721793600000,0.34
1721797200000,0.37
1721800800000,0.38
1721804400000,0.62
1721808000000,0.6
1721811600000,0.55
1721815200000,0.56
1721818800000,0.74
1721822400000,0.96
1721826000000,0.94
1721829600000,0.93
1721833200000,0.94
1721836800000,0.88
1721840400000,0.9
1721844000000,0.77
1721847600000,0.63
1721851200000,0.64
1721854800000,0.71
1721858400000,0.83
1721862000000,0.44
1721865600000,0.36
1721869200000,0.33
1721872800000,0.33
1721876400000,0.25
1721880000000,0.19
1721883600000,0.21
1721887200000,0.3
1721890800000,0.4
1721894400000,0.43
1721898000000,0.64
1721901600000,0.65
1721905200000,0.57
1721908800000,0.56
1721912400000,0.52
1721916000000,0.61
1721919600000,0.65
1721923200000,0.71
1721926800000,0.58
1721930400000,0.63
1721934000000,0.66
1721937600000,0.85
1721941200000,0.86
1721944800000,0.81
1721948400000,0.44
1721952000000,0.31
1721955600000,0.29
1721959200000,0.29
1721962800000,0.3
1721966400000,0.27
1721970000000,0.3
1721973600000,0.27
1721977200000,0.42
1721980800000,0.5
1721984400000,0.47
1721988000000,0.38
1721991600000,0.38
1721995200000,0.49
1721998800000,0.66
1722002400000,0.71
1722006000000,0.7
1722009600000,0.71
1722013200000,0.62
1722016800000,0.66
1722020400000,0.64
1722024000000,1.23
1722027600000,0.6
1722031200000,0.92
1722034800000,0.36
1722038400000,0.33
1722042000000,0.31
1722045600000,0.29
1722049200000,0.32
1722052800000,0.34
1722056400000,0.3
1722060000000,0.4
1722063600000,0.39
1722067200000,0.45
1722070800000,0.68
1722074400000,0.6
1722078000000,0.62
1722081600000,0.76
1722085200000,0.94
1722088800000,0.87
1722092400000,1.56
1722096000000,0.99
1722099600000,1.91
1722103200000,1.32
1722106800000,1.25
1722110400000,2.27
1722114000000,1.15
1722117600000,0.71
1722121200000,0.48
1722124800000,0.45
1722128400000,0.36
1722132000000,0.37
1722135600000,0.4
1722139200000,0.37
1722142800000,0.66
1722146400000,0.51
1722150000000,0.55
1722153600000,1.25
1722157200000,2.13
1722160800000,2.14
1722164400000,1.43
1722168000000,1.69
1722171600000,1.37
1722175200000,0.92
1722178800000,0.79
1722182400000,0.83
1722186000000,0.76
1722189600000,0.63
1722193200000,0.69
1722196800000,0.77
1722200400000,0.69
1722204000000,0.48
1722207600000,0.35
1722211200000,0.38
1722214800000,0.33
1722218400000,0.33
1722222000000,0.29
1722225600000,0.28
1722229200000,0.41
1722232800000,0.35
1722236400000,0.29
1722240000000,0.35
1722243600000,0.3
1722247200000,0.3
1722250800000,0.38
1722254400000,0.31
1722258000000,0.31
1722261600000,0.36
1722265200000,0.28
1722268800000,0.32
1722272400000,0.36
1722276000000,0.31
1722279600000,0.46
1722283200000,1.08
1722286800000,0.42
1722290400000,0.56
1722294000000,0.23
1722297600000,0.27
1722301200000,0.25
1722304800000,0.25
1722308400000,0.27
1722312000000,0.24
1722315600000,0.28
1722319200000,0.8
1722322800000,0.59
1722326400000,0.3
1722330000000,0.25
1722333600000,0.39
1722337200000,0.75
1722340800000,0.67
1722344400000,0.73
1722348000000,0.74
1722351600000,0.69
1722355200000,0.65
1722358800000,0.65
1722362400000,0.68
1722366000000,0.56
1722369600000,0.9
1722373200000,0.42
1722376800000,0.41
1722380400000,0.29
1722384000000,0.32
1722387600000,0.33
1722391200000,0.27
1722394800000,0.33
1722398400000,0.29
1722402000000,0.29
1722405600000,0.96
1722409200000,0.65
1722412800000,0.46
1722416400000,0.38
1722420000000,0.61
1722423600000,0.67
1722427200000,0.65
1722430800000,0.77
1722434400000,0.77
1722438000000,0.79
1722441600000,0.73
1722445200000,0.85
1722448800000,0.7
1722452400000,0.76
1722456000000,0.71
1722459600000,0.62
1722463200000,0.84
1722466800000,0.79
1722470400000,0.37
1722474000000,0.34
1722477600000,0.33
1722481200000,0.35
1722484800000,0.29
1722488400000,0.29
1722492000000,0.52
1722495600000,0.47
1722499200000,0.49
1722502800000,0.53
1722506400000,0.54
1722510000000,0.69
1722513600000,0.77
1722517200000,0.61
1722520800000,0.61
1722524400000,0.57
1722528000000,0.46
1722531600000,0.66
1722535200000,0.59
1722538800000,1.08
1722542400000,0.88
1722546000000,1.15
1722549600000,0.45
1722553200000,0.38
1722556800000,0.33
1722560400000,0.25
1722564000000,0.34
1722567600000,0.31
1722571200000,0.35
1722574800000,0.33
1722578400000,0.31
1722582000000,0.72
1722585600000,0.43
1722589200000,0.86
1722592800000,0.66
1722596400000,0.53
1722600000000,0.74
1722603600000,0.44
1722607200000,0.61
1722610800000,0.65
1722614400000,0.6
1722618000000,0.6
1722621600000,0.53
1722625200000,0.75
1722628800000,1.16
1722632400000,0.59
1722636000000,1.02
1722639600000,0.39
1722643200000,0.23
1722646800000,0.34
1722650400000,0.35
1722654000000,0.38
1722657600000,0.31
1722661200000,0.35
1722664800000,0.42
1722668400000,1.08
1722672000000,1.01
1722675600000,0.76
1722679200000,2.3
1722682800000,1.2
1722686400000,0.87
1722690000000,0.47
1722693600000,0.49
1722697200000,0.52
1722700800000,0.61
1722704400000,0.6
1722708000000,0.57
1722711600000,0.46
1722715200000,0.75
1722718800000,0.54
1722722400000,0.83
1722726000000,0.34
1722729600000,0.31
1722733200000,0.29
1722736800000,0.31
1722740400000,0.3
1722744000000,0.27
1722747600000,0.65
1722751200000,0.37
1722754800000,0.48
1722758400000,0.35
1722762000000,0.5
1722765600000,0.44
1722769200000,0.53
1722772800000,1.6
1722776400000,0.65
1722780000000,0.76
1722783600000,0.41
1722787200000,0.3
1722790800000,0.43
1722794400000,0.42
1722798000000,0.42
1722801600000,0.4
1722805200000,0.91
1722808800000,0.8
1722812400000,0.52
1722816000000,0.23
1722819600000,0.22
1722823200000,0.21
1722826800000,0.21
1722830400000,0.22
1722834000000,0.22
1722837600000,0.45
1722841200000,0.49
1722844800000,0.39
1722848400000,0.47
1722852000000,0.71
1722855600000,0.66
1722859200000,0.7
1722862800000,0.76
1722866400000,0.75
1722870000000,0.64
1722873600000,0.67
1722877200000,0.57
1722880800000,0.43
1722884400000,0.48
1722888000000,1.15
1722891600000,0.67
1722895200000,0.77
1722898800000,0.29
1722902400000,0.25
1722906000000,0.25
1722909600000,0.27
1722913200000,0.21
1722916800000,0.22
1722920400000,0.21
1722924000000,0.4
1722927600000,0.29
1722931200000,0.43
1722934800000,0.47
1722938400000,0.59
1722942000000,0.16
1722945600000,0.85
1722949200000,0.53
1722952800000,0.52
1722956400000,0.67
1722960000000,0.58
1722963600000,0.57
1722967200000,0.53
1722970800000,0.51
1722974400000,0.77
1722978000000,0.73
1722981600000,0.33
1722985200000,0.36
1722988800000,0.33
1722992400000,0.32
1722996000000,0.29
1722999600000,0.29
1723003200000,0.35
1723006800000,0.23
1723010400000,0.45
1723014000000,0.42
1723017600000,0.38
1723021200000,0.47
1723024800000,0.48
1723028400000,0.51
1723032000000,0.77
1723035600000,0.62
1723039200000,1.02
1723042800000,0.71
1723046400000,0.71
1723050000000,0.6
1723053600000,0.63
1723057200000,0.71
1723060800000,0.96
1723064400000,0.85
1723068000000,1.46
1723071600000,0.92
1723075200000,0.6
1723078800000,0.36
1723082400000,0.35
1723086000000,0.37
1723089600000,0.28
1723093200000,0.58
1723096800000,0.6
1723100400000,0.48
1723104000000,0.65
1723107600000,0.97
1723111200000,1.01
1723114800000,0.76
1723118400000,0.68
1723122000000,0.71
1723125600000,0.6
1723129200000,0.62
1723132800000,0.64
1723136400000,0.57
1723140000000,0.53
1723143600000,0.56
1723147200000,1.21
1723150800000,0.71
1723154400000,1.25
1723158000000,0.27
1723161600000,0.29
1723165200000,0.27
1723168800000,0.36
1723172400000,0.21
1723176000000,0.21
1723179600000,0.28
1723183200000,0.39
1723186800000,0.35
1723190400000,0.06
1723194000000,0.72
1723197600000,0.41
1723201200000,0.45
1723204800000,1.06
1723208400000,1.44
1723212000000,1.66
1723215600000,1.1
1723219200000,0.85
1723222800000,1.24
1723226400000,1.47
1723230000000,1.63
1723233600000,1.25
1723237200000,0.87
1723240800000,0.84
1723244400000,0.52
1723248000000,0.46
1723251600000,0.43
1723255200000,0.38
1723258800000,0.33
1723262400000,0.28
1723266000000,0.31
1723269600000,0.56
1723273200000,0.47
1723276800000,0.75
1723280400000,1.2
1723284000000,1.31
1723287600000,1.46
1723291200000,0.95
1723294800000,0.48
1723298400000,0.57
1723302000000,0.59
1723305600000,0.77
1723309200000,0.5
1723312800000,0.44
1723316400000,0.39
1723320000000,0.86
1723323600000,0.35
1723327200000,0.36
1723330800000,0.33
1723334400000,0.33
1723338000000,0.31
1723341600000,0.21
1723345200000,0.21
1723348800000,0.19
1723352400000,0.6
1723356000000,0.21
1723359600000,0.21
1723363200000,0.21
1723366800000,0.26
1723370400000,0.59
1723374000000,0.61
1723377600000,0.63
1723381200000,0.64
1723384800000,0.68
1723388400000,0.64
1723392000000,0.64
1723395600000,0.61
1723399200000,0.45
1723402800000,0.46
1723406400000,0.37
1723410000000,0.33
1723413600000,0.36
1723417200000,0.31
1723420800000,0.23
1723424400000,0.21
1723428000000,0.19
1723431600000,0.22
1723435200000,0.21
1723438800000,0.21
1723442400000,0.21
1723446000000,0.31
1723449600000,0.24
1723453200000,0.21
1723456800000,0.25
1723460400000,0.23
1723464000000,0.6
1723467600000,0.68
1723471200000,0.8
1723474800000,0.75
1723478400000,0.65
1723482000000,0.59
1723485600000,0.57
1723489200000,0.57
1723492800000,0.45
1723496400000,0.42
1723500000000,0.4
1723503600000,0.37
1723507200000,0.34
1723510800000,0.35
1723514400000,0.4
1723518000000,0.27
1723521600000,0.2
1723525200000,0.22
1723528800000,0.4
1723532400000,0.21
1723536000000,0.23
1723539600000,0.23
1723543200000,0.43
1723546800000,0.55
1723550400000,0.51
1723554000000,0.62
1723557600000,0.71
1723561200000,0.84
1723564800000,0.83
1723568400000,0.67
1723572000000,0.61
1723575600000,0.58
1723579200000,0.61
1723582800000,0.5
1723586400000,0.44
1723590000000,0.43
1723593600000,0.46
1723597200000,0.44
1723600800000,0.37
1723604400000,0.36
1723608000000,0.25
1723611600000,0.27
1723615200000,0.22
1723618800000,0.39
1723622400000,0.41
1723626000000,0.23
1723629600000,0.24
1723633200000,0.52
1723636800000,0.67
1723640400000,0.82
1723644000000,0.75
1723647600000,0.72
1723651200000,0.89
1723654800000,0.85
1723658400000,0.66
1723662000000,0.54
1723665600000,0.58
1723669200000,0.8
1723672800000,0.68
1723676400000,0.67
1723680000000,0.67
1723683600000,0.68
1723687200000,0.69
1723690800000,0.56
1723694400000,0.52
1723698000000,0.41
1723701600000,0.39
1723705200000,0.48
1723708800000,0.52
1723712400000,0.55
1723716000000,0.57
1723719600000,0.61
1723723200000,0.69
1723726800000,0.7
1723730400000,0.85
1723734000000,1.15
1723737600000,1.05
1723741200000,1.01
1723744800000,1.23
1723748400000,1.25
1723752000000,1.04
1723755600000,0.73
1723759200000,0.52
1723762800000,0.5
1723766400000,0.44
1723770000000,0.41
1723773600000,0.42
1723777200000,0.38
1723780800000,0.37
1723784400000,0.35
1723788000000,0.55
1723791600000,0.49
1723795200000,0.71
1723798800000,0.92
1723802400000,0.81
1723806000000,1.4
1723809600000,0.91
1723813200000,1.18
1723816800000,1.39
1723820400000,1.44
1723824000000,1.28
1723827600000,1.26
1723831200000,0.89
1723834800000,0.57
1723838400000,0.54
1723842000000,0.52
1723845600000,0.56
1723849200000,0.52
1723852800000,0.5
1723856400000,0.48
1723860000000,0.5
1723863600000,0.46
1723867200000,0.48
1723870800000,0.5
1723874400000,0.46
1723878000000,0.6
1723881600000,0.5
1723885200000,0.54
1723888800000,0.97
1723892400000,2.09
1723896000000,1.69
1723899600000,1.75
1723903200000,1.06
1723906800000,1.33
1723910400000,2.19
1723914000000,1.86
1723917600000,0.95
1723921200000,1.1
1723924800000,0.98
1723928400000,1.03
1723932000000,1.02
1723935600000,0.64
1723939200000,0.73
1723942800000,0.46
1723946400000,0.48
1723950000000,0.42
1723953600000,0.39
1723957200000,0.63
1723960800000,0.44
1723964400000,0.45
1723968000000,0.5
1723971600000,0.42
1723975200000,0.56
1723978800000,0.82
1723982400000,0.72
1723986000000,0.77
1723989600000,0.73
1723993200000,0.95
1723996800000,1
1724000400000,1.01
1724004000000,1.06
1724007600000,0.96
1724011200000,1.6
1724014800000,0.77
1724018400000,0.57
1724022000000,0.58
1724025600000,0.44
1724029200000,0.46
1724032800000,0.39
1724036400000,0.4
1724040000000,0.37
1724043600000,0.35
1724047200000,0.47
1724050800000,0.4
1724054400000,0.51
1724058000000,1.74
1724061600000,1.48
1724065200000,1.62
1724068800000,1.84
1724072400000,1.63
1724076000000,1.05
1724079600000,0.93
1724083200000,0.68
1724086800000,1.26
1724090400000,1.4
1724094000000,1.34
1724097600000,0.83
1724101200000,0.71
1724104800000,0.52
1724108400000,0.48
1724112000000,0.46
1724115600000,0.41
1724119200000,0.4
1724122800000,0.4
1724126400000,0.41
1724130000000,0.38
1724133600000,0.51
1724137200000,0.75
1724140800000,0.62
1724144400000,0.82
1724148000000,0.6
1724151600000,0.9
1724155200000,0.62
1724158800000,0.76
1724162400000,0.66
1724166000000,1.11
1724169600000,0.75
1724173200000,0.5
1724176800000,1.61
1724180400000,1.39
1724184000000,1.38
1724187600000,0.71
1724191200000,0.81
1724194800000,0.83
1724198400000,0.81
1724202000000,0.71
1724205600000,0.34
1724209200000,0.35
1724212800000,0.35
1724216400000,0.35
1724220000000,0.47
1724223600000,0.78
1724227200000,0.78
1724230800000,0.87
1724234400000,0.92
1724238000000,0.95
1724241600000,0.97
1724245200000,0.88
1724248800000,0.7
1724252400000,0.72
1724256000000,0.59
1724259600000,0.68
1724263200000,0.54
1724266800000,0.73
1724270400000,1.08
1724274000000,0.56
1724277600000,1
1724281200000,0.42
1724284800000,0.37
1724288400000,0.38
1724292000000,0.4
1724295600000,0.33
1724299200000,0.29
1724302800000,0.26
1724306400000,0.37
1724310000000,0.3
1724313600000,0.54
1724317200000,0.53
1724320800000,0.51
1724324400000,0.75
1724328000000,0.9
1724331600000,0.92
1724335200000,0.59
1724338800000,0.57
1724342400000,0.58
1724346000000,0.08
1724349600000,1.27
1724353200000,0.7
1724356800000,0.92
1724360400000,0.58
1724364000000,0.82
1724367600000,0.39
1724371200000,0.36
1724374800000,0.33
1724378400000,0.36
1724382000000,0.37
1724385600000,0.29
1724389200000,0.36
1724392800000,0.36
1724396400000,0.39
1724400000000,0.37
1724403600000,0.46
1724407200000,0.45
1724410800000,1.17
1724414400000,0.42
1724418000000,1.1
1724421600000,2.02
1724425200000,1.8
1724428800000,0.88
1724432400000,1.72
1724436000000,2
1724439600000,1.85
1724443200000,2.17
1724446800000,1.27
1724450400000,1.37
1724454000000,0.83
1724457600000,0.5
1724461200000,0.42
1724464800000,0.34
1724468400000,0.39
1724472000000,0.36
1724475600000,0.35
1724479200000,0.57
1724482800000,0.57
1724486400000,0.61
1724490000000,0.49
1724493600000,0.43
1724497200000,0.48
1724500800000,0.48
1724504400000,0.63
1724508000000,0.71
1724511600000,0.83
1724515200000,0.72
1724518800000,0.67
1724522400000,0.47
1724526000000,0.98
1724529600000,0.96
1724533200000,1
1724536800000,0.57
1724540400000,0.47
1724544000000,0.46
1724547600000,0.4
1724551200000,0.33
1724554800000,0.31
1724558400000,0.36
1724562000000,0.63
1724565600000,0.39
1724569200000,0.48
1724572800000,0.43
1724576400000,0.51
1724580000000,0.81
1724583600000,1.61
1724587200000,1.05
1724590800000,0.89
1724594400000,0.82
1724598000000,0.84
1724601600000,1.08
1724605200000,0.95
1724608800000,1.09
1724612400000,1.13
1724616000000,1.19
1724619600000,1.19
1724623200000,0.79
1724626800000,1
1724630400000,0.43
1724634000000,0.38
1724637600000,0.37
1724641200000,0.36
1724644800000,0.21
1724648400000,0.29
1724652000000,0.4
1724655600000,0.42
1724659200000,0.5
1724662800000,0
1724666400000,1.49
1724670000000,0.82
1724673600000,0.89
1724677200000,0.79
1724680800000,0.83
1724684400000,0.81
1724688000000,0.72
1724691600000,0.82
1724695200000,0.79
1724698800000,0.81
1724702400000,0.6
1724706000000,0.63
1724709600000,0.4
1724713200000,0.35
1724716800000,0.31
1724720400000,0.31
1724724000000,0.27
1724727600000,0.26
1724731200000,0.2
1724734800000,0.27
1724738400000,0.33
1724742000000,0.48
1724745600000,1.02
1724749200000,0.7
1724752800000,0.68
1724756400000,0.81
1724760000000,0.73
1724763600000,0.76
1724767200000,0.77
1724770800000,0.78
1724774400000,0.77
1724778000000,0.6
1724781600000,1.33
1724785200000,0.74
1724788800000,1.28
1724792400000,0.77
1724796000000,0.64
1724799600000,0.46
1724803200000,0.42
1724806800000,0.41
1724810400000,0.4
1724814000000,0.38
1724817600000,0.39
1724821200000,0.37
1724824800000,0.45
1724828400000,0.63
1724832000000,0.6
1724835600000,0.68
1724839200000,0.73
1724842800000,0.71
1724846400000,0.62
1724850000000,0.64
1724853600000,0.79
1724857200000,0.88
1724860800000,0.83
1724864400000,0.69
1724868000000,0.7
1724871600000,0.88
1724875200000,0.71
1724878800000,0.75
1724882400000,0.6
1724886000000,0.56
1724889600000,0.44
1724893200000,0.46
1724896800000,0.42
1724900400000,0.39
1724904000000,0.4
1724907600000,0.39
1724911200000,0.5
1724914800000,0.6
1724918400000,1.22
1724922000000,0.96
1724925600000,1.22
1724929200000,0.93
1724932800000,1.07
1724936400000,0.93
1724940000000,1.14
1724943600000,1.11
1724947200000,1.11
1724950800000,1.04
1724954400000,0.97
1724958000000,0.9
1724961600000,0.79
1724965200000,0.71
1724968800000,0.52
1724972400000,0.54
1724976000000,0.48
1724979600000,0.48
1724983200000,0.37
1724986800000,0.38
1724990400000,0.33
1724994000000,0.34
1724997600000,0.31
1725001200000,1.01
1725004800000,0.68
1725008400000,0.75
1725012000000,0.81
1725015600000,0.86
1725019200000,1.8
1725022800000,1.71
1725026400000,1.75
1725030000000,1.58
1725033600000,1.4
1725037200000,1.07
1725040800000,1.35
1725044400000,1.32
1725048000000,0.75
1725051600000,0.66
1725055200000,0.77
1725058800000,1.32
1725062400000,0.52
1725066000000,0.75
1725069600000,0.43
1725073200000,0.38
1725076800000,0.37
1725080400000,0.34
1725084000000,0.46
1725087600000,0.55
1725091200000,0.56
1725094800000,0.64
1725098400000,0.64
1725102000000,0.65
1725105600000,0.53
1725109200000,0.5
1725112800000,0.8
1725116400000,0.8
1725120000000,0.78
1725123600000,0.68
1725127200000,0.6
1725130800000,0.57
1725134400000,0.62
1725138000000,0.81
1725141600000,0.69
1725145200000,0.52
1725148800000,0.48
1725152400000,0.42
1725156000000,0.39
1725159600000,0.38
1725163200000,0.37
1725166800000,0.62
1725170400000,0.43
1725174000000,0.65
1725177600000,0.72
1725181200000,0.75
1725184800000,0.8
1725188400000,0.86
1725192000000,0.71
1725195600000,0.85
1725199200000,1.05
1725202800000,1.65
1725206400000,1.33
1725210000000,1.35
1725213600000,1.24
1725217200000,1.33
1725220800000,1.15
1725224400000,0.7
1725228000000,0.75
1725231600000,0.44
1725235200000,0.46
1725238800000,0.48
1725242400000,0.37
1725246000000,0.36
1725249600000,0.39
1725253200000,0.37
1725256800000,0.37
1725260400000,0.68
1725264000000,0.94
1725267600000,0.66
1725271200000,0.65
1725274800000,1.02
1725278400000,1.29
1725282000000,1.17
1725285600000,1.06
1725289200000,0.95
1725292800000,0.82
1725296400000,0.7
1725300000000,0.59
1725303600000,0.91
1725307200000,1.09
1725310800000,0.85
1725314400000,0.54
1725318000000,0.46
1725321600000,0.42
1725325200000,0.4
1725328800000,0.39
1725332400000,0.36
1725336000000,0.31
1725339600000,0.32
1725343200000,0.32
1725346800000,0.5
1725350400000,0.77
1725354000000,1.25
1725357600000,1.8
1725361200000,2.52
1725364800000,0.76
1725368400000,0.9
1725372000000,0.99
1725375600000,0.97
1725379200000,0.86
1725382800000,0.69
1725386400000,0.62
1725390000000,0.59
1725393600000,1.2
1725397200000,0.67
1725400800000,0.52
1725404400000,0.48
1725408000000,0.4
1725411600000,0.41
1725415200000,0.4
1725418800000,0.35
1725422400000,0.44
1725426000000,0.51
1725429600000,0.41
1725433200000,0.48
1725436800000,0.45
1725440400000,0.56
1725444000000,0.8
1725447600000,0.78
1725451200000,0.88
1725454800000,1.63
1725458400000,1.75
1725462000000,1.04
1725465600000,0.84
1725469200000,0.79
1725472800000,0.6
1725476400000,0.66
1725480000000,0.67
1725483600000,1.15
1725487200000,0.83
1725490800000,0.6
1725494400000,0.52
1725498000000,0.51
1725501600000,0.56
1725505200000,0.5
1725508800000,0.37
1725512400000,0.48
1725516000000,0.47
1725519600000,0
1725523200000,0
1725526800000,0
1725530400000,0
1725534000000,0
1725537600000,0.89
1725541200000,0.84
1725544800000,0.75
1725548400000,0.74
1725552000000,0.68
1725555600000,0.59
1725559200000,0.58
1725562800000,0.56
1725566400000,0.58
1725570000000,0.63
1725573600000,0.52
1725577200000,0.54
1725580800000,0.42
1725584400000,0.44
1725588000000,0.37
1725591600000,0.42
1725595200000,0.39
1725598800000,0.38
1725602400000,0.47
1725606000000,0.41
1725609600000,0.54
1725613200000,0.53
1725616800000,0.68
1725620400000,0.69
1725624000000,0.74
1725627600000,0.72
1725631200000,0.61
1725634800000,0.59
1725638400000,0.69
1725642000000,0.54
1725645600000,0.6
1725649200000,0.67
1725652800000,0.66
1725656400000,0.54
1725660000000,0.4
1725663600000,0.38
1725667200000,0.35
1725670800000,0.35
1725674400000,0.36
1725678000000,0.33
1725681600000,0.23
1725685200000,0.31
1725688800000,0.36
1725692400000,0.38
1725696000000,0.33
1725699600000,0.38
1725703200000,0.46
1725706800000,0.42
1725710400000,0.44
1725714000000,0.62
1725717600000,0.45
1725721200000,0.45
1725724800000,0.54
1725728400000,0.89
1725732000000,0.75
1725735600000,0.91
1725739200000,0.73
1725742800000,0.69
1725746400000,0.48
1725750000000,0.46
1725753600000,0.39
1725757200000,0.4
1725760800000,0.42
1725764400000,0.35
1725768000000,0.37
1725771600000,0.98
1725775200000,0.46
1725778800000,0.39
1725782400000,0.43
1725786000000,0.47
1725789600000,0.73
1725793200000,0.98
1725796800000,0.65
1725800400000,0.72
1725804000000,0.68
1725807600000,0.66
1725811200000,0.61
1725814800000,1.18
1725818400000,0.87
1725822000000,0.63
1725825600000,0.67
1725829200000,0.58
1725832800000,0.48
1725836400000,0.48
1725840000000,0.52
1725843600000,0.5
1725847200000,0.46
1725850800000,0.33
1725854400000,0.31
1725858000000,0.34
1725861600000,0.28
1725865200000,0.3
1725868800000,0.31
1725872400000,0.31
1725876000000,0.82
1725879600000,0.31
1725883200000,0.35
1725886800000,0.3
1725890400000,0.37
1725894000000,0.29
1725897600000,0.42
1725901200000,0.35
1725904800000,0.75
1725908400000,0.75
1725912000000,0.96
1725915600000,0.85
1725919200000,0.23
1725922800000,0.23
1725926400000,0.21
1725930000000,0.19
1725933600000,0.23
1725937200000,0.2
1725940800000,0.21
1725944400000,0.26
1725948000000,0.29
1725951600000,0.37
1725955200000,0.26
1725958800000,0.29
1725962400000,0.01
1725966000000,0.63
1725969600000,0.27
1725973200000,0.37
1725976800000,0.32
1725980400000,0.27
1725984000000,0.35
1725987600000,0.27
1725991200000,0.29
1725994800000,0.33
1725998400000,0.73
1726002000000,0.3
1726005600000,0.77
1726009200000,0.22
1726012800000,0.19
1726016400000,0.21
1726020000000,0.23
1726023600000,0.19
1726027200000,0.21
1726030800000,0.23
1726034400000,0.32
1726038000000,0.32
1726041600000,0.3
1726045200000,0.28
1726048800000,0.25
1726052400000,0.49
1726056000000,0.36
1726059600000,0.31
1726063200000,0.3
1726066800000,0.49
1726070400000,0.41
1726074000000,0.27
1726077600000,0.6
1726081200000,0.56
1726084800000,0.92
1726088400000,0.39
1726092000000,0.8
1726095600000,0.2
1726099200000,0.21
1726102800000,0.21
1726106400000,0.21
1726110000000,0.19
1726113600000,0.23
1726117200000,0.21
1726120800000,0.31
1726124400000,0.37
1726128000000,0.3
1726131600000,0.26
1726135200000,0.33
1726138800000,0.61
1726142400000,0.35
1726146000000,0.57
1726149600000,0.29
1726153200000,0.25
1726156800000,0.28
1726160400000,0.27
1726164000000,0.73
1726167600000,0.59
1726171200000,0.39
1726174800000,0.25
1726178400000,0.21
1726182000000,0.23
1726185600000,0.21
1726189200000,0.21
1726192800000,0.2
1726196400000,0.07
1726200000000,0.37
1726203600000,0.21
1726207200000,0.35
1726210800000,0.43
1726214400000,0.65
1726218000000,0.6
1726221600000,0.37
1726225200000,0.37
1726228800000,0.49
1726232400000,0.33
1726236000000,0.39
1726239600000,0.34
1726243200000,0.29
1726246800000,0.35
1726250400000,0.5
1726254000000,0.56
1726257600000,0.48
1726261200000,0.44
1726264800000,0.25
1726268400000,0.21
1726272000000,0.23
1726275600000,0.23
1726279200000,0.21
1726282800000,0.22
1726286400000,0.21
1726290000000,0.23
1726293600000,0.3
1726297200000,0.26
1726300800000,0.35
1726304400000,0.22
1726308000000,0.21
1726311600000,0.22
1726315200000,0.21
1726318800000,0.2
1726322400000,0.2
1726326000000,0.21
1726329600000,0.18
1726333200000,0.2
1726336800000,0.3
1726340400000,0.72
1726344000000,0.38
1726347600000,0.29
1726351200000,0.23
1726354800000,0.21
1726358400000,0.21
1726362000000,0.25
1726365600000,0.19
1726369200000,0.22
1726372800000,0.8
1726376400000,0.27
1726380000000,1.16
1726383600000,1.2
1726387200000,0.28
1726390800000,0.43
1726394400000,0.45
1726398000000,1.15
1726401600000,1.18
1726405200000,1.32
1726408800000,1.24
1726412400000,1.03
1726416000000,0.7
1726419600000,0.94
1726423200000,0.58
1726426800000,0.44
1726430400000,0.41
1726434000000,0.32
1726437600000,0.23
1726441200000,0.2
1726444800000,0.21
1726448400000,0.23
1726452000000,0.21
1726455600000,0.19
1726459200000,0.23
1726462800000,0.21
1726466400000,1.54
1726470000000,1.66
1726473600000,0.95
1726477200000,0.34
1726480800000,0.81
1726484400000,0.34
1726488000000,0.26
1726491600000,0.32
1726495200000,0.3
1726498800000,0.48
1726502400000,0.43
1726506000000,0.45
1726509600000,0.5
1726513200000,1.14
1726516800000,1.4
1726520400000,0.98
1726524000000,1.06
1726527600000,0.29
1726531200000,0.25
1726534800000,0.21
1726538400000,0.23
1726542000000,0.69
1726545600000,0.71
1726549200000,0.54
1726552800000,0.32
1726556400000,0.31
1726560000000,0.25
1726563600000,0.21
1726567200000,0.22
1726570800000,0.29
1726574400000,0.27
1726578000000,0.35
1726581600000,0.32
1726585200000,0.24
1726588800000,0.2
1726592400000,0.24
1726596000000,0.34
1726599600000,0.37
1726603200000,0.4
1726606800000,0.35
1726610400000,0.32
1726614000000,0.25
1726617600000,0.22
1726621200000,0.21
1726624800000,0.23
1726628400000,0.23
1726632000000,0.21
1726635600000,0.21
1726639200000,0.32
1726642800000,0.29
1726646400000,0.28
1726650000000,0.26
1726653600000,0.57
1726657200000,0.32
1726660800000,0.31
1726664400000,0.27
1726668000000,0.28
1726671600000,0.25
1726675200000,0.25
1726678800000,0.29
1726682400000,0.29
1726686000000,0.4
1726689600000,0.4
1726693200000,0.31
1726696800000,0.27
1726700400000,0.27
1726704000000,0.19
1726707600000,0.23
1726711200000,0.21
1726714800000,0.22
1726718400000,0.21
1726722000000,0.21
1726725600000,0.25
1726729200000,0.32
1726732800000,0.3
1726736400000,0.28
1726740000000,0.31
1726743600000,0.32
1726747200000,0.42
1726750800000,0.35
1726754400000,0.35
1726758000000,0.64
1726761600000,0.41
1726765200000,0.43
1726768800000,0.5
1726772400000,0.79
1726776000000,0.56
1726779600000,0.94
1726783200000,0.79
1726786800000,0.64
1726790400000,0.21
1726794000000,0.23
1726797600000,0.21
1726801200000,0.21
1726804800000,0.21
1726808400000,0.22
1726812000000,0.27
1726815600000,0.28
1726819200000,0.28
1726822800000,0.35
1726826400000,0.3
1726830000000,0.19
1726833600000,0.19
1726837200000,0.25
1726840800000,0.29
1726844400000,0.25
1726848000000,0.19
1726851600000,0.23
1726855200000,0.46
1726858800000,1.81
1726862400000,0.48
1726866000000,0.42
1726869600000,0.58
1726873200000,0.21
1726876800000,0.21
1726880400000,0.21
1726884000000,0.23
1726887600000,0.2
1726891200000,0.21
1726894800000,0.5
1726898400000,0.28
1726902000000,0.33
1726905600000,0.21
1726909200000,0.23
1726912800000,0.22
1726916400000,0.24
1726920000000,0.22
1726923600000,0.35
1726927200000,0.67
1726930800000,0.55
1726934400000,0.54
1726938000000,0.98
1726941600000,0.45
1726945200000,0.48
1726948800000,1.15
1726952400000,0.83
1726956000000,1.06
1726959600000,0.78
1726963200000,0.75
1726966800000,0.31
1726970400000,0.23
1726974000000,0.25
1726977600000,0.23
1726981200000,0.25
1726984800000,0.25
1726988400000,0.25
1726992000000,0.22
1726995600000,0.29
1726999200000,0.72
1727002800000,1.41
1727006400000,0.75
1727010000000,0.87
1727013600000,0.45
1727017200000,0.25
1727020800000,0.25
1727024400000,0.27
1727028000000,1
1727031600000,0.74
1727035200000,0.34
1727038800000,0.39
1727042400000,0.36
1727046000000,0.25
1727049600000,0.23
1727053200000,0.21
1727056800000,0.22
1727060400000,0.21
1727064000000,0.23
1727067600000,0.19
1727071200000,0.23
1727074800000,0.4
1727078400000,0.27
1727082000000,0.27
1727085600000,0.44
1727089200000,0.34
1727092800000,0.6
1727096400000,0.39
1727100000000,0.58
1727103600000,0.3
1727107200000,0.26
1727110800000,0.24
1727114400000,0.27
1727118000000,0.4
1727121600000,0.35
1727125200000,0.38
1727128800000,0.25
1727132400000,0.23
1727136000000,0.22
1727139600000,0.19
1727143200000,0.21
1727146800000,0.23
1727150400000,0.21
1727154000000,0.23
1727157600000,0.38
1727161200000,0.72
1727164800000,0.63
1727168400000,0.46
1727172000000,0.55
1727175600000,0.37
1727179200000,0.29
1727182800000,0.32
1727186400000,0.31
1727190000000,0.31
1727193600000,0.25
1727197200000,0.21
1727200800000,0.42
1727204400000,0.46
1727208000000,0.37
1727211600000,0.34
1727215200000,0.33
1727218800000,0.31
1727222400000,0.23
1727226000000,0.21
1727229600000,0.23
1727233200000,0.21
1727236800000,0.21
1727240400000,0.23
1727244000000,0.24
1727247600000,0.31
1727251200000,0.53
1727254800000,0.4
1727258400000,0.23
1727262000000,0.32
1727265600000,0.33
1727269200000,0.34
1727272800000,0.34
1727276400000,0.37
1727280000000,0.86
1727283600000,0.78
1727287200000,0.83
1727290800000,0.46
1727294400000,0.75
1727298000000,0.64
1727301600000,0.32
1727305200000,0.25
1727308800000,0.21
1727312400000,0.2
1727316000000,0.21
1727319600000,0.23
1727323200000,0.21
1727326800000,0.23
1727330400000,0.25
1727334000000,0.31
1727337600000,0.36
1727341200000,0.41
1727344800000,0.38
1727348400000,0.5
1727352000000,0.4
1727355600000,0.39
1727359200000,0.4
1727362800000,0.33
1727366400000,0.25
1727370000000,0.43
1727373600000,0.5
1727377200000,0.48
1727380800000,0.56
1727384400000,0.32
1727388000000,0.29
1727391600000,0.39
1727395200000,0.26
1727398800000,0.22
1727402400000,0.21
1727406000000,0.21
1727409600000,0.21
1727413200000,0.23
1727416800000,0.24
1727420400000,0.34
1727424000000,0.6
1727427600000,0.46
1727431200000,0.52
1727434800000,0.48
1727438400000,0.44
1727442000000,0.74
1727445600000,0.85
1727449200000,0.84
1727452800000,0.74
1727456400000,0.3
1727460000000,0.45
1727463600000,1.07
1727467200000,0.46
1727470800000,0.45
1727474400000,0.42
1727478000000,0.33
1727481600000,0.21
1727485200000,0.21
1727488800000,0.23
1727492400000,0.21
1727496000000,0.21
1727499600000,0.23
1727503200000,0.21
1727506800000,0.58
1727510400000,0.23
1727514000000,0.28
1727517600000,0.43
1727521200000,1.86
1727524800000,1.46
1727528400000,0.32
1727532000000,0.32
1727535600000,0.28
1727539200000,0.26
1727542800000,0.34
1727546400000,0.39
1727550000000,0.42
1727553600000,0.46
1727557200000,0.39
1727560800000,0.31
1727564400000,0.25
1727568000000,0.21
1727571600000,0.21
1727575200000,0.23
1727578800000,0.21
1727582400000,0.21
1727586000000,0.25
1727589600000,0.28
1727593200000,0.27
1727596800000,0.22
1727600400000,0.24
1727604000000,0.23
1727607600000,0.34
1727611200000,0.47
1727614800000,0.58
1727618400000,0.59
1727622000000,0.71
1727625600000,0.23
1727629200000,0.37
1727632800000,0.48
1727636400000,0.46
1727640000000,0.48
1727643600000,0.42
1727647200000,0.43
1727650800000,0.21
1727654400000,0.21
1727658000000,0.21
1727661600000,0.21
1727665200000,0.21
1727668800000,0.23
1727672400000,0.56
1727676000000,0.52
1727679600000,0.25
1727683200000,0.19
1727686800000,0.22
1727690400000,0.22
1727694000000,0.22
1727697600000,0.24
1727701200000,0.24
1727704800000,0.22
1727708400000,0.29
1727712000000,0.68
1727715600000,1.22
1727719200000,2.61
1727722800000,2.87
1727726400000,0.46
1727730000000,0.35
1727733600000,0.78
1727737200000,0.22
1727740800000,0.21
1727744400000,0.25
1727748000000,0.25
1727751600000,0.25
1727755200000,0.77
1727758800000,0.61
1727762400000,0.84
1727766000000,0
1727769600000,0
1727773200000,0
1727776800000,0
1727780400000,0.63
1727784000000,0.2
1727787600000,0.23
1727791200000,0.28
1727794800000,0.58
1727798400000,0.53
1727802000000,0.33
1727805600000,0.4
1727809200000,0.4
1727812800000,0.85
1727816400000,0.46
1727820000000,0.54
1727823600000,0.21
1727827200000,0.21
1727830800000,0.21
1727834400000,0.22
1727838000000,0.21
1727841600000,0.21
1727845200000,0.21
1727848800000,0.76
1727852400000,1.32
1727856000000,1.19
1727859600000,0.83
1727863200000,0.45
1727866800000,0.94
1727870400000,0.37
1727874000000,0.33
1727877600000,0.24
1727881200000,0.34
1727884800000,0.38
1727888400000,0.45
1727892000000,0.48
1727895600000,0.4
1727899200000,0.48
1727902800000,0.37
1727906400000,0.25
1727910000000,0.21
1727913600000,0.21
1727917200000,0.21
1727920800000,0.19
1727924400000,0.23
1727928000000,0.2
1727931600000,0.32
1727935200000,1.45
1727938800000,1.36
1727942400000,0.6
1727946000000,0.81
1727949600000,0.31
1727953200000,0.56
1727956800000,0.31
1727960400000,0.62
1727964000000,0.24
1727967600000,0.74
1727971200000,0.42
1727974800000,0.4
1727978400000,0.41
1727982000000,0.42
1727985600000,0.81
1727989200000,0.42
1727992800000,0.39
1727996400000,0.8
1728000000000,0.24
1728003600000,0.21
1728007200000,0.21
1728010800000,0.23
1728014400000,0.21
1728018000000,0.21
1728021600000,1.04
1728025200000,1.4
1728028800000,0.93
1728032400000,0.31
1728036000000,0.43
1728039600000,0.51
1728043200000,0.34
1728046800000,0.34
1728050400000,0.33
1728054000000,0.72
1728057600000,0.43
1728061200000,0.79
1728064800000,0.98
1728068400000,0.9
1728072000000,0.47
1728075600000,0.44
1728079200000,0.29
1728082800000,0.21
1728086400000,0.21
1728090000000,0.21
1728093600000,0.21
1728097200000,0.21
1728100800000,1.12
1728104400000,1.25
1728108000000,1.06
1728111600000,0.21
1728115200000,0.25
1728118800000,0.3
1728122400000,0.22
1728126000000,0.69
1728129600000,1.27
1728133200000,1.5
1728136800000,0.83
1728140400000,1.11
1728144000000,1.42
1728147600000,1.17
1728151200000,0.54
1728154800000,0.62
1728158400000,1.82
1728162000000,0.79
1728165600000,0.66
1728169200000,0.77
1728172800000,0.23
1728176400000,0.23
1728180000000,0.21
1728183600000,0.23
1728187200000,0.21
1728190800000,0.33
1728194400000,1.16
1728198000000,1.07
1728201600000,0.77
1728205200000,0.64
1728208800000,1.31
1728212400000,0.43
1728216000000,0.79
1728219600000,0.75
1728223200000,0.94
1728226800000,0.67
1728230400000,0.99
1728234000000,1.07
1728237600000,0.75
1728241200000,1.31
1728244800000,0.42
1728248400000,0.31
1728252000000,0.6
1728255600000,0.27
1728259200000,0.5
1728262800000,0.21
1728266400000,0.21
1728270000000,0.81
1728273600000,1.34
1728277200000,1.2
1728280800000,1.05
1728284400000,0.21
1728288000000,0.22
1728291600000,0.2
1728295200000,0.36
1728298800000,0.34
1728302400000,0.29
1728306000000,0.29
1728309600000,0.34
1728313200000,0.3
1728316800000,0.26
1728320400000,0.36
1728324000000,0.36
1728327600000,0.52
1728331200000,0.5
1728334800000,0.41
1728338400000,0.3
1728342000000,0.22
1728345600000,0.21
1728349200000,0.21
1728352800000,0.21
1728356400000,0.21
1728360000000,0.21
1728363600000,0.23
1728367200000,0.94
1728370800000,1.15
1728374400000,0.67
1728378000000,0.37
1728381600000,0.5
1728385200000,0.53
1728388800000,0.39
1728392400000,0.4
1728396000000,0.34
1728399600000,0.35
1728403200000,0.33
1728406800000,0.34
1728410400000,0.79
1728414000000,1.14
1728417600000,0.75
1728421200000,0.71
1728424800000,0.79
1728428400000,0.34
1728432000000,0.25
1728435600000,0.25
1728439200000,0.25
1728442800000,0.25
1728446400000,0.25
1728450000000,0.25
1728453600000,0.36
1728457200000,0.46
1728460800000,0.38
1728464400000,0.45
1728468000000,0.38
1728471600000,0.67
1728475200000,0.39
1728478800000,0.39
1728482400000,0.37
1728486000000,0.37
1728489600000,0.33
1728493200000,0.31
1728496800000,0.33
1728500400000,0.52
1728504000000,0.54
1728507600000,0.5
1728511200000,0.28
1728514800000,0.23
1728518400000,0.25
1728522000000,0.25
1728525600000,0.25
1728529200000,0.25
1728532800000,0.24
1728536400000,0.26
1728540000000,0.42
1728543600000,1.53
1728547200000,0.95
1728550800000,0.43
1728554400000,0.58
1728558000000,0.47
1728561600000,0.95
1728565200000,0.33
1728568800000,0.35
1728572400000,0.31
1728576000000,0.31
1728579600000,0.29
1728583200000,0.56
1728586800000,1.21
1728590400000,0.69
1728594000000,0.31
1728597600000,0.25
1728601200000,0.25
1728604800000,0.42
1728608400000,0.81
1728612000000,0.33
1728615600000,0.25
1728619200000,0.25
1728622800000,0.25
1728626400000,0.27
1728630000000,0.59
1728633600000,1.36
1728637200000,0.9
1728640800000,1.36
1728644400000,0.39
1728648000000,0.38
1728651600000,0.37
1728655200000,0.34
1728658800000,0.37
1728662400000,0.4
1728666000000,0.33
1728669600000,1.07
1728673200000,0.5
1728676800000,0.52
1728680400000,0.45
1728684000000,0.28
1728687600000,0.25
1728691200000,0.25
1728694800000,0.24
1728698400000,0.25
1728702000000,0.25
1728705600000,0.23
1728709200000,0.5
1728712800000,2.22
1728716400000,1.56
1728720000000,0.44
1728723600000,0.28
1728727200000,0.28
1728730800000,0.84
1728734400000,0.35
1728738000000,0.32
1728741600000,0.3
1728745200000,0.24
1728748800000,0.25
1728752400000,0.41
1728756000000,0.98
1728759600000,0.46
1728763200000,0.5
1728766800000,0.38
1728770400000,0.25
1728774000000,0.23
1728777600000,0.25
1728781200000,0.25
1728784800000,0.25
1728788400000,0.25
1728792000000,0.24
1728795600000,0.34
1728799200000,1.25
1728802800000,0.76
1728806400000,0.27
1728810000000,0.25
1728813600000,0.25
1728817200000,0.29
1728820800000,0.37
1728824400000,0.37
1728828000000,0.26
1728831600000,0.34
1728835200000,0.38
1728838800000,0.48
1728842400000,0.48
1728846000000,0.42
1728849600000,0.96
1728853200000,0.85
1728856800000,0.29
1728860400000,0.27
1728864000000,0.23
1728867600000,0.25
1728871200000,0.25
1728874800000,0.25
1728878400000,0.31
1728882000000,1.86
1728885600000,1.39
1728889200000,1.21
1728892800000,2.02
1728896400000,1.35
1728900000000,1
1728903600000,1.13
1728907200000,1.18
1728910800000,0.71
1728914400000,0.38
1728918000000,0.29
1728921600000,0.71
1728925200000,0.85
1728928800000,0.82
1728932400000,0.48
1728936000000,0.43
1728939600000,0.38
1728943200000,0.19
1728946800000,0.29
1728950400000,0.31
1728954000000,1.35
1728957600000,1.23
1728961200000,1.15
1728964800000,0.73
1728968400000,0.25
1728972000000,1.59
1728975600000,1.17
1728979200000,0.29
1728982800000,0.25
1728986400000,0.27
1728990000000,0.4
1728993600000,0.86
1728997200000,0.38
1729000800000,0.42
1729004400000,0.38
1729008000000,0.83
1729011600000,0.98
1729015200000,1.06
1729018800000,0.52
1729022400000,0.57
1729026000000,0.41
1729029600000,0.4
1729033200000,0.35
1729036800000,0.21
1729040400000,0.25
1729044000000,0.23
1729047600000,0.23
1729051200000,1.06
1729054800000,1.21
1729058400000,1.45
1729062000000,0.66
1729065600000,0.48
1729069200000,0.38
1729072800000,0.37
1729076400000,0.37
1729080000000,0.81
1729083600000,0.88
1729087200000,1.12
1729090800000,1.36
1729094400000,1.03
1729098000000,0.38
1729101600000,0.48
1729105200000,1
1729108800000,1.27
1729112400000,0.73
1729116000000,0.39
1729119600000,0.33
1729123200000,0.23
1729126800000,1.42
1729130400000,1.29
1729134000000,1.11
1729137600000,0.66
1729141200000,0.21
1729144800000,0.32
1729148400000,0.29
1729152000000,0.22
1729155600000,0.33
1729159200000,0.35
1729162800000,1.23
1729166400000,1.03
1729170000000,0.48
1729173600000,0.32
1729177200000,0.39
1729180800000,0.27
1729184400000,0.4
1729188000000,0.73
1729191600000,0.73
1729195200000,0.74
1729198800000,0.42
1729202400000,0.36
1729206000000,0.25
1729209600000,0.22
1729213200000,0.21
1729216800000,0.21
1729220400000,1.36
1729224000000,1.22
1729227600000,1.09
1729231200000,0.75
1729234800000,0.29
1729238400000,0.29
1729242000000,0.27
1729245600000,0.4
1729249200000,0.97
1729252800000,0.37
1729256400000,0.66
1729260000000,0.41
1729263600000,0.39
1729267200000,0.25
1729270800000,0.35
1729274400000,0.77
1729278000000,1.06
1729281600000,0.92
1729285200000,0.85
1729288800000,0.36
1729292400000,0.27
1729296000000,0.21
1729299600000,0.21
1729303200000,0.68
1729306800000,1.38
1729310400000,1.21
1729314000000,1.21
1729317600000,0.44
1729321200000,0.65
1729324800000,0.42
1729328400000,0.34
1729332000000,0.36
1729335600000,0.34
1729339200000,0.23
1729342800000,0.23
1729346400000,0.22
1729350000000,0.23
1729353600000,0.25
1729357200000,0.42
1729360800000,0.42
1729364400000,0.44
1729368000000,0.47
1729371600000,0.44
1729375200000,0.38
1729378800000,0.56
1729382400000,0.52
1729386000000,1.44
1729389600000,1.23
1729393200000,1.14
1729396800000,1.06
1729400400000,0.28
1729404000000,0.29
1729407600000,0.3
1729411200000,0.31
1729414800000,0.35
1729418400000,0.35
1729422000000,0.91
1729425600000,0.48
1729429200000,0.37
1729432800000,0.38
1729436400000,1.31
1729440000000,0.93
1729443600000,0.85
1729447200000,1.75
1729450800000,0.94
1729454400000,0.69
1729458000000,0.33
1729461600000,0.52
1729465200000,1.42
1729468800000,1.23
1729472400000,1.1
1729476000000,0.65
1729479600000,0.21
1729483200000,0.21
1729486800000,0.22
1729490400000,0.23
1729494000000,0.26
1729497600000,0.55
1729501200000,1.17
1729504800000,0.37
1729508400000,0.35
1729512000000,0.46
1729515600000,0.39
1729519200000,0.35
1729522800000,0.35
1729526400000,0.33
1729530000000,0.31
1729533600000,0.33
1729537200000,0.48
1729540800000,0.48
1729544400000,0.31
1729548000000,1.52
1729551600000,1.42
1729555200000,1.19
1729558800000,1.06
1729562400000,0.6
1729566000000,0.21
1729569600000,0.21
1729573200000,0.75
1729576800000,0.83
1729580400000,0.23
1729584000000,0.24
1729587600000,0.29
1729591200000,0.78
1729594800000,0.3
1729598400000,0.32
1729602000000,0.3
1729605600000,0.32
1729609200000,0.25
1729612800000,0.2
1729616400000,0.33
1729620000000,0.35
1729623600000,0.36
1729627200000,0.37
1729630800000,1.32
1729634400000,1.47
1729638000000,1.28
1729641600000,1.08
1729645200000,0.35
1729648800000,0.21
1729652400000,0.21
1729656000000,0.21
1729659600000,0.21
1729663200000,0.39
1729666800000,0.95
1729670400000,1.08
1729674000000,0.68
1729677600000,0.28
1729681200000,0.6
1729684800000,1.41
1729688400000,1.34
1729692000000,0.26
1729695600000,0.26
1729699200000,0.22
1729702800000,0.29
1729706400000,0.87
1729710000000,1.55
1729713600000,1.18
1729717200000,0.84
1729720800000,0.58
1729724400000,0.25
1729728000000,0.21
1729731600000,0.21
1729735200000,0.21
1729738800000,0.2
1729742400000,0.21
1729746000000,0.21
1729749600000,0.3
1729753200000,0.29
1729756800000,0.96
1729760400000,1.13
1729764000000,0.85
1729767600000,0.35
1729771200000,0.25
1729774800000,0.3
1729778400000,0.32
1729782000000,0.29
1729785600000,0.3
1729789200000,0.44
1729792800000,0.5
1729796400000,0.39
1729800000000,0.36
1729803600000,0.35
1729807200000,0.33
1729810800000,0.25
1729814400000,0.23
1729818000000,0.23
1729821600000,0.46
1729825200000,1.27
1729828800000,1.04
1729832400000,1.03
1729836000000,0.67
1729839600000,0.85
1729843200000,0.74
1729846800000,0.65
1729850400000,0.36
1729854000000,0.51
1729857600000,0.85
1729861200000,0.4
1729864800000,0.35
1729868400000,0.31
1729872000000,0.31
1729875600000,0.43
1729879200000,0.32
1729882800000,0.79
1729886400000,1.27
1729890000000,0.6
1729893600000,0.77
1729897200000,0.27
1729900800000,0.23
1729904400000,0.25
1729908000000,0.25
1729911600000,0.25
1729915200000,1.04
1729918800000,1.05
1729922400000,1.07
1729926000000,0.36
1729929600000,0.32
1729933200000,0.74
1729936800000,0.21
1729940400000,0.22
1729944000000,0.19
1729947600000,0.2
1729951200000,0.2
1729954800000,0.18
1729958400000,0.23
1729962000000,0.21
1729965600000,0.21
1729969200000,0.21
1729972800000,0.23
1729976400000,0.21
1729980000000,0.23
1729983600000,0.22
1729987200000,0.19
1729990800000,0.21
1729994400000,0.21
1729998000000,0.21
1730001600000,0.23
1730005200000,0.23
1730008800000,0.23
1730012400000,0.41
1730016000000,1.47
1730019600000,1.05
1730023200000,0.79
1730026800000,0.54
1730030400000,0.21
1730034000000,0.2
1730037600000,0.21
1730041200000,0.26
1730044800000,0.29
1730048400000,0.5
1730052000000,0.46
1730055600000,0.59
1730059200000,0.48
1730062800000,0.35
1730066400000,0.33
1730070000000,0.59
1730073600000,0.52
1730077200000,0.21
1730080800000,0.22
1730084400000,0.19
1730088000000,0.21
1730091600000,0.21
1730095200000,1.28
1730098800000,1.04
1730102400000,0.87
1730106000000,0.33
1730109600000,0.35
1730113200000,0.31
1730116800000,0.25
1730120400000,0.38
1730124000000,0.33
1730127600000,0.78
1730131200000,0.29
1730134800000,0.35
1730138400000,1.03
1730142000000,0.43
1730145600000,0.38
1730149200000,0.73
1730152800000,0.31
1730156400000,0.77
1730160000000,0.21
1730163600000,0.21
1730167200000,0.21
1730170800000,0.2
1730174400000,0.65
1730178000000,1.21
1730181600000,1.05
1730185200000,1.06
1730188800000,0.36
1730192400000,0.74
1730196000000,0.69
1730199600000,0.67
1730203200000,0.5
1730206800000,1.43
1730210400000,0.33
1730214000000,0.44
1730217600000,0.83
1730221200000,0.81
1730224800000,0.6
1730228400000,0.79
1730232000000,1.65
1730235600000,1.04
1730239200000,0.42
1730242800000,0.64
1730246400000,0.71
1730250000000,0.48
1730253600000,0.23
1730257200000,0.23
1730260800000,0.33
1730264400000,1.32
1730268000000,1.08
1730271600000,1.02
1730275200000,0.84
1730278800000,0.41
1730282400000,0.25
1730286000000,0.34
1730289600000,0.26
1730293200000,0.29
1730296800000,0.28
1730300400000,0.26
1730304000000,0.3
1730307600000,0.4
1730311200000,0.37
1730314800000,0.98
1730318400000,0.38
1730322000000,0.5
1730325600000,0.77
1730329200000,0.71
1730332800000,0.24
1730336400000,0.21
1730340000000,0.21
1730343600000,0.21
1730347200000,0.19
1730350800000,0.21
1730354400000,1.03
1730358000000,1.5
1730361600000,1.17
1730365200000,0.37
1730368800000,0.24
1730372400000,0.72
1730376000000,0.22
1730379600000,0.26
1730383200000,0.2
1730386800000,0.24
1730390400000,0.74
1730394000000,0.27
1730397600000,0.25
1730401200000,0.23
1730404800000,0.21
1730408400000,0.62
1730412000000,0.21
1730415600000,0.21
1730419200000,0.21
1730422800000,0.2
1730426400000,0.23
1730430000000,0.19
1730433600000,0.21
1730437200000,0.21
1730440800000,0.19
1730444400000,0.18
1730448000000,0.21
1730451600000,0.22
1730455200000,0.19
1730458800000,0.21
1730462400000,0.19
1730466000000,0.22
1730469600000,0.23
1730473200000,0.19
1730476800000,0.23
1730480400000,0.21
1730484000000,0.21
1730487600000,1.75
1730491200000,2.31
1730494800000,0.5
1730498400000,0.77
1730502000000,0.75
1730505600000,0.19
1730509200000,0.21
1730512800000,0.21
1730516400000,0.21
1730520000000,0.2
1730523600000,0.48
1730527200000,1.61
1730530800000,1.56
1730534400000,1.27
1730538000000,0.84
1730541600000,0.3
1730545200000,0.71
1730548800000,0.55
1730552400000,1.26
1730556000000,1.6
1730559600000,1.57
1730563200000,1.01
1730566800000,0.58
1730570400000,0.82
1730574000000,0.85
1730577600000,0.75
1730581200000,0.64
1730584800000,0.4
1730588400000,0.81
1730592000000,0.21
1730595600000,0.23
1730599200000,0.19
1730602800000,0.21
1730606400000,0.23
1730610000000,0.56
1730613600000,0.3
1730617200000,1.56
1730620800000,2.06
1730624400000,1.55
1730628000000,1.2
1730631600000,1.97
1730635200000,0.7
1730638800000,0.71
1730642400000,1.9
1730646000000,1
1730649600000,0.8
1730653200000,0.96
1730656800000,1
1730660400000,1.02
1730664000000,0.5
1730667600000,0.4
1730671200000,0.37
1730674800000,0.23
1730678400000,0.25
1730682000000,0.25
1730685600000,0.23
1730689200000,0.25
1730692800000,0.23
1730696400000,0.98
1730700000000,2.02
1730703600000,1.1
1730707200000,1.85
1730710800000,1.52
1730714400000,0.87
1730718000000,0.85
1730721600000,0.33
1730725200000,0.6
1730728800000,0.28
1730732400000,0.31
1730736000000,0.69
1730739600000,0.52
1730743200000,1.12
1730746800000,0.75
1730750400000,0.48
1730754000000,0.4
1730757600000,0.35
1730761200000,0.31
1730764800000,0.23
1730768400000,0.25
1730772000000,0.21
1730775600000,0.23
1730779200000,0.25
1730782800000,1.25
1730786400000,1.15
1730790000000,1.64
1730793600000,0.89
1730797200000,1.13
1730800800000,0.33
1730804400000,0.25
1730808000000,0.84
1730811600000,0.32
1730815200000,0.24
1730818800000,0.23
1730822400000,0.26
1730826000000,0.29
1730829600000,0.67
1730833200000,1.04
1730836800000,0.39
1730840400000,0.44
1730844000000,1
1730847600000,0.61
1730851200000,0.85
1730854800000,0.23
1730858400000,0.23
1730862000000,0.23
1730865600000,0.23
1730869200000,1.41
1730872800000,1.29
1730876400000,1.62
1730880000000,1.76
1730883600000,1.4
1730887200000,0.38
1730890800000,0.66
1730894400000,0.4
1730898000000,0.47
1730901600000,0.37
1730905200000,0.33
1730908800000,0.32
1730912400000,0.58
1730916000000,0.92
1730919600000,0.83
1730923200000,0.92
1730926800000,0.43
1730930400000,0.36
1730934000000,0.27
1730937600000,0.23
1730941200000,0.25
1730944800000,0.21
1730948400000,0.23
1730952000000,0.91
1730955600000,1.48
1730959200000,1.24
1730962800000,0.96
1730966400000,1.35
1730970000000,1.18
1730973600000,0.28
1730977200000,0.29
1730980800000,0.66
1730984400000,0.48
1730988000000,0.28
1730991600000,0.24
1730995200000,0.29
1730998800000,0.33
1731002400000,0.29
1731006000000,0.4
1731009600000,0.54
1731013200000,0.42
1731016800000,0.29
1731020400000,0.31
1731024000000,0.25
1731027600000,0.23
1731031200000,0.23
1731034800000,0.23
1731038400000,0.23
1731042000000,1.25
1731045600000,1.06
1731049200000,1.79
1731052800000,1.86
1731056400000,1.28
1731060000000,0.71
1731063600000,0.6
1731067200000,1.3
1731070800000,0.48
1731074400000,0.57
1731078000000,0.3
1731081600000,0.61
1731085200000,0.31
1731088800000,0.5
1731092400000,0.82
1731096000000,0.64
1731099600000,0.63
1731103200000,0.45
1731106800000,0.42
1731110400000,0.33
1731114000000,0.23
1731117600000,0.23
1731121200000,0.23
1731124800000,0.23
1731128400000,1.36
1731132000000,1.33
1731135600000,0.93
1731139200000,1.54
1731142800000,1.37
1731146400000,0.35
1731150000000,0.34
1731153600000,1.26
1731157200000,0.97
1731160800000,0.29
1731164400000,0.87
1731168000000,0.34
1731171600000,1.31
1731175200000,2.19
1731178800000,1.13
1731182400000,0.68
1731186000000,0.82
1731189600000,0.35
1731193200000,0.33
1731196800000,0.23
1731200400000,0.23
1731204000000,0.25
1731207600000,0.23
1731211200000,0.23
1731214800000,1.46
1731218400000,0.31
1731222000000,1.7
1731225600000,2.38
1731229200000,1.83
1731232800000,0.54
1731236400000,0.36
1731240000000,0.26
1731243600000,0.25
1731247200000,0.48
1731250800000,1.52
1731254400000,1.44
1731258000000,0.58
1731261600000,0.96
1731265200000,1.81
1731268800000,0.42
1731272400000,0.4
1731276000000,0.33
1731279600000,0.29
1731283200000,0.27
1731286800000,0.21
1731290400000,0.25
1731294000000,0.23
1731297600000,0.23
1731301200000,1.37
1731304800000,1.09
1731308400000,1.51
1731312000000,1.66
1731315600000,1.62
1731319200000,1.1
1731322800000,0.88
1731326400000,0.83
1731330000000,0.89
1731333600000,1.06
1731337200000,0.79
1731340800000,0.98
1731344400000,1.56
1731348000000,1.73
1731351600000,1.19
1731355200000,0.41
1731358800000,0.46
1731362400000,0.42
1731366000000,0.42
1731369600000,0.29
1731373200000,0.25
1731376800000,0.23
1731380400000,0.66
1731384000000,0.84
1731387600000,1.52
1731391200000,2.02
1731394800000,1.11
1731398400000,1.49
1731402000000,1.71
1731405600000,0.99
1731409200000,0.3
1731412800000,0.32
1731416400000,0.65
1731420000000,0.56
1731423600000,0.65
1731427200000,1.04
1731430800000,1.25
1731434400000,1.43
1731438000000,1.34
1731441600000,0.43
1731445200000,0.44
1731448800000,0.34
1731452400000,0.41
1731456000000,0.23
1731459600000,0.23
1731463200000,0.23
1731466800000,0.44
1731470400000,0.85
1731474000000,1.52
1731477600000,1
1731481200000,1.71
1731484800000,1.75
1731488400000,1.38
1731492000000,0.22
1731495600000,0.23
1731499200000,0.34
1731502800000,0.29
1731506400000,0.25
1731510000000,0.29
1731513600000,0.81
1731517200000,1.32
1731520800000,1.27
1731524400000,1.6
1731528000000,0.4
1731531600000,0.39
1731535200000,0.32
1731538800000,0.68
1731542400000,0.73
1731546000000,0.67
1731549600000,0.23
1731553200000,0.23
1731556800000,0.23
1731560400000,1.16
1731564000000,1.44
1731567600000,1.65
1731571200000,1.66
1731574800000,1.7
1731578400000,0.9
1731582000000,0.51
1731585600000,0.28
1731589200000,0.72
1731592800000,1.03
1731596400000,0.32
1731600000000,0.42
1731603600000,0.36
1731607200000,0.37
1731610800000,0.94
1731614400000,0.91
1731618000000,0.44
1731621600000,0.77
1731625200000,0.38
1731628800000,0.23
1731632400000,0.25
1731636000000,0.21
1731639600000,0.22
1731643200000,0.25
1731646800000,1.52
1731650400000,0.86
1731654000000,1.81
1731657600000,1.95
1731661200000,1.14
1731664800000,0.28
1731668400000,0.73
1731672000000,0.37
1731675600000,0.31
1731679200000,0.37
1731682800000,0.31
1731686400000,0.37
1731690000000,0.25
1731693600000,0.65
1731697200000,0.86
1731700800000,0.41
1731704400000,0.42
1731708000000,0.35
1731711600000,0.27
1731715200000,0.23
1731718800000,0.25
1731722400000,0.25
1731726000000,0.71
1731729600000,0.67
1731733200000,0.91
1731736800000,0.9
1731740400000,1.81
1731744000000,0.76
1731747600000,0.78
1731751200000,0.33
1731754800000,0.24
1731758400000,0.8
1731762000000,1.08
1731765600000,1.05
1731769200000,2.02
1731772800000,1.48
1731776400000,1.81
1731780000000,0.98
1731783600000,1.62
1731787200000,1.13
1731790800000,1.16
1731794400000,0.77
1731798000000,0.55
1731801600000,0.66
1731805200000,0.77
1731808800000,0.73
1731812400000,0.71
1731816000000,0.33
1731819600000,1.21
1731823200000,0.32
1731826800000,1.63
1731830400000,1.6
1731834000000,1.06
1731837600000,0.98
1731841200000,0.89
1731844800000,0.97
1731848400000,1.44
1731852000000,1.26
1731855600000,1.05
1731859200000,1.6
1731862800000,1.63
1731866400000,2
1731870000000,1.97
1731873600000,1.05
1731877200000,0.75
1731880800000,0.41
1731884400000,0.77
1731888000000,1.38
1731891600000,1.25
1731895200000,0.79
1731898800000,0.81
1731902400000,0.32
1731906000000,1.2
1731909600000,1.11
1731913200000,1.69
1731916800000,1.94
1731920400000,0.87
1731924000000,0.62
1731927600000,0.92
1731931200000,1.01
1731934800000,0.73
1731938400000,0.34
1731942000000,0.41
1731945600000,1
1731949200000,1.17
1731952800000,1.64
1731956400000,1.8
1731960000000,0.91
1731963600000,0.71
1731967200000,0.35
1731970800000,0.26
1731974400000,0.22
1731978000000,0.23
1731981600000,0.25
1731985200000,0.21
1731988800000,0.23
1731992400000,1.35
1731996000000,1.36
1731999600000,1.5
1732003200000,0.85
1732006800000,1.27
1732010400000,0.3
1732014000000,0.9
1732017600000,0.62
1732021200000,0.36
1732024800000,0.28
1732028400000,0.3
1732032000000,0.27
1732035600000,0.61
1732039200000,0.79
1732042800000,0.96
1732046400000,0.45
1732050000000,0.5
1732053600000,0.44
1732057200000,0.71
1732060800000,0.21
1732064400000,0.19
1732068000000,0.22
1732071600000,0.21
1732075200000,0.21
1732078800000,1.36
1732082400000,2.1
1732086000000,1.89
1732089600000,1.54
1732093200000,0.95
1732096800000,0.29
1732100400000,0.9
1732104000000,1.21
1732107600000,0.96
1732111200000,0.74
1732114800000,0.69
1732118400000,0.89
1732122000000,1.57
1732125600000,1.41
1732129200000,1.52
1732132800000,0.42
1732136400000,0.54
1732140000000,0.42
1732143600000,0.27
1732147200000,0.77
1732150800000,0.79
1732154400000,0.67
1732158000000,0.69
1732161600000,0.81
1732165200000,1.83
1732168800000,1.5
1732172400000,1.75
1732176000000,1.68
1732179600000,1.48
1732183200000,0.8
1732186800000,0.69
1732190400000,0.8
1732194000000,0.87
1732197600000,0.7
1732201200000,0.71
1732204800000,0.74
1732208400000,0.69
1732212000000,1.36
1732215600000,0
1732219200000,1.12
1732222800000,0.46
1732226400000,0.33
1732230000000,0.27
1732233600000,0.21
1732237200000,0.25
1732240800000,0.23
1732244400000,0.23
1732248000000,0.23
1732251600000,1.08
1732255200000,1.15
1732258800000,1.73
1732262400000,1.83
1732266000000,1.59
1732269600000,0.6
1732273200000,0.5
1732276800000,0.88
1732280400000,0.76
1732284000000,0.8
1732287600000,1.12
1732291200000,1.53
1732294800000,1.54
1732298400000,1.48
1732302000000,0.89
1732305600000,0.46
1732309200000,0.42
1732312800000,0.37
1732316400000,0.79
1732320000000,1.07
1732323600000,0.77
1732327200000,0.96
1732330800000,1.12
1732334400000,1.06
1732338000000,1.59
1732341600000,1.68
1732345200000,1.7
1732348800000,1.06
1732352400000,1.15
1732356000000,0.68
1732359600000,0.67
1732363200000,1.11
1732366800000,1.12
1732370400000,0.86
1732374000000,0.7
1732377600000,0.88
1732381200000,0.81
1732384800000,1.13
1732388400000,1.1
1732392000000,0.52
1732395600000,0.48
1732399200000,0.33
1732402800000,0.59
1732406400000,0.79
1732410000000,0.71
1732413600000,0.75
1732417200000,0.23
1732420800000,0.23
1732424400000,1.66
1732428000000,0.31
1732431600000,1.04
1732435200000,1.47
1732438800000,0.5
1732442400000,0.28
1732446000000,0.24
1732449600000,0.22
1732453200000,0.24
1732456800000,0.22
1732460400000,0.23
1732464000000,0.25
1732467600000,0.23
1732471200000,0.24
1732474800000,1.23
1732478400000,1.63
1732482000000,1.6
1732485600000,1.3
1732489200000,0.33
1732492800000,0.25
1732496400000,0.77
1732500000000,1.1
1732503600000,1.25
1732507200000,0.84
1732510800000,1.54
1732514400000,1.17
1732518000000,0.75
1732521600000,1.51
1732525200000,0.57
1732528800000,0.36
1732532400000,0.37
1732536000000,0.49
1732539600000,0.41
1732543200000,0.65
1732546800000,0.66
1732550400000,0.67
1732554000000,0.52
1732557600000,0.43
1732561200000,0.4
1732564800000,0.38
1732568400000,0.39
1732572000000,0.29
1732575600000,0.32
1732579200000,0.24
1732582800000,0.25
1732586400000,0.23
1732590000000,0.23
1732593600000,0.23
1732597200000,1.57
1732600800000,0.97
1732604400000,1.99
1732608000000,1.81
1732611600000,0.9
1732615200000,0.27
1732618800000,0.26
1732622400000,0.51
1732626000000,0.26
1732629600000,0.25
1732633200000,0.26
1732636800000,0.33
1732640400000,0.69
1732644000000,0.92
1732647600000,0.99
1732651200000,0.57
1732654800000,0.54
1732658400000,0.44
1732662000000,0.25
1732665600000,0.23
1732669200000,0.23
1732672800000,0.22
1732676400000,0.25
1732680000000,0.23
1732683600000,1.13
1732687200000,1.19
1732690800000,1.16
1732694400000,1.78
1732698000000,0.83
1732701600000,0.3
1732705200000,0.29
1732708800000,0.48
1732712400000,0.75
1732716000000,0.33
1732719600000,0.33
1732723200000,0.48
1732726800000,0.73
1732730400000,0.73
1732734000000,0.35
1732737600000,0.38
1732741200000,0.35
1732744800000,0.37
1732748400000,0.23
1732752000000,0.21
1732755600000,0.25
1732759200000,0.23
1732762800000,1.04
1732766400000,0.79
1732770000000,0.98
1732773600000,1.25
1732777200000,2.02
1732780800000,1.13
1732784400000,0.5
1732788000000,0.24
1732791600000,0.25
1732795200000,0.36
1732798800000,0.27
1732802400000,0.35
1732806000000,0.4
1732809600000,0.5
1732813200000,0.41
1732816800000,0.71
1732820400000,1.1
1732824000000,0.69
1732827600000,0.42
1732831200000,0.87
1732834800000,0.82
1732838400000,0.71
1732842000000,0.77
1732845600000,0.75
1732849200000,0.72
1732852800000,0.44
1732856400000,0.21
1732860000000,0.5
1732863600000,0.94
1732867200000,0.83
1732870800000,1.09
1732874400000,0.53
1732878000000,1.83
1732881600000,1.94
1732885200000,1.72
1732888800000,1.36
1732892400000,0.31
1732896000000,0.29
1732899600000,0.4
1732903200000,1.22
1732906800000,0.82
1732910400000,0.46
1732914000000,0.48
1732917600000,0.5
1732921200000,0.41
1732924800000,0.25
1732928400000,0.23
1732932000000,0.23
1732935600000,0.23
1732939200000,0.21
1732942800000,1.73
1732946400000,1.1
1732950000000,0.77
1732953600000,1.74
1732957200000,0.88
1732960800000,0.67
1732964400000,1.63
1732968000000,1.71
1732971600000,2.1
1732975200000,0.32
1732978800000,0.88
1732982400000,0.86
1732986000000,1.02
1732989600000,0.5
1732993200000,0.4
1732996800000,0.89
1733000400000,0.92
1733004000000,1.29
1733007600000,1.06
1733011200000,0.42
1733014800000,0.27
1733018400000,0.27
1733022000000,0.25
1733025600000,0.29
1733029200000,1.19
1733032800000,0.33
1733036400000,1.81
1733040000000,1.37
1733043600000,0.88
1733047200000,1.2
1733050800000,1.18
1733054400000,0.7
1733058000000,0.6
1733061600000,0.59
1733065200000,1.69
1733068800000,1.41
1733072400000,1.29
1733076000000,1.21
1733079600000,0.9
1733083200000,0.64
1733086800000,0.42
1733090400000,0.29
1733094000000,0.31
1733097600000,0.23
1733101200000,0.23
1733104800000,0.23
1733108400000,0.23
1733112000000,0.25
1733115600000,1.13
1733119200000,1.21
1733122800000,0.94
1733126400000,0.84
1733130000000,0.53
1733133600000,0.29
1733137200000,0.26
1733140800000,0.34
1733144400000,0.28
1733148000000,0.27
1733151600000,0.79
1733155200000,0.54
1733158800000,0.63
1733162400000,0.58
1733166000000,0.81
1733169600000,1.04
1733173200000,1.05
1733176800000,1.06
1733180400000,0.37
1733184000000,0.29
1733187600000,0.25
1733191200000,0.23
1733194800000,0.23
1733198400000,0.25
1733202000000,1.38
1733205600000,1.04
1733209200000,1.81
1733212800000,1.89
1733216400000,1.2
1733220000000,0.36
1733223600000,0.51
1733227200000,0.66
1733230800000,0.66
1733234400000,0.3
1733238000000,0.31
1733241600000,0.33
1733245200000,0.38
1733248800000,0.38
1733252400000,0.47
1733256000000,0.52
1733259600000,0.55
1733263200000,0.52
1733266800000,0.35
1733270400000,0.27
1733274000000,0.23
1733277600000,0.21
1733281200000,0.21
1733284800000,0.23
1733288400000,1.37
1733292000000,1.57
1733295600000,0.91
1733299200000,2.03
1733302800000,0.76
1733306400000,0.2
1733310000000,0.25
1733313600000,0.34
1733317200000,1.03
1733320800000,0.3
1733324400000,0.35
1733328000000,0.73
1733331600000,1.55
1733335200000,1.52
1733338800000,1.16
1733342400000,0.52
1733346000000,0.38
1733349600000,0.33
1733353200000,0.29
1733356800000,0.21
1733360400000,0.23
1733364000000,0.21
1733367600000,0.23
1733371200000,0.25
1733374800000,1.4
1733378400000,1.39
1733382000000,1.86
1733385600000,1.19
1733389200000,0.98
1733392800000,0.24
1733396400000,0.24
1733400000000,0.26
1733403600000,0.52
1733407200000,0.23
1733410800000,0.25
1733414400000,0.27
1733418000000,0.88
1733421600000,0.62
1733425200000,1.13
1733428800000,0.52
1733432400000,0.54
1733436000000,0.54
1733439600000,0.81
1733443200000,0.73
1733446800000,0.63
1733450400000,0.27
1733454000000,0.23
1733457600000,0.23
1733461200000,1.45
1733464800000,2.21
1733468400000,1.04
1733472000000,1.46
1733475600000,1.05
1733479200000,0.34
1733482800000,0.32
1733486400000,0.33
1733490000000,0.75
1733493600000,0.29
1733497200000,0.84
1733500800000,0.95
1733504400000,0.98
1733508000000,1.25
1733511600000,0.8
1733515200000,0.37
1733518800000,0.54
1733522400000,0.42
1733526000000,0.35
1733529600000,0.25
1733533200000,0.23
1733536800000,0.23
1733540400000,0.23
1733544000000,0.25
1733547600000,1.19
1733551200000,1.33
1733554800000,1.74
1733558400000,1.78
1733562000000,0.84
1733565600000,0.25
1733569200000,0.61
1733572800000,0.62
1733576400000,0.94
1733580000000,1.51
1733583600000,1.06
1733587200000,1.37
1733590800000,1.38
1733594400000,1.25
1733598000000,0.91
1733601600000,0.46
1733605200000,0.4
1733608800000,0.48
1733612400000,0.27
1733616000000,0.25
1733619600000,0.23
1733623200000,0.23
1733626800000,0.25
1733630400000,0.23
1733634000000,1.31
1733637600000,0.42
1733641200000,1.91
1733644800000,1.99
1733648400000,1.04
1733652000000,0.55
1733655600000,0.23
1733659200000,0.18
1733662800000,0.21
1733666400000,0.21
1733670000000,0.19
1733673600000,0.54
1733677200000,1.44
1733680800000,1.17
1733684400000,0.92
1733688000000,1.18
1733691600000,0.92
1733695200000,0.52
1733698800000,0.31
1733702400000,0.23
1733706000000,0.23
1733709600000,0.23
1733713200000,0.23
1733716800000,0.23
1733720400000,1.08
1733724000000,0.86
1733727600000,1.25
1733731200000,1.98
1733734800000,1.56
1733738400000,0.41
1733742000000,0.33
1733745600000,0.3
1733749200000,0.4
1733752800000,0.33
1733756400000,0.33
1733760000000,0.4
1733763600000,0.33
1733767200000,0.48
1733770800000,0.36
1733774400000,0.81
1733778000000,0.5
1733781600000,0.89
1733785200000,0.27
1733788800000,0.65
1733792400000,0.96
1733796000000,0.81
1733799600000,0.54
1733803200000,0.23
1733806800000,1.34
1733810400000,1.29
1733814000000,1.63
1733817600000,1.44
1733821200000,1.19
1733824800000,0.38
1733828400000,0.3
1733832000000,0.38
1733835600000,0.27
1733839200000,0.31
1733842800000,0.28
1733846400000,0.33
1733850000000,0.73
1733853600000,1.06
1733857200000,0.65
1733860800000,0.5
1733864400000,0.48
1733868000000,0.33
1733871600000,0.27
1733875200000,0.21
1733878800000,0.23
1733882400000,0.21
1733886000000,0.25
1733889600000,0.23
1733893200000,1.35
1733896800000,1.09
1733900400000,1.27
1733904000000,1.5
1733907600000,1.41
1733911200000,1.73
1733914800000,1.07
1733918400000,0.39
1733922000000,0.31
1733925600000,0.9
1733929200000,1.4
1733932800000,1.89
1733936400000,1.56
1733940000000,1.94
1733943600000,1.17
1733947200000,0.89
1733950800000,0.42
1733954400000,0.48
1733958000000,0.33
1733961600000,0.25
1733965200000,0.98
1733968800000,0.92
1733972400000,0.81
1733976000000,0.5
1733979600000,1.44
1733983200000,1.37
1733986800000,0.98
1733990400000,1.69
1733994000000,1.1
1733997600000,0.3
1734001200000,0.33
1734004800000,0.33
1734008400000,0.69
1734012000000,1.02
1734015600000,0.75
1734019200000,0.83
1734022800000,0.44
1734026400000,0.52
1734030000000,1.21
1734033600000,0.46
1734037200000,0.73
1734040800000,0.39
1734044400000,0.9
1734048000000,0.27
1734051600000,0.25
1734055200000,0.23
1734058800000,0.25
1734062400000,0.25
1734066000000,1.63
1734069600000,1.29
1734073200000,1.95
1734076800000,0.98
1734080400000,0.84
1734084000000,0.35
1734087600000,0.71
1734091200000,0.4
1734094800000,0.43
1734098400000,0.38
1734102000000,0.52
1734105600000,1.79
1734109200000,1.61
1734112800000,1.52
1734116400000,1.02
1734120000000,0.73
1734123600000,0.41
1734127200000,0.32
1734130800000,0.25
1734134400000,0.24
1734138000000,0.23
1734141600000,0.23
1734145200000,0.23
1734148800000,0.25
1734152400000,1.48
1734156000000,1.06
1734159600000,1.71
1734163200000,1.79
1734166800000,1
1734170400000,0.73
1734174000000,0.59
1734177600000,1.27
1734181200000,1.06
1734184800000,0.9
1734188400000,1.72
1734192000000,2.19
1734195600000,1.61
1734199200000,1.04
1734202800000,1
1734206400000,1
1734210000000,1
1734213600000,1
1734217200000,1
1734220800000,1
1734224400000,1
1734228000000,1
1734231600000,1
1734235200000,1
1734238800000,1
1734242400000,1
1734246000000,1
1734249600000,2.34
1734253200000,0.89
1734256800000,1.35
1734260400000,1.32
1734264000000,0.98
1734267600000,0.49
1734271200000,0.66
1734274800000,0.89
1734278400000,0.85
1734282000000,0.83
1734285600000,1.46
1734289200000,1.34
1734292800000,1.04
1734296400000,0.56
1734300000000,0.73
1734303600000,0.21
1734307200000,0.21
1734310800000,0.21
1734314400000,0.2
1734318000000,0.75
1734321600000,0.67
1734325200000,1.56
1734328800000,1.54
1734332400000,1.5
1734336000000,1.64
1734339600000,1.42
1734343200000,0.8
1734346800000,0.84
1734350400000,0.67
1734354000000,0.8
1734357600000,1.39
1734361200000,0.87
1734364800000,1.17
1734368400000,0.94
1734372000000,1.47
1734375600000,0.63
1734379200000,0.44
1734382800000,0.52
1734386400000,0.79
1734390000000,0.19
1734393600000,0.21
1734397200000,0.22
1734400800000,0.21
1734404400000,0.21
1734408000000,0.21
1734411600000,1.48
1734415200000,1.58
1734418800000,1.46
1734422400000,1.66
1734426000000,0.97
1734429600000,0.57
1734433200000,0.93
1734436800000,1.57
1734440400000,0.71
1734444000000,0.87
1734447600000,0.74
1734451200000,0.44
1734454800000,0.25
1734458400000,0.88
1734462000000,0.75
1734465600000,0.5
1734469200000,0.52
1734472800000,0.41
1734476400000,0.32
1734480000000,0.22
1734483600000,0.23
1734487200000,0.23
1734490800000,0.23
1734494400000,0.86
1734498000000,1.37
1734501600000,1.54
1734505200000,1.34
1734508800000,1.4
1734512400000,1.01
1734516000000,1.07
1734519600000,0.53
1734523200000,1.35
1734526800000,0.72
1734530400000,0.72
1734534000000,0.43
1734537600000,0.73
1734541200000,1.27
1734544800000,1.5
1734548400000,1.33
1734552000000,0.55
1734555600000,0.66
1734559200000,0.77
1734562800000,0.71
1734566400000,0.71
1734570000000,0.69
1734573600000,0.23
1734577200000,0.23
1734580800000,0.24
1734584400000,1.25
1734588000000,0.98
1734591600000,1.74
1734595200000,1.99
1734598800000,1.08
1734602400000,0.39
1734606000000,0.48
1734609600000,0.54
1734613200000,0.44
1734616800000,0.41
1734620400000,0.49
1734624000000,0.53
1734627600000,0.77
1734631200000,0.85
1734634800000,0.56
1734638400000,1.3
1734642000000,0.45
1734645600000,0.36
1734649200000,0.31
1734652800000,0.23
1734656400000,0.21
1734660000000,0.21
1734663600000,0.23
1734667200000,0.2
1734670800000,0.59
1734674400000,0.89
1734678000000,0.9
1734681600000,1.11
1734685200000,1.49
1734688800000,1.63
1734692400000,1.89
1734696000000,2.3
1734699600000,2.59
1734703200000,2.55
1734706800000,1.27
1734710400000,1.21
1734714000000,0.87
1734717600000,1.25
1734721200000,1.11
1734724800000,1.08
1734728400000,0.54
1734732000000,0.38
1734735600000,0.33
1734739200000,0.29
1734742800000,0.23
1734746400000,0.23
1734750000000,0.81
1734753600000,0.82
1734757200000,1.58
1734760800000,1.46
1734764400000,1.67
1734768000000,1.68
1734771600000,1.03
1734775200000,0.28
1734778800000,0.25
1734782400000,0.36
1734786000000,0.56
1734789600000,1.4
1734793200000,1.14
1734796800000,0.52
1734800400000,1.13
1734804000000,1.62
1734807600000,1.59
1734811200000,0.66
1734814800000,0.84
1734818400000,1.31
1734822000000,0.58
1734825600000,0.65
1734829200000,0.62
1734832800000,0.25
1734836400000,0.23
1734840000000,0.23
1734843600000,1.52
1734847200000,0.4
1734850800000,0.29
1734854400000,1.5
1734858000000,1.1
1734861600000,0.26
1734865200000,0.63
1734868800000,0.98
1734872400000,0.46
1734876000000,0.54
1734879600000,0.34
1734883200000,0.37
1734886800000,0.35
1734890400000,0.42
1734894000000,0.83
1734897600000,0.57
1734901200000,1.58
1734904800000,1.35
1734908400000,0.61
1734912000000,0.29
1734915600000,0.27
1734919200000,0.27
1734922800000,0.29
1734926400000,0.92
1734930000000,1.62
1734933600000,1.32
1734937200000,0.85
1734940800000,1.96
1734944400000,1.83
1734948000000,1.46
1734951600000,1.27
1734955200000,1.59
1734958800000,1.48
1734962400000,1.41
1734966000000,1.17
1734969600000,0.81
1734973200000,0.42
1734976800000,0.79
1734980400000,0.9
1734984000000,0.43
1734987600000,0.59
1734991200000,0.95
1734994800000,0.34
1734998400000,0.25
1735002000000,0.25
1735005600000,0.56
1735009200000,0.85
1735012800000,0.88
1735016400000,1.81
1735020000000,0.98
1735023600000,1.98
1735027200000,2.46
1735030800000,2.89
1735034400000,1.42
1735038000000,0.8
1735041600000,1.5
1735045200000,0.39
1735048800000,0.31
1735052400000,0.57
1735056000000,0.54
1735059600000,0.23
1735063200000,0.23
1735066800000,0.22
1735070400000,0.25
1735074000000,0.27
1735077600000,0.25
1735081200000,0.23
1735084800000,0.23
1735088400000,0.25
1735092000000,0.23
1735095600000,0.23
1735099200000,0.21
1735102800000,0.23
1735106400000,0.23
1735110000000,0.25
1735113600000,0.21
1735117200000,0.22
1735120800000,0.24
1735124400000,0.23
1735128000000,0.24
1735131600000,0.23
1735135200000,0.22
1735138800000,0.23
1735142400000,0.23
1735146000000,0.25
1735149600000,0.23
1735153200000,0.25
1735156800000,0.23
1735160400000,0.27
1735164000000,0.25
1735167600000,0.23
1735171200000,0.21
1735174800000,0.25
1735178400000,0.23
1735182000000,0.23
1735185600000,0.23
1735189200000,0.23
1735192800000,0.23
1735196400000,0.21
1735200000000,0.22
1735203600000,0.2
1735207200000,0.24
1735210800000,0.26
1735214400000,0.22
1735218000000,0.24
1735221600000,0.23
1735225200000,0.22
1735228800000,0.25
1735232400000,0.25
1735236000000,0.24
1735239600000,0.23
1735243200000,0.28
1735246800000,0.27
1735250400000,1.06
1735254000000,1.08
1735257600000,1.02
1735261200000,0.29
1735264800000,0.23
1735268400000,0.21
1735272000000,0.69
1735275600000,1.23
1735279200000,0.44
1735282800000,1.23
1735286400000,1.46
1735290000000,0.89
1735293600000,0.69
1735297200000,1.87
1735300800000,2.02
1735304400000,1.6
1735308000000,0.81
1735311600000,0.83
1735315200000,1.6
1735318800000,1.21
1735322400000,1.15
1735326000000,0.85
1735329600000,0.4
1735333200000,0.42
1735336800000,0.31
1735340400000,0.44
1735344000000,0.79
1735347600000,0.87
1735351200000,0.77
1735354800000,0.56
1735358400000,1.42
1735362000000,1.25
1735365600000,0.9
1735369200000,1.1
1735372800000,0.67
1735376400000,0.9
1735380000000,0.41
1735383600000,0.47
1735387200000,0.39
1735390800000,0.53
1735394400000,0.46
1735398000000,1.81
1735401600000,1.68
1735405200000,1.75
1735408800000,1.23
1735412400000,0.86
1735416000000,0.44
1735419600000,0.62
1735423200000,0.6
1735426800000,0.67
1735430400000,0.25
1735434000000,0.25
1735437600000,1
1735441200000,1.23
1735444800000,0.63
1735448400000,1.58
1735452000000,0.33
1735455600000,0.29
1735459200000,1.77
1735462800000,1.1
1735466400000,0.27
1735470000000,0.29
1735473600000,0.37
1735477200000,0.87
1735480800000,0.63
1735484400000,0.29
1735488000000,1.35
1735491600000,1.63
1735495200000,1.77
1735498800000,1.1
1735502400000,0.4
1735506000000,0.41
1735509600000,0.31
1735513200000,0.26
1735516800000,0.24
1735520400000,0.69
1735524000000,0.67
1735527600000,0.83
1735531200000,1
1735534800000,1.34
1735538400000,1.33
1735542000000,0.79
1735545600000,1.11
1735549200000,0.88
1735552800000,0.32
1735556400000,0.4
1735560000000,0.96
1735563600000,0.76
1735567200000,0.7
1735570800000,0.95
1735574400000,1.35
1735578000000,1.59
1735581600000,1.43
1735585200000,0.9
1735588800000,0.48
1735592400000,0.54
1735596000000,0.46
1735599600000,0.42
1735603200000,0.31
1735606800000,0.29
1735610400000,0.27
1735614000000,0.29
1735617600000,0.27
1735621200000,1.5
1735624800000,0.94
1735628400000,0.92
1735632000000,1.12
1735635600000,1.44
1735639200000,0.44
1735642800000,0.4
1735646400000,0.36
1735650000000,0.8
1735653600000,1.1
1735657200000,1.37
1735660800000,0.67
1735664400000,0.96
1735668000000,0.71
1735671600000,1.54
1735675200000,0.91
1735678800000,0.55
1735682400000,0.68
1735686000000,0.42
1735689600000,0.4
1735693200000,1.02
1735696800000,0.31
1735700400000,0.56
1735704000000,0.75
1735707600000,1.23
1735711200000,0.94
1735714800000,0.92
1735718400000,0.67
1735722000000,0.7
1735725600000,0.5
1735729200000,0.55
1735732800000,0.54
1735736400000,0.72
1735740000000,0.51
1735743600000,0.33
1735747200000,1.46
1735750800000,1.5
1735754400000,1.44
1735758000000,1.21
1735761600000,0.39
1735765200000,0.46
1735768800000,0.46
1735772400000,0.37
1735776000000,0.28
1735779600000,0.22
1735783200000,0.25
1735786800000,0.23
1735790400000,0.59
1735794000000,1.87
1735797600000,1.29
1735801200000,0.9
1735804800000,1.01
1735808400000,1.29
1735812000000,0.44
1735815600000,0.3
1735819200000,0.35
1735822800000,0.75
1735826400000,0.43
1735830000000,0.99
1735833600000,1.35
1735837200000,1.73
1735840800000,1.88
1735844400000,1.7
1735848000000,0.46
1735851600000,0.5
1735855200000,0.48
1735858800000,0.35
1735862400000,0.25
1735866000000,0.23
1735869600000,0.96
1735873200000,0.94
1735876800000,0.92
1735880400000,1.62
1735884000000,1.27
1735887600000,0.73
1735891200000,1.64
1735894800000,0.93
1735898400000,0.31
1735902000000,0.31
1735905600000,0.46
1735909200000,0.33
1735912800000,0.35
1735916400000,0.25
1735920000000,0.54
1735923600000,1.77
1735927200000,0.77
1735930800000,0.98
1735934400000,0.46
1735938000000,0.46
1735941600000,0.79
1735945200000,0.6
1735948800000,0.92
1735952400000,0.98
1735956000000,1.06
1735959600000,0.96
1735963200000,1.1
1735966800000,2.46
1735970400000,1.96
1735974000000,1.21
1735977600000,0.63
1735981200000,0.71
1735984800000,0.47
1735988400000,0.35
1735992000000,0.24
1735995600000,0.25
1735999200000,0.24
1736002800000,0.2
1736006400000,0.25
1736010000000,0.69
1736013600000,1.7
1736017200000,2.09
1736020800000,0.83
1736024400000,0.88
1736028000000,0.39
1736031600000,0.29
1736035200000,0.23
1736038800000,0.23
1736042400000,0.52
1736046000000,0.77
1736049600000,0.86
1736053200000,1.04
1736056800000,0.29
1736060400000,0.31
1736064000000,0.36
1736067600000,0.36
1736071200000,0.67
1736074800000,0.62
1736078400000,0.34
1736082000000,0.88
1736085600000,0.97
1736089200000,1.74
1736092800000,1.48
1736096400000,1.88
1736100000000,1.29
1736103600000,2.58
1736107200000,1.02
1736110800000,0.94
1736114400000,0.96
1736118000000,0.88
1736121600000,0.27
1736125200000,0.25
1736128800000,0.22
1736132400000,0.23
1736136000000,0.23
1736139600000,1.46
1736143200000,1.33
1736146800000,0.85
1736150400000,1.17
1736154000000,0.76
1736157600000,0.84
1736161200000,0.31
1736164800000,0.7
1736168400000,0.3
1736172000000,0.25
1736175600000,0.36
1736179200000,0.42
1736182800000,0.41
1736186400000,0.42
1736190000000,0.92
1736193600000,1.04
1736197200000,0.52
1736200800000,0.37
1736204400000,0.53
1736208000000,0.85
1736211600000,0.77
1736215200000,0.63
1736218800000,0.22
1736222400000,0.23
1736226000000,1.46
1736229600000,2.09
1736233200000,2.2
1736236800000,1.74
1736240400000,0.92
1736244000000,0.69
1736247600000,1.12
1736251200000,0.88
1736254800000,0.38
1736258400000,0.22
1736262000000,0.27
1736265600000,0.33
1736269200000,0.4
1736272800000,0.96
1736276400000,0.91
1736280000000,0.46
1736283600000,0.42
1736287200000,0.39
1736290800000,0.23
1736294400000,0.21
1736298000000,0.19
1736301600000,0.21
1736305200000,0.23
1736308800000,0.23
1736312400000,1.37
1736316000000,0.92
1736319600000,0.56
1736323200000,0.47
1736326800000,0.85
1736330400000,0.27
1736334000000,0.24
1736337600000,0.21
1736341200000,0.24
1736344800000,0.21
1736348400000,0.22
1736352000000,0.26
1736355600000,0.35
1736359200000,0.38
1736362800000,0.35
1736366400000,0.33
1736370000000,0.32
1736373600000,0.27
1736377200000,0.2
1736380800000,0.21
1736384400000,0.29
1736388000000,0.23
1736391600000,0.19
1736395200000,0.21
1736398800000,1.46
1736402400000,2.1
1736406000000,1.38
1736409600000,1.67
1736413200000,1.09
1736416800000,0.66
1736420400000,0.36
1736424000000,0.28
1736427600000,0.51
1736431200000,0.43
1736434800000,0.42
1736438400000,0.48
1736442000000,0.52
1736445600000,0.52
1736449200000,0.34
1736452800000,0.39
1736456400000,0.46
1736460000000,0.44
1736463600000,0.39
1736467200000,0.28
1736470800000,0.2
1736474400000,0.23
1736478000000,0.75
1736481600000,1.04
1736485200000,1.3
1736488800000,0.83
1736492400000,0.81
1736496000000,1.09
1736499600000,0.99
1736503200000,0.63
1736506800000,0.45
1736510400000,1.73
1736514000000,0.37
1736517600000,0.42
1736521200000,0.37
1736524800000,0.44
1736528400000,0.93
1736532000000,1.07
1736535600000,1.06
1736539200000,0.89
1736542800000,0.48
1736546400000,0.92
1736550000000,0.77
1736553600000,0.27
1736557200000,0.25
1736560800000,0.25
1736564400000,0.23
1736568000000,0.56
1736571600000,1.13
1736575200000,0.92
1736578800000,0.91
1736582400000,0.7
1736586000000,0.4
1736589600000,0.43
1736593200000,0.51
1736596800000,0.46
1736600400000,0.46
1736604000000,1.64
1736607600000,0.79
1736611200000,0.29
1736614800000,0.54
1736618400000,0.94
1736622000000,1.14
1736625600000,0.77
1736629200000,1.4
1736632800000,1.15
1736636400000,0.37
1736640000000,1.13
1736643600000,0.5
1736647200000,0.93
1736650800000,0.5
1736654400000,0.75
1736658000000,0.86
1736661600000,0.71
1736665200000,0.86
1736668800000,0.82
1736672400000,0.81
1736676000000,2
1736679600000,2.16
1736683200000,2.02
1736686800000,1.76
1736690400000,1.59
1736694000000,1.06
1736697600000,1.21
1736701200000,0.65
1736704800000,1.5
1736708400000,1.06
1736712000000,1.08
1736715600000,1.17
1736719200000,1.27
1736722800000,1.06
1736726400000,0.73
1736730000000,0.63
1736733600000,0.29
1736737200000,0.25
1736740800000,0.25
1736744400000,1.89
1736748000000,1.4
1736751600000,0.97
1736755200000,0.99
1736758800000,0.46
1736762400000,0.28
1736766000000,0.24
1736769600000,0.37
1736773200000,0.38
1736776800000,0.32
1736780400000,0.25
1736784000000,0.42
1736787600000,1.19
1736791200000,1.06
1736794800000,0.85
1736798400000,0.51
1736802000000,0.5
1736805600000,0.52
1736809200000,0.35
1736812800000,0.25
1736816400000,0.25
1736820000000,0.25
1736823600000,0.25
1736827200000,0.25
1736830800000,1.08
1736834400000,0.59
1736838000000,0.32
1736841600000,0.6
1736845200000,0.6
1736848800000,1.74
1736852400000,0.99
1736856000000,0.29
1736859600000,0.57
1736863200000,0.29
1736866800000,0.24
1736870400000,1.48
1736874000000,0.89
1736877600000,0.57
1736881200000,1.18
1736884800000,1.34
1736888400000,1.75
1736892000000,1.5
1736895600000,0.33
1736899200000,0.25
1736902800000,0.23
1736906400000,0.23
1736910000000,0.23
1736913600000,0.25
1736917200000,1.62
1736920800000,1.09
1736924400000,0.98
1736928000000,1.2
1736931600000,1.98
1736935200000,0.63
1736938800000,0.48
1736942400000,0.56
1736946000000,0.86
1736949600000,1.43
1736953200000,0.54
1736956800000,0.44
1736960400000,1.19
1736964000000,1.67
1736967600000,1.62
1736971200000,1.19
1736974800000,0.58
1736978400000,0.75
1736982000000,0.56
1736985600000,0.36
1736989200000,0.25
1736992800000,0.25
1736996400000,0.48
1737000000000,1.31
1737003600000,0.92
1737007200000,0.7
1737010800000,0.88
1737014400000,0.38
1737018000000,0.34
1737021600000,0.57
1737025200000,0.25
1737028800000,0.58
1737032400000,0.27
1737036000000,0.23
1737039600000,0.23
1737043200000,0.31
1737046800000,0.34
1737050400000,1.06
1737054000000,0.67
1737057600000,0.47
1737061200000,0.44
1737064800000,0.27
1737068400000,0.25
1737072000000,0.23
1737075600000,0.23
1737079200000,0.23
1737082800000,0.25
1737086400000,0.65
1737090000000,1.37
1737093600000,1.17
1737097200000,0.79
1737100800000,0.58
1737104400000,0.52
1737108000000,0.29
1737111600000,0.3
1737115200000,0.27
1737118800000,0.25
1737122400000,0.25
1737126000000,0.26
1737129600000,0.35
1737133200000,0.69
1737136800000,1
1737140400000,0.87
1737144000000,0.52
1737147600000,0.27
1737151200000,0.23
1737154800000,0.27
1737158400000,0.25
1737162000000,0.27
1737165600000,0.53
1737169200000,0.79
1737172800000,1.12
1737176400000,0.98
1737180000000,0.73
1737183600000,0.75
1737187200000,0.75
1737190800000,0.63
1737194400000,0.25
1737198000000,1.26
1737201600000,1.39
1737205200000,1.07
1737208800000,0.35
1737212400000,0.47
1737216000000,0.45
1737219600000,0.65
1737223200000,0.52
1737226800000,0.5
1737230400000,0.44
1737234000000,0.33
1737237600000,0.23
1737241200000,0.27
1737244800000,0.23
1737248400000,0.35
1737252000000,0.78
1737255600000,1.02
1737259200000,0.71
1737262800000,1.37
1737266400000,1.31
1737270000000,0.98
1737273600000,0.74
1737277200000,0.45
1737280800000,0.23
1737284400000,0.24
1737288000000,0.27
1737291600000,0.25
1737295200000,0.28
1737298800000,0.24
1737302400000,1.21
1737306000000,1.21
1737309600000,1.77
1737313200000,1.12
1737316800000,0.42
1737320400000,0.31
1737324000000,0.8
1737327600000,0.54
1737331200000,0.96
1737334800000,0.29
1737338400000,0.62
1737342000000,0.46
1737345600000,0.25
1737349200000,1.37
1737352800000,1.34
1737356400000,0.94
1737360000000,0.98
1737363600000,0.35
1737367200000,0.76
1737370800000,1.9
1737374400000,1.79
1737378000000,0.99
1737381600000,1.61
1737385200000,0.73
1737388800000,0.5
1737392400000,1.61
1737396000000,1.58
1737399600000,0.54
1737403200000,0.85
1737406800000,0.9
1737410400000,1.04
1737414000000,0.83
1737417600000,0.42
1737421200000,0.27
1737424800000,0.25
1737428400000,0.25
1737432000000,0.96
1737435600000,1.35
1737439200000,1.28
1737442800000,1.06
1737446400000,0.4
1737450000000,0.9
1737453600000,0.61
1737457200000,0.39
1737460800000,0.41
1737464400000,0.75
1737468000000,0.84
1737471600000,0.95
1737475200000,0.46
1737478800000,0.96
1737482400000,0.94
1737486000000,1.18
1737489600000,0.5
1737493200000,0.77
1737496800000,0.73
1737500400000,0.27
1737504000000,0.27
1737507600000,0.21
1737511200000,1.02
1737514800000,0.52
1737518400000,1.01
1737522000000,0.95
1737525600000,0.9
1737529200000,1.08
1737532800000,1.01
1737536400000,0.62
1737540000000,0.85
1737543600000,0.54
1737547200000,0.32
1737550800000,0.48
1737554400000,0.44
1737558000000,0.4
1737561600000,0.9
1737565200000,0.75
1737568800000,1.18
1737572400000,1.07
1737576000000,0.79
1737579600000,0.94
1737583200000,0.93
1737586800000,0.55
1737590400000,0.25
1737594000000,0.27
1737597600000,0.25
1737601200000,0.23
1737604800000,0.95
1737608400000,0.84
1737612000000,0.73
1737615600000,0.79
1737619200000,0.5
1737622800000,0.56
1737626400000,0.32
1737630000000,0.29
1737633600000,0.38
1737637200000,0.3
1737640800000,0.3
1737644400000,0.25
1737648000000,0.67
1737651600000,0.68
1737655200000,0.98
1737658800000,1.4
1737662400000,0.46
1737666000000,0.46
1737669600000,0.35
1737673200000,0.23
1737676800000,0.23
1737680400000,0.25
1737684000000,0.23
1737687600000,0.23
1737691200000,0.68
1737694800000,1.55
1737698400000,1.29
1737702000000,0.79
1737705600000,0.65
1737709200000,0.72
1737712800000,0.82
1737716400000,0.37
1737720000000,0.56
1737723600000,1.01
1737727200000,1.01
1737730800000,0.97
1737734400000,0.99
1737738000000,0.87
1737741600000,0.9
1737745200000,0.81
1737748800000,0.48
1737752400000,0.4
1737756000000,0.68
1737759600000,0.61
1737763200000,0.45
1737766800000,0.25
1737770400000,0.25
1737774000000,0.21
1737777600000,0.23
1737781200000,1.38
1737784800000,1.16
1737788400000,0.78
1737792000000,0.8
1737795600000,0.57
1737799200000,0.25
1737802800000,0.25
1737806400000,0.27
1737810000000,0.46
1737813600000,0.94
1737817200000,0.73
1737820800000,1.07
1737824400000,0.94
1737828000000,0.43
1737831600000,0.48
1737835200000,0.42
1737838800000,0.39
1737842400000,0.28
1737846000000,0.22
1737849600000,0.23
1737853200000,0.21
1737856800000,0.23
1737860400000,0.19
1737864000000,0.23
1737867600000,1.58
1737871200000,1.38
1737874800000,1.43
1737878400000,1.06
1737882000000,1.04
1737885600000,0.45
1737889200000,1.33
1737892800000,0.62
1737896400000,0.57
1737900000000,0.32
1737903600000,0.71
1737907200000,0.67
1737910800000,0.48
1737914400000,0.62
1737918000000,0.92
1737921600000,0.94
1737925200000,1
1737928800000,0.46
1737932400000,0.37
1737936000000,0.23
1737939600000,0.23
1737943200000,0.21
1737946800000,0.23
1737950400000,0.25
1737954000000,1.08
1737957600000,0.84
1737961200000,0.79
1737964800000,1.08
1737968400000,0.79
1737972000000,0.77
1737975600000,0.31
1737979200000,0.31
1737982800000,0.24
1737986400000,0.32
1737990000000,0.33
1737993600000,0.26
1737997200000,0.4
1738000800000,0.37
1738004400000,1.04
1738008000000,0.54
1738011600000,0.69
1738015200000,0.79
1738018800000,0.3
1738022400000,0.56
1738026000000,0.23
1738029600000,0.23
1738033200000,0.21
1738036800000,0.22
1738040400000,1.42
1738044000000,1.83
1738047600000,1.59
1738051200000,1.37
1738054800000,0.89
1738058400000,0.32
1738062000000,0.36
1738065600000,0.77
1738069200000,0.36
1738072800000,0.88
1738076400000,0.32
1738080000000,0.32
1738083600000,0.38
1738087200000,0.64
1738090800000,0.63
1738094400000,0.87
1738098000000,0.36
1738101600000,0.91
1738105200000,0.8
1738108800000,0.22
1738112400000,0.21
1738116000000,0.21
1738119600000,0.23
1738123200000,0.23
1738126800000,1.46
1738130400000,1.29
1738134000000,0.8
1738137600000,0.5
1738141200000,0.28
1738144800000,0.33
1738148400000,0.59
1738152000000,0.53
1738155600000,0.33
1738159200000,0.35
1738162800000,0.33
1738166400000,0.3
1738170000000,0.44
1738173600000,0.94
1738177200000,0.91
1738180800000,0.46
1738184400000,0.94
1738188000000,0.37
1738191600000,0.5
1738195200000,0.23
1738198800000,0.23
1738202400000,0.23
1738206000000,0.23
1738209600000,0.25
1738213200000,0.98
1738216800000,0.73
1738220400000,1.61
1738224000000,0.81
1738227600000,0.79
1738231200000,0.31
1738234800000,0.53
1738238400000,0.9
1738242000000,0.81
1738245600000,0.32
1738249200000,0.32
1738252800000,0.3
1738256400000,0.48
1738260000000,1.06
1738263600000,1.71
1738267200000,0.48
1738270800000,0.38
1738274400000,0.35
1738278000000,0.35
1738281600000,0.23
1738285200000,0.25
1738288800000,0.23
1738292400000,0.52
1738296000000,0.82
1738299600000,1.5
1738303200000,1.22
1738306800000,1.03
1738310400000,1.49
1738314000000,1.58
1738317600000,0.36
1738321200000,1.08
1738324800000,0.77
1738328400000,0.32
1738332000000,0.97
1738335600000,0.75
1738339200000,0.68
1738342800000,1.33
1738346400000,0.83
1738350000000,0.8
1738353600000,0.41
1738357200000,0.44
1738360800000,0.81
1738364400000,0.63
1738368000000,0.25
1738371600000,0.25
1738375200000,0.62
1738378800000,0.61
1738382400000,0.54
1738386000000,0.87
1738389600000,0.75
1738393200000,1.19
1738396800000,1.34
1738400400000,1.08
1738404000000,0.2
1738407600000,0.28
1738411200000,0.47
1738414800000,0.26
1738418400000,0.29
1738422000000,0.26
1738425600000,0.22
1738429200000,0.54
1738432800000,1.19
1738436400000,1
1738440000000,0.39
1738443600000,0.38
1738447200000,0.33
1738450800000,0.25
1738454400000,0.21
1738458000000,0.21
1738461600000,0.23
1738465200000,0.23
1738468800000,0.29
1738472400000,1.08
1738476000000,0.73
1738479600000,0.74
1738483200000,1.09
1738486800000,0.45
1738490400000,0.26
1738494000000,0.28
1738497600000,0.25
1738501200000,0.27
1738504800000,0.38
1738508400000,0.31
1738512000000,0.25
1738515600000,0.96
1738519200000,0.98
1738522800000,0.95
1738526400000,0.46
1738530000000,0.38
1738533600000,0.33
1738537200000,0.23
1738540800000,0.21
1738544400000,0.23
1738548000000,0.23
1738551600000,0.23
1738555200000,0.95
1738558800000,0.8
1738562400000,0.72
1738566000000,0.89
1738569600000,1.03
1738573200000,0.66
1738576800000,1
1738580400000,0.82
1738584000000,1.35
1738587600000,0.67
1738591200000,0.26
1738594800000,0.95
1738598400000,0.6
1738602000000,1.4
1738605600000,0.65
1738609200000,0.68
1738612800000,0.52
1738616400000,0.46
1738620000000,0.44
1738623600000,0.27
1738627200000,0.25
1738630800000,0.23
1738634400000,0.25
1738638000000,0.23
1738641600000,0.27
1738645200000,1.1
1738648800000,0.98
1738652400000,1.01
1738656000000,0.63
1738659600000,0.3
1738663200000,0.34
1738666800000,0.31
1738670400000,0.34
1738674000000,0.31
1738677600000,0.31
1738681200000,0.33
1738684800000,0.33
1738688400000,0.69
1738692000000,1.42
1738695600000,1.16
1738699200000,0.71
1738702800000,0.85
1738706400000,0.86
1738710000000,0.73
1738713600000,0.35
1738717200000,0.25
1738720800000,0.98
1738724400000,0.48
1738728000000,0.27
1738731600000,0.73
1738735200000,0.94
1738738800000,1.04
1738742400000,0.77
1738746000000,0.39
1738749600000,0.42
1738753200000,0.29
1738756800000,0.69
1738760400000,0.46
1738764000000,0.74
1738767600000,1.47
1738771200000,1
1738774800000,0.89
1738778400000,1.32
1738782000000,1.85
1738785600000,1.46
1738789200000,0.98
1738792800000,0.33
1738796400000,0.25
1738800000000,0.25
1738803600000,0.23
1738807200000,0.23
1738810800000,0.25
1738814400000,0.25
1738818000000,1.62
1738821600000,1.11
1738825200000,1.07
1738828800000,0.98
1738832400000,0.35
1738836000000,0.34
1738839600000,0.39
1738843200000,0.31
1738846800000,0.28
1738850400000,0.31
1738854000000,0.26
1738857600000,0.3
1738861200000,0.36
1738864800000,1.06
1738868400000,0.87
1738872000000,0.86
1738875600000,0.54
1738879200000,0.37
1738882800000,0.23
1738886400000,0.23
1738890000000,0.25
1738893600000,1.09
1738897200000,0.64
1738900800000,1.15
1738904400000,1
1738908000000,1
1738911600000,1.04
1738915200000,0.76
1738918800000,0.59
1738922400000,0.66
1738926000000,0.43
1738929600000,0.72
1738933200000,0.83
1738936800000,0.28
1738940400000,0.29
1738944000000,0.35
1738947600000,0.37
1738951200000,0.48
1738954800000,0.54
1738958400000,0.82
1738962000000,0.43
1738965600000,0.59
1738969200000,0.23
1738972800000,0.23
1738976400000,0.24
1738980000000,0.25
1738983600000,0.23
1738987200000,0.25
1738990800000,1.55
1738994400000,1.08
1738998000000,0.95
1739001600000,0.36
1739005200000,0.27
1739008800000,0.77
1739012400000,0.25
1739016000000,0.74
1739019600000,0.98
1739023200000,0.54
1739026800000,0.72
1739030400000,0.87
1739034000000,2.23
1739037600000,2.52
1739041200000,1.14
1739044800000,0.4
1739048400000,0.33
1739052000000,0.34
1739055600000,0.27
1739059200000,0.25
1739062800000,0.23
1739066400000,0.24
1739070000000,0.23
1739073600000,0.82
1739077200000,0.89
1739080800000,0.86
1739084400000,0.82
1739088000000,1.33
1739091600000,0.76
1739095200000,1.74
1739098800000,0.72
1739102400000,1.1
1739106000000,0.63
1739109600000,0.22
1739113200000,0.61
1739116800000,0.73
1739120400000,0.44
1739124000000,0.42
1739127600000,0.48
1739131200000,0.66
1739134800000,0.5
1739138400000,0.67
1739142000000,0.29
1739145600000,0.54
1739149200000,0.25
1739152800000,0.23
1739156400000,0.23
1739160000000,0.25
1739163600000,1.44
1739167200000,0.94
1739170800000,0.86
1739174400000,0.64
1739178000000,0.83
1739181600000,0.73
1739185200000,1.16
1739188800000,0.8
1739192400000,0.47
1739196000000,0.47
1739199600000,0.56
1739203200000,0.39
1739206800000,0.42
1739210400000,0.43
1739214000000,0.46
1739217600000,0.54
1739221200000,0.48
1739224800000,0.36
1739228400000,0.25
1739232000000,0.23
1739235600000,0.25
1739239200000,0.25
1739242800000,0.23
1739246400000,0.25
1739250000000,1.31
1739253600000,0.41
1739257200000,0.41
1739260800000,0.36
1739264400000,0.31
1739268000000,0.36
1739271600000,0.52
1739275200000,0.31
1739278800000,0.28
1739282400000,0.3
1739286000000,0.3
1739289600000,0.29
1739293200000,0.87
1739296800000,0.46
1739300400000,0.92
1739304000000,0.58
1739307600000,0.82
1739311200000,0.74
1739314800000,0.28
1739318400000,0.23
1739322000000,0.25
1739325600000,0.22
1739329200000,0.23
1739332800000,0.25
1739336400000,1.73
1739340000000,2.25
1739343600000,1.02
1739347200000,0.81
1739350800000,0.58
1739354400000,0.27
1739358000000,0.35
1739361600000,0.3
1739365200000,0.27
1739368800000,0.29
1739372400000,0.73
1739376000000,0.93
1739379600000,0.85
1739383200000,0.65
1739386800000,1.25
1739390400000,0.58
1739394000000,0.46
1739397600000,0.44
1739401200000,0.35
1739404800000,0.23
1739408400000,0.23
1739412000000,0.23
1739415600000,0.23
1739419200000,0.25
1739422800000,1.39
1739426400000,1.36
1739430000000,0.79
1739433600000,0.73
1739437200000,0.47
1739440800000,0.33
1739444400000,0.29
1739448000000,0.25
1739451600000,0.43
1739455200000,0.28
1739458800000,0.3
1739462400000,0.28
1739466000000,0.33
1739469600000,0.35
1739473200000,0.48
1739476800000,0.25
1739480400000,0.77
1739484000000,0.38
1739487600000,0.23
1739491200000,0.23
1739494800000,0.25
1739498400000,0.23
1739502000000,0.24
1739505600000,0.23
1739509200000,1.28
1739512800000,1.29
1739516400000,0.75
1739520000000,0.95
1739523600000,0.55
1739527200000,0.32
1739530800000,0.37
1739534400000,0.34
1739538000000,1.07
1739541600000,0.3
1739545200000,0.35
1739548800000,0.28
1739552400000,1.23
1739556000000,1.07
1739559600000,1.1
1739563200000,0.58
1739566800000,0.42
1739570400000,0.38
1739574000000,0.33
1739577600000,0.23
1739581200000,0.77
1739584800000,0.52
1739588400000,0.73
1739592000000,0.44
1739595600000,1.39
1739599200000,1.38
1739602800000,1.07
1739606400000,0.79
1739610000000,0.53
1739613600000,0.28
1739617200000,1.08
1739620800000,1.9
1739624400000,0.95
1739628000000,0.37
1739631600000,0.38
1739635200000,0.33
1739638800000,0.32
1739642400000,1.75
1739646000000,0.52
1739649600000,0.52
1739653200000,0.48
1739656800000,0.42
1739660400000,0.31
1739664000000,0.27
1739667600000,0.73
1739671200000,0.77
1739674800000,0.29
1739678400000,0.29
1739682000000,0.31
1739685600000,0.3
1739689200000,0.38
1739692800000,0.31
1739696400000,0.44
1739700000000,0.32
1739703600000,0.8
1739707200000,0.68
1739710800000,0.7
1739714400000,1.67
1739718000000,1.36
1739721600000,0.78
1739725200000,0.59
1739728800000,0.6
1739732400000,0.52
1739736000000,0.69
1739739600000,0.69
1739743200000,0.42
1739746800000,0.27
1739750400000,0.66
1739754000000,0.27
1739757600000,0.29
1739761200000,0.28
1739764800000,0.25
1739768400000,1.72
1739772000000,1.98
1739775600000,1.01
1739779200000,0.97
1739782800000,0.56
1739786400000,0.74
1739790000000,0.76
1739793600000,0.62
1739797200000,0.35
1739800800000,0.71
1739804400000,0.48
1739808000000,0.65
1739811600000,1.33
1739815200000,1.92
1739818800000,1.06
1739822400000,0.54
1739826000000,0.46
1739829600000,0.31
1739833200000,0.25
1739836800000,0.87
1739840400000,0.59
1739844000000,0.71
1739847600000,0.6
1739851200000,0.61
1739854800000,0.93
1739858400000,1.02
1739862000000,0.95
1739865600000,0.6
1739869200000,0.77
1739872800000,0.32
1739876400000,0.34
1739880000000,0.54
1739883600000,0.4
1739887200000,0.4
1739890800000,0.27
1739894400000,1.34
1739898000000,1.08
1739901600000,1.99
1739905200000,0.8
1739908800000,1.16
1739912400000,0.96
1739916000000,1.21
1739919600000,0.73
1739923200000,0.52
1739926800000,0.9
1739930400000,0.27
1739934000000,0.27
1739937600000,0.29
1739941200000,0.39
1739944800000,0.32
1739948400000,0.37
1739952000000,0.49
1739955600000,0.36
1739959200000,0.31
1739962800000,0.3
1739966400000,0.34
1739970000000,0.42
1739973600000,0.31
1739977200000,0.29
1739980800000,0.28
1739984400000,0.91
1739988000000,1.5
1739991600000,0.44
1739995200000,0.41
1739998800000,0.36
1740002400000,0.35
1740006000000,0.31
1740009600000,0.3
1740013200000,0.27
1740016800000,0.25
1740020400000,0.27
1740024000000,0.29
1740027600000,0.31
1740031200000,0.31
1740034800000,0.38
1740038400000,0.37
1740042000000,0.65
1740045600000,0.86
1740049200000,0.33
1740052800000,0.85
1740056400000,0.66
1740060000000,0.32
1740063600000,0.29
1740067200000,0.53
1740070800000,0.31
1740074400000,0.77
1740078000000,0.46
1740081600000,0.46
1740085200000,0.37
1740088800000,0.4
1740092400000,0.27
1740096000000,0.75
1740099600000,0.6
1740103200000,0.27
1740106800000,0.31
1740110400000,0.28
1740114000000,0.31
1740117600000,0.31
1740121200000,0.36
1740124800000,0.39
1740128400000,0.35
1740132000000,0.37
1740135600000,0.36
1740139200000,0.69
1740142800000,0.32
1740146400000,0.39
1740150000000,0.44
1740153600000,0.34
1740157200000,0.37
1740160800000,0.77
1740164400000,0.62
1740168000000,0.52
1740171600000,0.94
1740175200000,0.4
1740178800000,0.69
1740182400000,0.23
1740186000000,0.22
1740189600000,0.25
1740193200000,0.25
1740196800000,1.23
1740200400000,1.11
1740204000000,0.98
1740207600000,1.05
1740211200000,0.6
1740214800000,0.71
1740218400000,0.37
1740222000000,0.5
1740225600000,0.39
1740229200000,0.35
1740232800000,0.28
1740236400000,0.24
1740240000000,0.25
1740243600000,0.26
1740247200000,1.29
1740250800000,1.31
1740254400000,0.65
1740258000000,0.44
1740261600000,0.48
1740265200000,0.54
1740268800000,0.56
1740272400000,0.25
1740276000000,0.35
1740279600000,0.78
1740283200000,0.83
1740286800000,0.71
1740290400000,0.77
1740294000000,0.8
1740297600000,0.41
1740301200000,0.39
1740304800000,0.28
1740308400000,0.21
1740312000000,0.23
1740315600000,0.23
1740319200000,0.21
1740322800000,0.22
1740326400000,0.21
1740330000000,0.19
1740333600000,0.58
1740337200000,0.77
1740340800000,0.4
1740344400000,0.35
1740348000000,0.34
1740351600000,0.33
1740355200000,0.25
1740358800000,0.23
1740362400000,0.25
1740366000000,0.23
1740369600000,0.23
1740373200000,1.21
1740376800000,1.02
1740380400000,0.77
1740384000000,0.97
1740387600000,0.62
1740391200000,0.34
1740394800000,0.31
1740398400000,0.47
1740402000000,0.31
1740405600000,0.37
1740409200000,0.34
1740412800000,0.3
1740416400000,0.29
1740420000000,0.69
1740423600000,0.66
1740427200000,0.5
1740430800000,0.48
1740434400000,0.46
1740438000000,0.29
1740441600000,0.25
1740445200000,0.25
1740448800000,0.23
1740452400000,0.79
1740456000000,0.86
1740459600000,1
1740463200000,0.92
1740466800000,0.89
1740470400000,1.25
1740474000000,1.19
1740477600000,1.18
1740481200000,0.65
1740484800000,0.38
1740488400000,0.63
1740492000000,2.22
1740495600000,0.91
1740499200000,0.79
1740502800000,0.27
1740506400000,0.41
1740510000000,0.44
1740513600000,0.46
1740517200000,0.35
1740520800000,0.3
1740524400000,0.31
1740528000000,0.23
1740531600000,0.21
1740535200000,0.2
1740538800000,0.21
1740542400000,0.23
1740546000000,1.58
1740549600000,1.34
1740553200000,0.8
1740556800000,0.94
1740560400000,0.48
1740564000000,0.36
1740567600000,0.31
1740571200000,0.9
1740574800000,0.3
1740578400000,0.29
1740582000000,0
1740585600000,0.78
1740589200000,1.2
1740592800000,0.29
1740596400000,0.84
1740600000000,0.46
1740603600000,0.41
1740607200000,0.42
1740610800000,0.58
1740614400000,0.59
1740618000000,0.23
1740621600000,0.22
1740625200000,0.21
1740628800000,0.23
1740632400000,1.46
1740636000000,1.5
1740639600000,1.41
1740643200000,1.35
1740646800000,0.41
1740650400000,0.27
1740654000000,0.26
1740657600000,0.35
1740661200000,0.25
1740664800000,0.2
1740668400000,0.28
1740672000000,0.3
1740675600000,0.35
1740679200000,0.4
1740682800000,0.56
1740686400000,0.62
1740690000000,0.46
1740693600000,0.36
1740697200000,0.29
1740700800000,0.21
1740704400000,0.25
1740708000000,0.22
1740711600000,0.23
1740715200000,0.25
1740718800000,0.25
1740722400000,0.29
1740726000000,0.95
1740729600000,0.83
1740733200000,1.44
1740736800000,1.51
1740740400000,1.02
1740744000000,0.3
1740747600000,0.99
1740751200000,0.45
1740754800000,0.48
1740758400000,0.26
1740762000000,0.64
1740765600000,1
1740769200000,0.54
1740772800000,0.46
1740776400000,0.58
1740780000000,0.36
1740783600000,0.29
1740787200000,0.25
1740790800000,0.23
1740794400000,0.25
1740798000000,0.25
1740801600000,0.23
1740805200000,1.31
1740808800000,1.16
1740812400000,1
1740816000000,0.73
1740819600000,0.71
1740823200000,0.26
1740826800000,0.25
1740830400000,0.22
1740834000000,0.47
1740837600000,0.23
1740841200000,0.24
1740844800000,0.22
1740848400000,0.23
1740852000000,0.21
1740855600000,0.79
1740859200000,0.27
1740862800000,0.23
1740866400000,0.36
1740870000000,0.35
1740873600000,0.25
1740877200000,0.25
1740880800000,1.15
1740884400000,0.29
1740888000000,0.89
1740891600000,0.8
1740895200000,0.79
1740898800000,0.8
1740902400000,0.55
1740906000000,0.76
1740909600000,0.26
1740913200000,0.35
1740916800000,0.76
1740920400000,0.84
1740924000000,1.13
1740927600000,0.44
1740931200000,0.79
1740934800000,1.24
1740938400000,0.54
1740942000000,0.98
1740945600000,0.48
1740949200000,0.43
1740952800000,0.28
1740956400000,0.25
1740960000000,0.25
1740963600000,0.22
1740967200000,0.25
1740970800000,0.25
1740974400000,0.23
1740978000000,2
1740981600000,1.22
1740985200000,0.8
1740988800000,0.92
1740992400000,0.59
1740996000000,0.34
1740999600000,0.32
1741003200000,0.43
1741006800000,0.51
1741010400000,0.85
1741014000000,0.72
1741017600000,0.9
1741021200000,0.74
1741024800000,0.42
1741028400000,1
1741032000000,1.04
1741035600000,1
1741039200000,0.89
1741042800000,0.3
1741046400000,0.27
1741050000000,0.79
1741053600000,0.79
1741057200000,0.5
1741060800000,0.69
1741064400000,0.94
1741068000000,0.86
1741071600000,1.06
1741075200000,1.17
1741078800000,0.95
1741082400000,0.33
1741086000000,0.32
1741089600000,0.55
1741093200000,0.29
1741096800000,0.22
1741100400000,0.3
1741104000000,0.32
1741107600000,0.29
1741111200000,0.55
1741114800000,0.93
1741118400000,0.71
1741122000000,0.42
1741125600000,0.44
1741129200000,0.31
1741132800000,0.23
1741136400000,0.23
1741140000000,0.25
1741143600000,0.25
1741147200000,0.25
1741150800000,1.6
1741154400000,1.07
1741158000000,0.99
1741161600000,0.79
1741165200000,0.71
1741168800000,0.91
1741172400000,0.38
1741176000000,0.51
1741179600000,1.3
1741183200000,0.65
1741186800000,0.31
1741190400000,0.31
1741194000000,0.28
1741197600000,0.27
1741201200000,0.38
1741204800000,0.68
1741208400000,0.69
1741212000000,0.31
1741215600000,0.32
1741219200000,0.25
1741222800000,0.25
1741226400000,0.25
1741230000000,0.23
1741233600000,0.27
1741237200000,1.16
1741240800000,0.84
1741244400000,1.16
1741248000000,0.62
1741251600000,0.33
1741255200000,0.26
1741258800000,0.29
1741262400000,0.39
1741266000000,0.28
1741269600000,0.27
1741273200000,0.32
1741276800000,0.28
1741280400000,0.31
1741284000000,0.3
1741287600000,0.39
1741291200000,0.44
1741294800000,0.44
1741298400000,0.39
1741302000000,0.23
1741305600000,0.23
1741309200000,0.23
1741312800000,0.23
1741316400000,0.25
1741320000000,0.23
1741323600000,1.42
1741327200000,1.3
1741330800000,1.25
1741334400000,1.49
1741338000000,1.01
1741341600000,0.63
1741345200000,0.5
1741348800000,0.78
1741352400000,0.32
1741356000000,0.3
1741359600000,0.28
1741363200000,0.26
1741366800000,0.44
1741370400000,0.29
1741374000000,0.9
1741377600000,0.58
1741381200000,0.46
1741384800000,0.5
1741388400000,0.77
1741392000000,0.79
1741395600000,0.59
1741399200000,0.25
1741402800000,0.27
1741406400000,0.23
1741410000000,1.39
1741413600000,1.06
1741417200000,0.6
1741420800000,0.59
1741424400000,0.33
1741428000000,0.63
1741431600000,1.17
1741435200000,0.5
1741438800000,1.07
1741442400000,0.62
1741446000000,0.36
1741449600000,0.22
1741453200000,1.06
1741456800000,0.46
1741460400000,0.71
1741464000000,0.56
1741467600000,1.11
1741471200000,0.87
1741474800000,0.36
1741478400000,0.27
1741482000000,0.23
1741485600000,0.25
1741489200000,0.25
1741492800000,0.23
1741496400000,1.45
1741500000000,1.43
1741503600000,0.68
1741507200000,0.54
1741510800000,1.31
1741514400000,1.47
1741518000000,1.11
1741521600000,1.38
1741525200000,0.9
1741528800000,0.57
1741532400000,0.31
1741536000000,0.99
1741539600000,0.3
1741543200000,0.9
1741546800000,0.49
1741550400000,0.73
1741554000000,0.42
1741557600000,0.31
1741561200000,0.3
1741564800000,0.24
1741568400000,0.21
1741572000000,0.23
1741575600000,0.23
1741579200000,0.21
1741582800000,1.25
1741586400000,1.78
1741590000000,1.13
1741593600000,0.42
1741597200000,0.32
1741600800000,0.37
1741604400000,0.4
1741608000000,0.48
1741611600000,0.42
1741615200000,0.42
1741618800000,0.41
1741622400000,0.42
1741626000000,0.4
1741629600000,0.59
1741633200000,0.37
1741636800000,0.42
1741640400000,0.39
1741644000000,0.48
1741647600000,0.65
1741651200000,0.25
1741654800000,0.54
1741658400000,0.23
1741662000000,0.21
1741665600000,0.23
1741669200000,1.02
1741672800000,1.02
1741676400000,1.4
1741680000000,0.29
1741683600000,0.33
1741687200000,0.32
1741690800000,0.31
1741694400000,0.7
1741698000000,0.31
1741701600000,0.31
1741705200000,0.32
1741708800000,0.29
1741712400000,0.29
1741716000000,0.46
1741719600000,0.44
1741723200000,0.45
1741726800000,0.44
1741730400000,0.33
1741734000000,0.25
1741737600000,0.21
1741741200000,0.23
1741744800000,0.23
1741748400000,0.21
1741752000000,0.21
1741755600000,1.39
1741759200000,2.15
1741762800000,2.44
1741766400000,1.16
1741770000000,0.3
1741773600000,0.31
1741777200000,0.37
1741780800000,0.23
1741784400000,0.21
1741788000000,0.33
1741791600000,0.28
1741795200000,0.26
1741798800000,0.26
1741802400000,0.35
1741806000000,0.36
1741809600000,0.37
1741813200000,0.38
1741816800000,0.37
1741820400000,0.27
1741824000000,0.25
1741827600000,0.21
1741831200000,0.21
1741834800000,0.23
1741838400000,0.21
1741842000000,0.44
1741845600000,1.35
1741849200000,1.18
1741852800000,0.29
1741856400000,1.32
1741860000000,0.74
1741863600000,0.39
1741867200000,0.34
1741870800000,0.26
1741874400000,0.45
1741878000000,0.81
1741881600000,1.06
1741885200000,0.9
1741888800000,1.25
1741892400000,1.09
1741896000000,0.75
1741899600000,0.81
1741903200000,0.48
1741906800000,0.64
1741910400000,0.23
1741914000000,0.21
1741917600000,0.23
1741921200000,0.25
1741924800000,0.25
1741928400000,1.27
1741932000000,1.82
1741935600000,1.62
1741939200000,0.34
1741942800000,0.22
1741946400000,0.44
1741950000000,0.35
1741953600000,0.48
1741957200000,0.96
1741960800000,0.53
1741964400000,0.69
1741968000000,0.44
1741971600000,0.29
1741975200000,0.41
1741978800000,0.48
1741982400000,0.52
1741986000000,0.44
1741989600000,0.34
1741993200000,0.27
1741996800000,0.23
1742000400000,0.22
1742004000000,0.21
1742007600000,0.23
1742011200000,0.23
1742014800000,1.46
1742018400000,1.67
1742022000000,1.39
1742025600000,1.4
1742029200000,0.42
1742032800000,0.48
1742036400000,0.37
1742040000000,0.39
1742043600000,0.51
1742047200000,0.46
1742050800000,0.53
1742054400000,0.53
1742058000000,0.43
1742061600000,1.04
1742065200000,0.4
1742068800000,0.44
1742072400000,0.41
1742076000000,0.36
1742079600000,0.33
1742083200000,0.25
1742086800000,0.21
1742090400000,0.23
1742094000000,0.21
1742097600000,0.22
1742101200000,1.36
1742104800000,1.56
1742108400000,1.25
1742112000000,1.12
1742115600000,0.34
1742119200000,0.26
1742122800000,1.45
1742126400000,2.27
1742130000000,0.54
1742133600000,0.78
1742137200000,0.48
1742140800000,0.44
1742144400000,0.65
1742148000000,1.15
1742151600000,1.1
1742155200000,0.96
1742158800000,0.5
1742162400000,0.58
1742166000000,0.79
1742169600000,0.73
1742173200000,0.52
1742176800000,0.23
1742180400000,0.92
1742184000000,0.69
1742187600000,1.41
1742191200000,0.71
1742194800000,0.95
1742198400000,1.07
1742202000000,0.8
1742205600000,0.43
1742209200000,0.35
1742212800000,0.43
1742216400000,0.25
1742220000000,0.22
1742223600000,0.27
1742227200000,0.34
1742230800000,0.35
1742234400000,0.54
1742238000000,0.46
1742241600000,0.46
1742245200000,0.45
1742248800000,0.38
1742252400000,0.25
1742256000000,0.25
1742259600000,0.23
1742263200000,0.25
1742266800000,0.23
1742270400000,0.25
1742274000000,1.81
1742277600000,1.32
1742281200000,1.03
1742284800000,1.36
1742288400000,0.67
1742292000000,0.24
1742295600000,0.31
1742299200000,0.29
1742302800000,0.25
1742306400000,0.23
1742310000000,0.35
1742313600000,0.41
1742317200000,0.31
1742320800000,1.27
1742324400000,0.54
1742328000000,0.58
1742331600000,0.46
1742335200000,0.42
1742338800000,0.27
1742342400000,0.81
1742346000000,0.58
1742349600000,0.73
1742353200000,0.25
1742356800000,0.96
1742360400000,1.42
1742364000000,0.89
1742367600000,1.08
1742371200000,1.78
1742374800000,0.76
1742378400000,0.58
1742382000000,0.36
1742385600000,0.3
1742389200000,0.31
1742392800000,0.27
1742396400000,0.28
1742400000000,0.28
1742403600000,0.35
1742407200000,1.39
1742410800000,1.06
1742414400000,0.8
1742418000000,0.43
1742421600000,0.38
1742425200000,0.27
1742428800000,0.23
1742432400000,0.25
1742436000000,0.23
1742439600000,0.23
1742443200000,0.25
1742446800000,1
1742450400000,0.29
1742454000000,0.6
1742457600000,1.51
1742461200000,0.47
1742464800000,0.59
1742468400000,0.37
1742472000000,0.35
1742475600000,1.02
1742479200000,0.37
1742482800000,0.82
1742486400000,1.22
1742490000000,1.15
1742493600000,0.94
1742497200000,0.38
1742500800000,0.71
1742504400000,0.7
1742508000000,0.32
1742511600000,0.29
1742515200000,0.25
1742518800000,0.23
1742522400000,0.23
1742526000000,0.25
1742529600000,0.25
1742533200000,1.37
1742536800000,1.52
1742540400000,1.4
1742544000000,1.27
1742547600000,0.66
1742551200000,0.25
1742554800000,0.26
1742558400000,0.31
1742562000000,0.44
1742565600000,0.3
1742569200000,0.31
1742572800000,0.27
1742576400000,0.26
1742580000000,0.84
1742583600000,0.41
1742587200000,0.48
1742590800000,0.42
1742594400000,0.37
1742598000000,0.27
1742601600000,0.21
1742605200000,0.21
1742608800000,0.23
1742612400000,0.23
1742616000000,0.21
1742619600000,1.33
1742623200000,2.18
1742626800000,1.77
1742630400000,1.49
1742634000000,0.69
1742637600000,0.31
1742641200000,0.22
1742644800000,0.29
1742648400000,0.94
1742652000000,0.55
1742655600000,0.6
1742659200000,0.32
1742662800000,0.74
1742666400000,0.58
1742670000000,0.81
1742673600000,0.48
1742677200000,0.38
1742680800000,0.37
1742684400000,0.27
1742688000000,0.21
1742691600000,0.21
1742695200000,0.23
1742698800000,0.21
1742702400000,0.23
1742706000000,1.37
1742709600000,2.25
1742713200000,1.85
1742716800000,1.14
1742720400000,0.47
1742724000000,0.41
1742727600000,1.73
1742731200000,0.87
1742734800000,0.59
1742738400000,1.39
1742742000000,0.36
1742745600000,2.23
1742749200000,0.93
1742752800000,0.98
1742756400000,0.39
1742760000000,0.92
1742763600000,0.44
1742767200000,0.93
1742770800000,0.28
1742774400000,0.23
1742778000000,0.22
1742781600000,0.21
1742785200000,0.23
1742788800000,0.21
1742792400000,1.02
1742796000000,1.54
1742799600000,1.92
1742803200000,1.46
1742806800000,0.41
1742810400000,0.84
1742814000000,0.41
1742817600000,0.34
1742821200000,0.29
1742824800000,0.26
1742828400000,0.29
1742832000000,0.27
1742835600000,0.31
1742839200000,0.36
1742842800000,0.41
1742846400000,0.42
1742850000000,0.42
1742853600000,0.33
1742857200000,0.21
1742860800000,0.23
1742864400000,0.23
1742868000000,0.2
1742871600000,0.23
1742875200000,0.23
1742878800000,1.32
1742882400000,1.46
1742886000000,1.54
1742889600000,0.36
1742893200000,0.6
1742896800000,0.97
1742900400000,0.81
1742904000000,0.22
1742907600000,0.37
1742911200000,0.23
1742914800000,0.34
1742918400000,0.25
1742922000000,0.26
1742925600000,0.27
1742929200000,0.43
1742932800000,0.88
1742936400000,1.27
1742940000000,0.9
1742943600000,0.77
1742947200000,0.35
1742950800000,0.5
1742954400000,0.23
1742958000000,0.21
1742961600000,0.23
1742965200000,1.08
1742968800000,1.28
1742972400000,1.98
1742976000000,0.97
1742979600000,0.31
1742983200000,0.29
1742986800000,0.35
1742990400000,0.38
1742994000000,0.27
1742997600000,0.26
1743001200000,0.28
1743004800000,0.25
1743008400000,0.76
1743012000000,0.33
1743015600000,0.38
1743019200000,0.41
1743022800000,0.4
1743026400000,0.37
1743030000000,0.36
1743033600000,0.31
1743037200000,0.21
1743040800000,0.23
1743044400000,0.21
1743048000000,0.22
1743051600000,0.21
1743055200000,1.71
1743058800000,1.74
1743062400000,1.38
1743066000000,0.49
1743069600000,0.24
1743073200000,0.32
1743076800000,0.38
1743080400000,0.28
1743084000000,0.8
1743087600000,0.26
1743091200000,0.26
1743094800000,0.24
1743098400000,0.35
1743102000000,0.44
1743105600000,0.77
1743109200000,0.33
1743112800000,0.38
1743116400000,0.83
1743120000000,0.29
1743123600000,0.25
1743127200000,0.27
1743130800000,0.21
1743134400000,0.21
1743138000000,0.23
1743141600000,1.57
1743145200000,1.83
1743148800000,0.63
1743152400000,0.24
1743156000000,0.32
1743159600000,0.32
1743163200000,1.4
1743166800000,0.91
1743170400000,0.88
1743174000000,0.54
1743177600000,0.78
1743181200000,0.71
1743184800000,0.72
1743188400000,0.32
1743192000000,0.39
1743195600000,0.4
1743199200000,0.35
1743202800000,0.36
1743206400000,0.6
1743210000000,0.54
1743213600000,0.23
1743217200000,0.23
1743220800000,0.21
1743224400000,0.21
1743228000000,1.3
1743231600000,1.55
1743235200000,1.09
1743238800000,0.39
1743242400000,0.35
1743246000000,0.25
1743249600000,3.59
1743253200000,2.22
1743256800000,0.59
1743260400000,0.72
1743264000000,0.74
1743267600000,0.63
1743271200000,0.73
1743274800000,0.62
1743278400000,0.48
1743282000000,0.36
1743285600000,0.35
1743289200000,0.35
1743292800000,0.3
1743296400000,0.24
1743300000000,0.21
1743303600000,0.23
1743307200000,0.25
1743310800000,0.23
1743314400000,0.2
1743318000000,1.18
1743321600000,0.6
1743325200000,0.27
1743328800000,1.16
1743332400000,0.79
1743336000000,0.59
1743339600000,0.34
1743343200000,1.11
1743346800000,1.26
1743350400000,1.55
1743354000000,1
1743357600000,0.77
1743361200000,0.4
1743364800000,0.31
1743368400000,0.36
1743372000000,0.35
1743375600000,0.44
1743379200000,0.21
1743382800000,0.23
1743386400000,0.85
1743390000000,0.73
1743393600000,0.67
1743397200000,1.79
1743400800000,1.21
1743404400000,1.09
1743408000000,0.38
1743411600000,0.34
1743415200000,0.47
1743418800000,0.37
1743422400000,0.26
1743426000000,0.32
1743429600000,0.28
1743433200000,0.26
1743436800000,0.3
1743440400000,0.27
1743444000000,0.33
1743447600000,0.41
1743451200000,0.4
1743454800000,0.44
1743458400000,0.29
1743462000000,0.25
1743465600000,0.23
1743469200000,0.23
1743472800000,0.23
1743476400000,0.21
1743480000000,0.22
1743483600000,1.82
1743487200000,1.02
1743490800000,1.28
1743494400000,1.37
1743498000000,0.65
1743501600000,0.31
1743505200000,0.28
1743508800000,0.31
1743512400000,0.26
1743516000000,0.33
1743519600000,0.33
1743523200000,0.32
1743526800000,0.33
1743530400000,0.23
1743534000000,0.75
1743537600000,0.44
1743541200000,0.41
1743544800000,0.32
1743548400000,0.29
1743552000000,0.21
1743555600000,0.21
1743559200000,0.22
1743562800000,0.23
1743566400000,0.21
1743570000000,1.82
1743573600000,0.99
1743577200000,1.1
1743580800000,0.8
1743584400000,0.37
1743588000000,0.74
1743591600000,0.88
1743595200000,0.52
1743598800000,0.58
1743602400000,0.45
1743606000000,0.65
1743609600000,0.26
1743613200000,0.2
1743616800000,0.67
1743620400000,0.43
1743624000000,0.38
1743627600000,0.37
1743631200000,0.38
1743634800000,0.25
1743638400000,0.27
1743642000000,0.25
1743645600000,0.21
1743649200000,0.21
1743652800000,0.23
1743656400000,1.78
1743660000000,1.84
1743663600000,1.55
1743667200000,0.39
1743670800000,0.28
1743674400000,0.28
1743678000000,0.36
1743681600000,0.26
1743685200000,0.32
1743688800000,0.3
1743692400000,0.28
1743696000000,0.26
1743699600000,0.25
1743703200000,0.31
1743706800000,0.91
1743710400000,0.4
1743714000000,0.63
1743717600000,0.33
1743721200000,0.77
1743724800000,0.23
1743728400000,0.21
1743732000000,0.21
1743735600000,0.23
1743739200000,0.22
1743742800000,1.39
1743746400000,0.63
1743750000000,1.24
1743753600000,0.33
1743757200000,0.38
1743760800000,0.37
1743764400000,0.58
1743768000000,0.83
1743771600000,0.33
1743775200000,0.33
1743778800000,0.4
1743782400000,0.63
1743786000000,0.49
1743789600000,0.61
1743793200000,0.98
1743796800000,0.82
1743800400000,1
1743804000000,1
1743807600000,0.64
1743811200000,0.23
1743814800000,0.25
1743818400000,0.21
1743822000000,0.23
1743825600000,0.23
1743829200000,1.47
1743832800000,0.55
1743836400000,1.04
1743840000000,0.9
1743843600000,0.26
1743847200000,0.3
1743850800000,0.25
1743854400000,0.99
1743858000000,1.56
1743861600000,0.38
1743865200000,0.29
1743868800000,0.58
1743872400000,0.64
1743876000000,1.16
1743879600000,1.23
1743883200000,0.69
1743886800000,0.62
1743890400000,0.38
1743894000000,0.35
1743897600000,0.27
1743901200000,0.25
1743904800000,0.27
1743908400000,0.25
1743912000000,0.27
1743915600000,1.73
1743919200000,0.83
1743922800000,0.96
1743926400000,2.5
1743930000000,1.17
1743933600000,0.52
1743937200000,0.64
1743940800000,0.35
1743944400000,0.31
1743948000000,0.76
1743951600000,0.75
1743955200000,0.41
1743958800000,0.99
1743962400000,1.06
1743966000000,0.52
1743969600000,0.43
1743973200000,0.42
1743976800000,0.38
1743980400000,0.33
1743984000000,0.25
1743987600000,0.25
1743991200000,0.25
1743994800000,0.73
1743998400000,0.52
1744002000000,1.1
1744005600000,0.89
1744009200000,0.48
1744012800000,0.62
1744016400000,0.3
1744020000000,0.33
1744023600000,0.37
1744027200000,0.32
1744030800000,0.28
1744034400000,0.28
1744038000000,0.94
1744041600000,1.3
1744045200000,1.38
1744048800000,1.09
1744052400000,0.45
1744056000000,0.42
1744059600000,0.44
1744063200000,0.44
1744066800000,0.33
1744070400000,0.25
1744074000000,0.25
1744077600000,0.23
1744081200000,0.25
1744084800000,0.33
1744088400000,1.51
1744092000000,1.02
1744095600000,0.9
1744099200000,1.02
1744102800000,0.58
1744106400000,0.57
1744110000000,0.63
1744113600000,0.3
1744117200000,0.26
1744120800000,0.28
1744124400000,0.27
1744128000000,0.3
1744131600000,0.23
1744135200000,0.45
1744138800000,0.44
1744142400000,0.42
1744146000000,0.46
1744149600000,0.35
1744153200000,0.29
1744156800000,0.25
1744160400000,0.23
1744164000000,0.25
1744167600000,0.9
1744171200000,0.42
1744174800000,2.28
1744178400000,0.92
1744182000000,0.78
1744185600000,0.6
1744189200000,0.28
1744192800000,0.29
1744196400000,0.3
1744200000000,0.36
1744203600000,0.31
1744207200000,0.31
1744210800000,0.25
1744214400000,0.31
1744218000000,0.26
1744221600000,0.4
1744225200000,0.52
1744228800000,0.41
1744232400000,0.36
1744236000000,0.27
1744239600000,0.23
1744243200000,0.25
1744246800000,0.23
1744250400000,0.25
1744254000000,0.23
1744257600000,0.22
1744261200000,1.79
1744264800000,1.67
1744268400000,1.57
1744272000000,1.3
1744275600000,0.4
1744279200000,0.35
1744282800000,0.29
1744286400000,0.31
1744290000000,0.28
1744293600000,0.27
1744297200000,1.21
1744300800000,1.18
1744304400000,0.7
1744308000000,0.59
1744311600000,0.92
1744315200000,0.83
1744318800000,0.77
1744322400000,0.33
1744326000000,0.23
1744329600000,0.23
1744333200000,0.21
1744336800000,0.23
1744340400000,0.21
1744344000000,0.23
1744347600000,2.01
1744351200000,1.7
1744354800000,1.58
1744358400000,0.41
1744362000000,0.45
1744365600000,0.95
1744369200000,0.52
1744372800000,0.33
1744376400000,0.31
1744380000000,0.3
1744383600000,0.31
1744387200000,0.29
1744390800000,0.25
1744394400000,0.25
1744398000000,0.81
1744401600000,0.44
1744405200000,0.46
1744408800000,0.81
1744412400000,0.23
1744416000000,0.21
1744419600000,0.23
1744423200000,0.23
1744426800000,0.23
1744430400000,0.21
1744434000000,1.3
1744437600000,1.96
1744441200000,1.32
1744444800000,0.3
1744448400000,0.26
1744452000000,0.99
1744455600000,1.22
1744459200000,1.65
1744462800000,0.62
1744466400000,0.78
1744470000000,0.6
1744473600000,0.25
1744477200000,0.25
1744480800000,0.23
1744484400000,0.5
1744488000000,0.46
1744491600000,0.43
1744495200000,0.42
1744498800000,0.73
1744502400000,0.23
1744506000000,0.21
1744509600000,0.23
1744513200000,0.23
1744516800000,0.23
1744520400000,1.33
1744524000000,1.7
1744527600000,0.77
1744531200000,0.26
1744534800000,0.33
1744538400000,0.29
1744542000000,0.71
1744545600000,0.28
1744549200000,1.06
1744552800000,0.25
1744556400000,0.24
1744560000000,0.22
1744563600000,0.42
1744567200000,0.79
1744570800000,0.52
1744574400000,0.42
1744578000000,0.41
1744581600000,0.21
1744585200000,0.23
1744588800000,0.21
1744592400000,0.23
1744596000000,0.23
1744599600000,0.21
1744603200000,0.22
1744606800000,0.21
1744610400000,0.34
1744614000000,0.26
1744617600000,0.35
1744621200000,0.37
1744624800000,0.36
1744628400000,0.29
1744632000000,0.34
1744635600000,0.36
1744639200000,0.74
1744642800000,0.38
1744646400000,1.26
1744650000000,1.07
1744653600000,0.66
1744657200000,1.36
1744660800000,0.47
1744664400000,0.78
1744668000000,1.39
1744671600000,0.75
1744675200000,0.23
1744678800000,0.23
1744682400000,0.23
1744686000000,0.23
1744689600000,0.21
1744693200000,0.23
1744696800000,0.38
1744700400000,1
1744704000000,1.02
1744707600000,0.38
1744711200000,0.35
1744714800000,0.24
1744718400000,0.23
1744722000000,0.26
1744725600000,0.29
1744729200000,0.26
1744732800000,0.3
1744736400000,0.28
1744740000000,0.36
1744743600000,0.48
1744747200000,0.39
1744750800000,0.4
1744754400000,0.35
1744758000000,0.25
1744761600000,0.23
1744765200000,0.21
1744768800000,0.23
1744772400000,0.21
1744776000000,0.23
1744779600000,1.27
1744783200000,1.15
1744786800000,0.63
1744790400000,0.75
1744794000000,0.29
1744797600000,0.29
1744801200000,0.43
1744804800000,0.3
1744808400000,0.33
1744812000000,0.26
1744815600000,0.31
1744819200000,0.3
1744822800000,0.26
1744826400000,0.28
1744830000000,0.77
1744833600000,0.73
1744837200000,0.5
1744840800000,0.75
1744844400000,0.23
1744848000000,0.22
1744851600000,0.23
1744855200000,0.23
1744858800000,0.23
1744862400000,0.23
1744866000000,0.24
1744869600000,0.32
1744873200000,0.29
1744876800000,0.29
1744880400000,0.3
1744884000000,0.28
1744887600000,0.36
1744891200000,0.34
1744894800000,0.28
1744898400000,0.3
1744902000000,0.28
1744905600000,0.25
1744909200000,0.25
1744912800000,0.4
1744916400000,0.5
1744920000000,0.67
1744923600000,0.5
1744927200000,0.39
1744930800000,0.27
1744934400000,0.25
1744938000000,0.23
1744941600000,0.23
1744945200000,0.25
1744948800000,0.23
1744952400000,0.22
1744956000000,0.24
1744959600000,0.32
1744963200000,0.26
1744966800000,0.24
1744970400000,0.3
1744974000000,0.43
1744977600000,0.39
1744981200000,0.34
1744984800000,0.55
1744988400000,0.37
1744992000000,0.5
1744995600000,0.55
1744999200000,1.01
1745002800000,1
1745006400000,0.98
1745010000000,0.96
1745013600000,0.54
1745017200000,0.62
1745020800000,0.23
1745024400000,0.23
1745028000000,0.23
1745031600000,0.25
1745035200000,0.23
1745038800000,1.3
1745042400000,1.1
1745046000000,0.8
1745049600000,0.4
1745053200000,0.79
1745056800000,0.23
1745060400000,0.27
1745064000000,0.24
1745067600000,0.26
1745071200000,0.23
1745074800000,0.26
1745078400000,0.22
1745082000000,0.19
1745085600000,0.23
1745089200000,0.66
1745092800000,0.38
1745096400000,0.52
1745100000000,0.69
1745103600000,0.75
1745107200000,0.21
1745110800000,0.24
1745114400000,0.23
1745118000000,0.21
1745121600000,0.23
1745125200000,0.23
1745128800000,0.23
1745132400000,0.87
1745136000000,0.4
1745139600000,0.31
1745143200000,1.15
1745146800000,0.79
1745150400000,0.9
1745154000000,0.67
1745157600000,0.92
1745161200000,1.2
1745164800000,0.36
1745168400000,0.76
1745172000000,0.77
1745175600000,1.08
1745179200000,0.31
1745182800000,0.25
1745186400000,0.23
1745190000000,0.23
1745193600000,0.23
1745197200000,0.21
1745200800000,0.23
1745204400000,0.23
1745208000000,0.23
1745211600000,0.25
1745215200000,0.22
1745218800000,0.24
1745222400000,0.21
1745226000000,0.22
1745229600000,0.24
1745233200000,0.28
1745236800000,0.21
1745240400000,0.23
1745244000000,0.29
1745247600000,0.25
1745251200000,0.2
1745254800000,0.25
1745258400000,0.23
1745262000000,0.27
1745265600000,0.87
1745269200000,0.44
1745272800000,0.79
1745276400000,0.21
1745280000000,0.23
1745283600000,0.21
1745287200000,0.23
1745290800000,0.25
1745294400000,0.23
1745298000000,0.21
1745301600000,0.5
1745305200000,0.8
1745308800000,0.3
1745312400000,0.89
1745316000000,0.59
1745319600000,1.34
1745323200000,0.45
1745326800000,0.76
1745330400000,0.76
1745334000000,0.68
1745337600000,0.86
1745341200000,0.87
1745344800000,0.68
1745348400000,1.43
1745352000000,0.96
1745355600000,0.82
1745359200000,1.14
1745362800000,0.79
1745366400000,0.63
1745370000000,0.25
1745373600000,0.25
1745377200000,0.23
1745380800000,0.23
1745384400000,0.22
1745388000000,0.25
1745391600000,0.29
1745395200000,0.31
1745398800000,1.09
1745402400000,0.99
1745406000000,1
1745409600000,0.94
1745413200000,0.39
1745416800000,0.7
1745420400000,0.63
1745424000000,0.29
1745427600000,0.63
1745431200000,1.19
1745434800000,0.96
1745438400000,0.94
1745442000000,0.91
1745445600000,0.69
1745449200000,0.31
1745452800000,0.23
1745456400000,0.23
1745460000000,0.21
1745463600000,0.23
1745467200000,0.23
1745470800000,0.22
1745474400000,0.22
1745478000000,0.35
1745481600000,0.44
1745485200000,0.29
1745488800000,0.27
1745492400000,0.3
1745496000000,0.29
1745499600000,0.27
1745503200000,0.29
1745506800000,0.3
1745510400000,0.25
1745514000000,0.25
1745517600000,0.32
1745521200000,0.42
1745524800000,0.44
1745528400000,0.43
1745532000000,0.29
1745535600000,0.23
1745539200000,0.23
1745542800000,0.23
1745546400000,0.23
1745550000000,0.23
1745553600000,0.21
1745557200000,0.21
1745560800000,0.36
1745564400000,0.27
1745568000000,0.4
1745571600000,0.4
1745575200000,0.38
1745578800000,0.64
1745582400000,0.36
1745586000000,0.46
1745589600000,0.38
1745593200000,0.44
1745596800000,0.4
1745600400000,0.32
1745604000000,0.45
1745607600000,0.54
1745611200000,0.46
1745614800000,0.44
1745618400000,0.73
1745622000000,0.33
1745625600000,0.54
1745629200000,0.25
1745632800000,0.23
1745636400000,0.21
1745640000000,0.25
1745643600000,0.24
1745647200000,0.29
1745650800000,1.65
1745654400000,1
1745658000000,0.37
1745661600000,1.69
1745665200000,1.51
1745668800000,0.29
1745672400000,0.3
1745676000000,0.21
1745679600000,0.27
1745683200000,0.24
1745686800000,0.9
1745690400000,1.01
1745694000000,0.53
1745697600000,0.64
1745701200000,0.36
1745704800000,0.31
1745708400000,0.75
1745712000000,0.23
1745715600000,0.21
1745719200000,0.23
1745722800000,0.24
1745726400000,0.21
1745730000000,0.22
1745733600000,0.23
1745737200000,1.13
1745740800000,0.39
1745744400000,0.28
1745748000000,0.3
1745751600000,0.79
1745755200000,1.05
1745758800000,0.34
1745762400000,0.36
1745766000000,0.58
1745769600000,0.57
1745773200000,0.34
1745776800000,0.46
1745780400000,0.46
1745784000000,0.35
1745787600000,0.77
1745791200000,0.46
1745794800000,0.25
1745798400000,0.21
1745802000000,0.23
1745805600000,0.23
1745809200000,0.23
1745812800000,0.21
1745816400000,0.22
1745820000000,0.27
1745823600000,0.36
1745827200000,0.28
1745830800000,0.3
1745834400000,0.31
1745838000000,0.28
1745841600000,0.43
1745845200000,0.31
1745848800000,0.3
1745852400000,0.3
1745856000000,0.31
1745859600000,0.24
1745863200000,0.61
1745866800000,0.77
1745870400000,0.36
1745874000000,0.33
1745877600000,0.6
1745881200000,0.23
1745884800000,0.23
1745888400000,0.23
1745892000000,0.23
1745895600000,0.23
1745899200000,0.21
1745902800000,0.2
1745906400000,0.32
1745910000000,0.26
1745913600000,0.35
1745917200000,0.28
1745920800000,0.36
1745924400000,0.3
1745928000000,0.31
1745931600000,0.32
1745935200000,0.3
1745938800000,0.27
1745942400000,0.3
1745946000000,0.24
1745949600000,0.34
1745953200000,0.79
1745956800000,0.73
1745960400000,0.71
1745964000000,0.88
1745967600000,0.23
1745971200000,0.22
1745974800000,0.21
1745978400000,0.23
1745982000000,0.25
1745985600000,0.23
1745989200000,0.23
1745992800000,0.22
1745996400000,0.37
1746000000000,0.27
1746003600000,0.29
1746007200000,0.29
1746010800000,0.4
1746014400000,0.3
1746018000000,0.31
1746021600000,0.28
1746025200000,0.32
1746028800000,0.31
1746032400000,0.28
1746036000000,0.52
1746039600000,0.64
1746043200000,0.42
1746046800000,0.4
1746050400000,0.79
1746054000000,0.25
1746057600000,0.23
1746061200000,0.25
1746064800000,0.23
1746068400000,0.24
1746072000000,0.21
1746075600000,0.23
1746079200000,0.23
1746082800000,0.38
1746086400000,0.28
1746090000000,1.18
1746093600000,0.39
1746097200000,0.62
1746100800000,0.4
1746104400000,0.98
1746108000000,0.96
1746111600000,0.53
1746115200000,0.31
1746118800000,0.48
1746122400000,0.85
1746126000000,1.12
1746129600000,0.96
1746133200000,0.34
1746136800000,0.35
1746140400000,0.87
1746144000000,0.25
1746147600000,0.23
1746151200000,0.27
1746154800000,0.23
1746158400000,0.23
1746162000000,0.19
1746165600000,0.29
1746169200000,0.25
1746172800000,1.02
1746176400000,0.72
1746180000000,0.31
1746183600000,0.6
1746187200000,0.39
1746190800000,0.75
1746194400000,0.59
1746198000000,0.48
1746201600000,0.31
1746205200000,0.3
1746208800000,0.26
1746212400000,0.79
1746216000000,0.41
1746219600000,0.38
1746223200000,0.75
1746226800000,0.25
1746230400000,0.23
1746234000000,0.23
1746237600000,0.25
1746241200000,0.23
1746244800000,0.23
1746248400000,0.23
1746252000000,0.25
1746255600000,0.32
1746259200000,0.87
1746262800000,1.84
1746266400000,1.59
1746270000000,1.84
1746273600000,1.37
1746277200000,0.98
1746280800000,0.29
1746284400000,0.28
1746288000000,0.26
1746291600000,0.31
1746295200000,0.26
1746298800000,0.54
1746302400000,0.87
1746306000000,0.36
1746309600000,0.33
1746313200000,0.27
1746316800000,0.23
1746320400000,0.23
1746324000000,0.25
1746327600000,0.25
1746331200000,0.23
1746334800000,0.23
1746338400000,0.27
1746342000000,0.48
1746345600000,0.25
1746349200000,0.85
1746352800000,0.78
1746356400000,0.5
1746360000000,0.27
1746363600000,0.63
1746367200000,0.31
1746370800000,0.52
1746374400000,0.25
1746378000000,0.23
1746381600000,0.49
1746385200000,0.59
1746388800000,0.44
1746392400000,0.39
1746396000000,0.27
1746399600000,0.25
1746403200000,0.23
1746406800000,0.25
1746410400000,0.23
1746414000000,0.23
1746417600000,0.27
1746421200000,0.22
1746424800000,0.32
1746428400000,0.29
1746432000000,0.35
1746435600000,0.36
1746439200000,0.4
1746442800000,0.59
1746446400000,0.39
1746450000000,0.37
1746453600000,0.35
1746457200000,0.38
1746460800000,0.33
1746464400000,0.24
1746468000000,0.98
1746471600000,0.52
1746475200000,0.79
1746478800000,0.4
1746482400000,0.56
1746486000000,0.23
1746489600000,0.25
1746493200000,0.23
1746496800000,0.21
1746500400000,0.23
1746504000000,0.23
1746507600000,0.21
1746511200000,0.3
1746514800000,0.32
1746518400000,0.29
1746522000000,0.29
1746525600000,0.27
1746529200000,0.41
1746532800000,0.34
1746536400000,0.27
1746540000000,0.27
1746543600000,0.25
1746547200000,0.27
1746550800000,0.95
1746554400000,0.93
1746558000000,0.83
1746561600000,0.8
1746565200000,0.43
1746568800000,0.34
1746572400000,0.23
1746576000000,0.25
1746579600000,0.22
1746583200000,0.21
1746586800000,0.23
1746590400000,0.23
1746594000000,0.21
1746597600000,0.49
1746601200000,0.3
1746604800000,0.3
1746608400000,0.34
1746612000000,0.32
1746615600000,0.37
1746619200000,0.36
1746622800000,0.37
1746626400000,0.37
1746630000000,0.38
1746633600000,0.39
1746637200000,0.26
1746640800000,0.93
1746644400000,0.48
1746648000000,0.48
1746651600000,0.34
1746655200000,0.29
1746658800000,0.25
1746662400000,0.21
1746666000000,0.22
1746669600000,0.23
1746673200000,0.23
1746676800000,0.21
1746680400000,0.22
1746684000000,0.32
1746687600000,0.32
1746691200000,0.29
1746694800000,0.29
1746698400000,0.28
1746702000000,0.34
1746705600000,0.33
1746709200000,0.28
1746712800000,0.32
1746716400000,0.31
1746720000000,0.24
1746723600000,0.23
1746727200000,0.3
1746730800000,0.4
1746734400000,0.41
1746738000000,0.4
1746741600000,0.35
1746745200000,0.25
1746748800000,0.23
1746752400000,0.23
1746756000000,0.25
1746759600000,0.25
1746763200000,0.2
1746766800000,0.24
1746770400000,0.35
1746774000000,0.3
1746777600000,0.38
1746781200000,0.48
1746784800000,0.36
1746788400000,0.37
1746792000000,0.36
1746795600000,0.38
1746799200000,0.41
1746802800000,0.4
1746806400000,0.33
1746810000000,0.29
1746813600000,0.24
1746817200000,0.62
1746820800000,0.5
1746824400000,0.38
1746828000000,0.62
1746831600000,0.73
1746835200000,0.23
1746838800000,0.23
1746842400000,0.23
1746846000000,0.23
1746849600000,0.23
1746853200000,0.19
1746856800000,0.24
1746860400000,0.31
1746864000000,0.55
1746867600000,0.28
1746871200000,0.24
1746874800000,0.25
1746878400000,0.28
1746882000000,0.32
1746885600000,0.25
1746889200000,0.26
1746892800000,0.25
1746896400000,0.27
1746900000000,0.3
1746903600000,0.35
1746907200000,0.34
1746910800000,0.31
1746914400000,0.35
1746918000000,0.3
1746921600000,0.23
1746925200000,0.24
1746928800000,0.19
1746932400000,0.23
1746936000000,0.22
1746939600000,0.2
1746943200000,0.25
1746946800000,0.27
1746950400000,0.61
1746954000000,0.68
1746957600000,0.79
1746961200000,1.1
1746964800000,0.91
1746968400000,1.12
1746972000000,1.25
1746975600000,1.22
1746979200000,0.34
1746982800000,0.35
1746986400000,1.22
1746990000000,0.9
1746993600000,0.81
1746997200000,0.86
1747000800000,0.68
1747004400000,0.23
1747008000000,0.23
1747011600000,0.23
1747015200000,0.21
1747018800000,0.21
1747022400000,0.22
1747026000000,0.22
1747029600000,0.25
1747033200000,0.33
1747036800000,0.3
1747040400000,0.28
1747044000000,0.36
1747047600000,0.29
1747051200000,0.29
1747054800000,0.29
1747058400000,0.29
1747062000000,0.28
1747065600000,0.28
1747069200000,0.27
1747072800000,0.27
1747076400000,0.38
1747080000000,0.41
1747083600000,0.38
1747087200000,0.31
1747090800000,0.23
1747094400000,0.23
1747098000000,0.23
1747101600000,0.23
1747105200000,0.2
1747108800000,0.23
1747112400000,0.22
1747116000000,0.32
1747119600000,0.28
1747123200000,0.32
1747126800000,0.31
1747130400000,0.37
1747134000000,0.33
1747137600000,0.34
1747141200000,0.29
1747144800000,0.77
1747148400000,1.1
1747152000000,0.24
1747155600000,0.26
1747159200000,0.21
1747162800000,0.43
1747166400000,0.96
1747170000000,0.4
1747173600000,0.7
1747177200000,0.21
1747180800000,0.21
1747184400000,0.21
1747188000000,0.21
1747191600000,0.21
1747195200000,0.2
1747198800000,0.2
1747202400000,0.28
1747206000000,0.26
1747209600000,0.48
1747213200000,0.3
1747216800000,0.28
1747220400000,0.32
1747224000000,0.36
1747227600000,0.28
1747231200000,0.31
1747234800000,0.31
1747238400000,0.29
1747242000000,0.26
1747245600000,0.28
1747249200000,0.75
1747252800000,0.35
1747256400000,0.5
1747260000000,0.63
1747263600000,0.77
1747267200000,0.21
1747270800000,0.21
1747274400000,0.21
1747278000000,0.22
1747281600000,0.2
1747285200000,0.21
1747288800000,0.35
1747292400000,0.54
1747296000000,0.62
1747299600000,0.61
1747303200000,0.27
1747306800000,0.27
1747310400000,0.34
1747314000000,0.26
1747317600000,0.27
1747321200000,0.29
1747324800000,0.27
1747328400000,0.26
1747332000000,0.21
1747335600000,0.44
1747339200000,0.69
1747342800000,0.43
1747346400000,0.36
1747350000000,0.25
1747353600000,0.23
1747357200000,0.22
1747360800000,0.21
1747364400000,0.21
1747368000000,0.2
1747371600000,0.21
1747375200000,0.29
1747378800000,0.29
1747382400000,0.26
1747386000000,0.33
1747389600000,0.34
1747393200000,0.47
1747396800000,0.38
1747400400000,0.38
1747404000000,0.39
1747407600000,0.39
1747411200000,0.39
1747414800000,0.75
1747418400000,0.8
1747422000000,1.33
1747425600000,0.83
1747429200000,0.48
1747432800000,0.69
1747436400000,0.37
1747440000000,0.21
1747443600000,0.23
1747447200000,0.21
1747450800000,0.21
1747454400000,0.21
1747458000000,0.2
1747461600000,0.43
1747465200000,0.34
1747468800000,1.19
1747472400000,1.44
1747476000000,1.18
1747479600000,2.5
1747483200000,1.87
1747486800000,0.32
1747490400000,0.63
1747494000000,0.39
1747497600000,0.6
1747501200000,1.26
1747504800000,1.34
1747508400000,0.41
1747512000000,0.48
1747515600000,0.42
1747519200000,1.56
1747522800000,0.84
1747526400000,0.75
1747530000000,0.21
1747533600000,0.24
1747537200000,0.23
1747540800000,0.21
1747544400000,0.18
1747548000000,0.26
1747551600000,0.96
1747555200000,1.84
1747558800000,1.42
1747562400000,0.42
1747566000000,0.22
1747569600000,0.21
1747573200000,0.23
1747576800000,0.24
1747580400000,0.23
1747584000000,0.21
1747587600000,0.25
1747591200000,0.5
1747594800000,0.43
1747598400000,0.4
1747602000000,0.35
1747605600000,0.3
1747609200000,0.2
1747612800000,0.19
1747616400000,0.21
1747620000000,0.21
1747623600000,0.21
1747627200000,0.21
1747630800000,0.18
1747634400000,0.26
1747638000000,0.33
1747641600000,0.35
1747645200000,0.28
1747648800000,0.34
1747652400000,0.3
1747656000000,0.33
1747659600000,0.29
1747663200000,0.32
1747666800000,0.27
1747670400000,0.3
1747674000000,0.25
1747677600000,0.35
1747681200000,0.42
1747684800000,1.25
1747688400000,0.39
1747692000000,0.75
1747695600000,0.21
1747699200000,0.23
1747702800000,0.23
1747706400000,0.21
1747710000000,0.23
1747713600000,0.23
1747717200000,0.22
1747720800000,0.3
1747724400000,0.31
1747728000000,0.61
1747731600000,0.47
1747735200000,0.54
1747738800000,0.42
1747742400000,0.31
1747746000000,0.26
1747749600000,0.3
1747753200000,0.27
1747756800000,0.27
1747760400000,0.23
1747764000000,0.3
1747767600000,0.51
1747771200000,0.48
1747774800000,0.41
1747778400000,0.27
1747782000000,0.23
1747785600000,0.19
1747789200000,0.21
1747792800000,0.21
1747796400000,0.22
1747800000000,0.2
1747803600000,0.22
1747807200000,0.28
1747810800000,0.22
1747814400000,0.29
1747818000000,0.28
1747821600000,0.29
1747825200000,0.22
1747828800000,0.31
1747832400000,0.38
1747836000000,0.34
1747839600000,0.33
1747843200000,0.33
1747846800000,0.22
1747850400000,0.21
1747854000000,0.23
1747857600000,0.31
1747861200000,0.34
1747864800000,0.23
1747868400000,0.22
1747872000000,0.21
1747875600000,0.19
1747879200000,0.21
1747882800000,0.21
1747886400000,0.19
1747890000000,0.21
1747893600000,0.27
1747897200000,0.57
1747900800000,0.26
1747904400000,0.26
1747908000000,0.35
1747911600000,0.29
1747915200000,0.29
1747918800000,0.26
1747922400000,0.28
1747926000000,0.26
1747929600000,0.25
1747933200000,0.25
1747936800000,0.27
1747940400000,0.5
1747944000000,0.33
1747947600000,0.32
1747951200000,0.27
1747954800000,0.23
1747958400000,0.21
1747962000000,0.2
1747965600000,0.21
1747969200000,0.21
1747972800000,0.2
1747976400000,0.21
1747980000000,0.26
1747983600000,0.33
1747987200000,0.34
1747990800000,0.23
1747994400000,0.28
1747998000000,0.27
1748001600000,0.29
1748005200000,0.28
1748008800000,0.29
1748012400000,0.29
1748016000000,0.26
1748019600000,0.25
1748023200000,0.25
1748026800000,0.46
1748030400000,0.72
1748034000000,0.46
1748037600000,0.57
1748041200000,0.27
1748044800000,0.2
1748048400000,0.21
1748052000000,0.21
1748055600000,0.21
1748059200000,0.21
1748062800000,0.23
1748066400000,0.2
1748070000000,0.31
1748073600000,0.22
1748077200000,0.27
1748080800000,0.26
1748084400000,0.32
1748088000000,0.29
1748091600000,1.5
1748095200000,1.39
1748098800000,1.02
1748102400000,0.46
1748106000000,0.45
1748109600000,0.29
1748113200000,0.38
1748116800000,0.46
1748120400000,0.75
1748124000000,0.46
1748127600000,0.62
1748131200000,0.25
1748134800000,0.25
1748138400000,0.23
1748142000000,0.23
1748145600000,0.2
1748149200000,0.19
1748152800000,0.22
1748156400000,0.33
1748160000000,0.39
1748163600000,0.24
1748167200000,0.24
1748170800000,0.26
1748174400000,0.18
1748178000000,0.23
1748181600000,0.21
1748185200000,0.52
1748188800000,1.27
1748192400000,0.81
1748196000000,1.04
1748199600000,0.52
1748203200000,0.5
1748206800000,0.7
1748210400000,0.8
1748214000000,0.77
1748217600000,0.43
1748221200000,0.21
1748224800000,0.23
1748228400000,0.21
1748232000000,0.22
1748235600000,0.45
1748239200000,0.66
1748242800000,0.32
1748246400000,0.27
1748250000000,0.29
1748253600000,0.27
1748257200000,0.28
1748260800000,0.29
1748264400000,0.37
1748268000000,0.27
1748271600000,0.24
1748275200000,0.28
1748278800000,0.32
1748282400000,0.2
1748286000000,0.23
1748289600000,0.29
1748293200000,0.27
1748296800000,0.23
1748300400000,0.21
1748304000000,0.21
1748307600000,0.22
1748311200000,0.21
1748314800000,0.23
1748318400000,0.21
1748322000000,0.21
1748325600000,0.27
1748329200000,0.22
1748332800000,0.29
1748336400000,0.44
1748340000000,0.43
1748343600000,0.48
1748347200000,0.59
1748350800000,0.39
1748354400000,0.4
1748358000000,0.4
1748361600000,0.39
1748365200000,0.38
1748368800000,0.26
1748372400000,0.5
1748376000000,0.67
1748379600000,0.35
1748383200000,0.59
1748386800000,0.21
1748390400000,0.21
1748394000000,0.2
1748397600000,0.21
1748401200000,0.21
1748404800000,0.2
1748408400000,0.21
1748412000000,0.3
1748415600000,0.27
1748419200000,0.28
1748422800000,0.27
1748426400000,0.29
1748430000000,0.39
1748433600000,0.3
1748437200000,0.3
1748440800000,0.28
1748444400000,0.37
1748448000000,0.33
1748451600000,0.22
1748455200000,0.36
1748458800000,0.36
1748462400000,0.42
1748466000000,0.43
1748469600000,0.34
1748473200000,0.23
1748476800000,0.22
1748480400000,0.21
1748484000000,0.23
1748487600000,0.23
1748491200000,0.19
1748494800000,0.23
1748498400000,0.29
1748502000000,0.26
1748505600000,0.43
1748509200000,0.28
1748512800000,0.31
1748516400000,0.35
1748520000000,0.26
1748523600000,0.28
1748527200000,0.28
1748530800000,0.3
1748534400000,0.28
1748538000000,0.29
1748541600000,0.3
1748545200000,0.41
1748548800000,0.63
1748552400000,0.71
1748556000000,0.27
1748559600000,0.21
1748563200000,0.23
1748566800000,0.2
1748570400000,0.21
1748574000000,0.21
1748577600000,0.19
1748581200000,0.2
1748584800000,0.29
1748588400000,0.32
1748592000000,0.23
1748595600000,0.37
1748599200000,0.31
1748602800000,0.33
1748606400000,0.86
1748610000000,0.26
1748613600000,0.29
1748617200000,0.32
1748620800000,0.34
1748624400000,0.27
1748628000000,0.26
1748631600000,0.32
1748635200000,0.41
1748638800000,0.34
1748642400000,0.23
1748646000000,0.22
1748649600000,0.21
1748653200000,0.21
1748656800000,0.21
1748660400000,0.21
1748664000000,0.2
1748667600000,0.19
1748671200000,0.31
1748674800000,0.25
1748678400000,0.6
1748682000000,0.23
1748685600000,0.24
1748689200000,0.5
1748692800000,0.41
1748696400000,0.73
1748700000000,0.38
1748703600000,0.23
1748707200000,0.24
1748710800000,0.25
1748714400000,0.21
1748718000000,0.31
1748721600000,0.37
1748725200000,0.34
1748728800000,0.27
1748732400000,0.27
1748736000000,0.23
1748739600000,0.21
1748743200000,0.23
1748746800000,0.2
1748750400000,0.22
1748754000000,0.22
1748757600000,0.24
1748761200000,0.68
1748764800000,0.83
1748768400000,0.5
1748772000000,0.23
1748775600000,0.27
1748779200000,0.66
1748782800000,0.8
1748786400000,0.3
1748790000000,0.56
1748793600000,0.36
1748797200000,0.39
1748800800000,0.23
1748804400000,0.38
1748808000000,0.33
1748811600000,0.37
1748815200000,0.67
1748818800000,0.23
1748822400000,0.25
1748826000000,0.31
1748829600000,0.23
1748833200000,0.23
1748836800000,0.21
1748840400000,0.27
1748844000000,0.25
1748847600000,0.54
1748851200000,0.39
1748854800000,0.37
1748858400000,0.39
1748862000000,0.4
1748865600000,0.42
1748869200000,0.28
1748872800000,0.31
1748876400000,0.37
1748880000000,0.35
1748883600000,0.48
1748887200000,0.92
1748890800000,1.24
1748894400000,0.42
1748898000000,0.35
1748901600000,0.96
1748905200000,0.32
1748908800000,0.5
1748912400000,0.22
1748916000000,0.21
1748919600000,0.23
1748923200000,0.2
1748926800000,0.22
1748930400000,0.4
1748934000000,0.28
1748937600000,0.29
1748941200000,0.28
1748944800000,0.44
1748948400000,0.59
1748952000000,0.35
1748955600000,1.2
1748959200000,1.09
1748962800000,0.44
1748966400000,0.53
1748970000000,0.4
1748973600000,0.27
1748977200000,0.58
1748980800000,0.41
1748984400000,0.36
1748988000000,0.33
1748991600000,0.23
1748995200000,0.23
1748998800000,0.21
1749002400000,0.2
1749006000000,0.21
1749009600000,0.21
1749013200000,0.2
1749016800000,0.31
1749020400000,0.26
1749024000000,0.42
1749027600000,0.34
1749031200000,0.48
1749034800000,0.53
1749038400000,0.42
1749042000000,0.91
1749045600000,0.41
1749049200000,0.47
1749052800000,0.23
1749056400000,0.36
1749060000000,0.85
1749063600000,1.43
1749067200000,1.02
1749070800000,1.06
1749074400000,0.88
1749078000000,0.62
1749081600000,0.52
1749085200000,0.56
1749088800000,0.52
1749092400000,0.48
1749096000000,0.43
1749099600000,0.48
1749103200000,0.57
1749106800000,0.58
1749110400000,0.78
1749114000000,0.51
1749117600000,0.61
1749121200000,0.71
1749124800000,0.69
1749128400000,0.8
1749132000000,0.81
1749135600000,0.76
1749139200000,0.77
1749142800000,0.74
1749146400000,0.73
1749150000000,0.49
1749153600000,0.61
1749157200000,0.73
1749160800000,0.66
1749164400000,0.86
1749168000000,0.46
1749171600000,0.48
1749175200000,0.43
1749178800000,0.34
1749182400000,0.31
1749186000000,0.35
1749189600000,0.57
1749193200000,0.4
1749196800000,1.19
1749200400000,0.98
1749204000000,0.91
1749207600000,1.1
1749211200000,0.68
1749214800000,0.58
1749218400000,0.75
1749222000000,0.73
1749225600000,0.66
1749229200000,0.61
1749232800000,0.77
1749236400000,0.58
1749240000000,0.66
1749243600000,0.48
1749247200000,0.75
1749250800000,0.21
1749254400000,0.23
1749258000000,0.25
1749261600000,0.27
1749265200000,0.21
1749268800000,0.22
1749272400000,0.26
1749276000000,0.37
1749279600000,0.32
1749283200000,0.51
1749286800000,0.58
1749290400000,1.46
1749294000000,1.08
1749297600000,1.1
1749301200000,1.18
1749304800000,2.28
1749308400000,1.38
1749312000000,1.58
1749315600000,2.12
1749319200000,1.47
1749322800000,1.4
1749326400000,1.11
1749330000000,1.27
1749333600000,1.23
1749337200000,1.54
1749340800000,0.54
1749344400000,0.5
1749348000000,0.46
1749351600000,0.33
1749355200000,0.35
1749358800000,0.33
1749362400000,0.48
1749366000000,0.71
1749369600000,0.62
1749373200000,0.49
1749376800000,0.46
1749380400000,0.49
1749384000000,0.49
1749387600000,0.39
1749391200000,0.35
1749394800000,0.25
1749398400000,0.26
1749402000000,0.29
1749405600000,0.22
1749409200000,0.69
1749412800000,0.29
1749416400000,0.23
1749420000000,0.27
1749423600000,0.27
1749427200000,0.25
1749430800000,0.29
1749434400000,0.23
1749438000000,0.25
1749441600000,0.27
1749445200000,0.21
1749448800000,0.3
1749452400000,0.25
1749456000000,0.27
1749459600000,0.29
1749463200000,0.25
1749466800000,0.3
1749470400000,1.02
1749474000000,1.02
1749477600000,0.66
1749481200000,0.59
1749484800000,0.32
1749488400000,0.3
1749492000000,0.26
1749495600000,0.62
1749499200000,0.6
1749502800000,0.32
1749506400000,0.29
1749510000000,0.31
1749513600000,0.27
1749517200000,0.23
1749520800000,0.25
1749524400000,0.27
1749528000000,0.24
1749531600000,0.25
1749535200000,0.29
1749538800000,0.3
1749542400000,0.4
1749546000000,0.39
1749549600000,0.37
1749553200000,0.52
1749556800000,0.38
1749560400000,0.54
1749564000000,0.63
1749567600000,0.51
1749571200000,0.41
1749574800000,0.46
1749578400000,0.32
1749582000000,0.74
1749585600000,0.46
1749589200000,0.35
1749592800000,0.29
1749596400000,0.23
1749600000000,0.23
1749603600000,0.25
1749607200000,0.25
1749610800000,0.27
1749614400000,0.23
1749618000000,0.31
1749621600000,0.38
1749625200000,0.26
1749628800000,0.3
1749632400000,0.35
1749636000000,0.35
1749639600000,0.71
1749643200000,0.36
1749646800000,0.63
1749650400000,0.31
1749654000000,0.34
1749657600000,0.33
1749661200000,0.26
1749664800000,0.25
1749668400000,1
1749672000000,0.4
1749675600000,0.52
1749679200000,0.79
1749682800000,0.25
1749686400000,0.25
1749690000000,0.25
1749693600000,0.23
1749697200000,0.25
1749700800000,0.23
1749704400000,0.24
1749708000000,0.33
1749711600000,0.12
1749715200000,0.39
1749718800000,0.45
1749722400000,0.37
1749726000000,0.15
1749729600000,0
1749733200000,0.94
1749736800000,0.32
1749740400000,0.31
1749744000000,0.33
1749747600000,0.32
1749751200000,0.47
1749754800000,1.36
1749758400000,0.58
1749762000000,1.35
1749765600000,0.73
1749769200000,0.69
1749772800000,0.81
1749776400000,0.46
1749780000000,0.31
1749783600000,0.25
1749787200000,0.21
1749790800000,0.36
1749794400000,0.45
1749798000000,0.35
1749801600000,0.48
1749805200000,0.46
1749808800000,0.59
1749812400000,0.65
1749816000000,0.73
1749819600000,0.68
1749823200000,0.66
1749826800000,0.76
1749830400000,0.76
1749834000000,0.82
1749837600000,0.63
1749841200000,0.95
1749844800000,0.79
1749848400000,0.69
1749852000000,0.73
1749855600000,0.59
1749859200000,0.25
1749862800000,0.31
1749866400000,0.29
1749870000000,0.27
1749873600000,0.22
1749877200000,0.26
1749880800000,0.37
1749884400000,0.67
1749888000000,0.49
1749891600000,0.04
1749895200000,1.1
1749898800000,1.19
1749902400000,1.23
1749906000000,1.1
1749909600000,0.88
1749913200000,1.61
1749916800000,1.42
1749920400000,1.2
1749924000000,1.24
1749927600000,0.89
1749931200000,0.85
1749934800000,0.92
1749938400000,1.34
1749942000000,0.87
1749945600000,0.37
1749949200000,0.4
1749952800000,0.36
1749956400000,0.35
1749960000000,0.35
1749963600000,0.32
1749967200000,0.39
1749970800000,0.39
1749974400000,0.5
1749978000000,0.49
1749981600000,0.55
1749985200000,0.46
1749988800000,0.46
1749992400000,0.49
1749996000000,0.5
1749999600000,0.67
1750003200000,0.71
1750006800000,0.45
1750010400000,1.34
1750014000000,1.04
1750017600000,1.12
1750021200000,0.58
1750024800000,0.44
1750028400000,0.36
1750032000000,0.31
1750035600000,0.29
1750039200000,0.25
1750042800000,0.25
1750046400000,0.37
1750050000000,0.35
1750053600000,0.33
1750057200000,0.35
1750060800000,0.52
1750064400000,0.55
1750068000000,0.55
1750071600000,0.59
1750075200000,0.6
1750078800000,0.61
1750082400000,0.53
1750086000000,0.48
1750089600000,0.38
1750093200000,0.37
1750096800000,0.88
1750100400000,0.77
1750104000000,0.54
1750107600000,0.85
1750111200000,0.27
1750114800000,0.23
1750118400000,0.29
1750122000000,0.25
1750125600000,0.25
1750129200000,0.27
1750132800000,0.26
1750136400000,0.31
1750140000000,0.37
1750143600000,0.28
1750147200000,0.33
1750150800000,0.66
1750154400000,0.65
1750158000000,0.36
1750161600000,0.46
1750165200000,0.64
1750168800000,0.9
1750172400000,0.77
1750176000000,1.43
1750179600000,1.3
1750183200000,1.13
1750186800000,1.13
1750190400000,0.79
1750194000000,0.48
1750197600000,0.93
1750201200000,0.38
1750204800000,0.31
1750208400000,0.29
1750212000000,0.32
1750215600000,0.23
1750219200000,0.27
1750222800000,0.3
1750226400000,0.4
1750230000000,0.46
1750233600000,0.67
1750237200000,0.43
1750240800000,0.43
1750244400000,0.6
1750248000000,0.28
1750251600000,0.54
1750255200000,0.29
1750258800000,0.34
1750262400000,0.35
1750266000000,0.27
1750269600000,0.38
1750273200000,0.48
1750276800000,0.42
1750280400000,0.23
1750284000000,0.27
1750287600000,0.25
1750291200000,0.23
1750294800000,0.27
1750298400000,0.23
1750302000000,0.23
1750305600000,0.27
1750309200000,0.21
1750312800000,0.26
1750316400000,0.27
1750320000000,0.22
1750323600000,0.26
1750327200000,0.29
1750330800000,0.25
1750334400000,0.26
1750338000000,0.28
1750341600000,0.25
1750345200000,0.28
1750348800000,0.27
1750352400000,0.24
1750356000000,0.54
1750359600000,0.23
1750363200000,0.25
1750366800000,0.27
1750370400000,0.23
1750374000000,0.27
1750377600000,0.27
1750381200000,0.23
1750384800000,0.27
1750388400000,0.27
1750392000000,0.22
1750395600000,0.27
1750399200000,0.48
1750402800000,0.53
1750406400000,0.54
1750410000000,0.43
1750413600000,0.48
1750417200000,0.5
1750420800000,0.3
1750424400000,0.38
1750428000000,0.69
1750431600000,0.72
1750435200000,1.03
1750438800000,1.09
1750442400000,0.74
1750446000000,1.17
1750449600000,1.42
1750453200000,0.85
1750456800000,0.83
1750460400000,0.29
1750464000000,0.25
1750467600000,0.25
1750471200000,0.27
1750474800000,0.32
1750478400000,0.24
1750482000000,0.23
1750485600000,0.34
1750489200000,0.41
1750492800000,0.29
1750496400000,0.28
1750500000000,1.02
1750503600000,1.44
1750507200000,0.63
1750510800000,0.53
1750514400000,0.56
1750518000000,0.65
1750521600000,0.6
1750525200000,0.99
1750528800000,0.85
1750532400000,0.72
1750536000000,0.75
1750539600000,0.8
1750543200000,0.39
1750546800000,0.27
1750550400000,0.25
1750554000000,0.25
1750557600000,0.27
1750561200000,0.25
1750564800000,0.23
1750568400000,0.26
1750572000000,0.24
1750575600000,0.46
1750579200000,0.39
1750582800000,0.41
1750586400000,1.11
1750590000000,0.47
1750593600000,0.53
1750597200000,0.8
1750600800000,2.07
1750604400000,1.64
1750608000000,1.8
1750611600000,1.14
1750615200000,1.25
1750618800000,0.68
1750622400000,0.71
1750626000000,0.69
1750629600000,0.54
1750633200000,0.29
1750636800000,0.25
1750640400000,0.27
1750644000000,0.25
1750647600000,0.25
1750651200000,0.25
1750654800000,0.24
1750658400000,0.38
1750662000000,0.36
1750665600000,0.27
1750669200000,0.5
1750672800000,0.56
1750676400000,0.66
1750680000000,0.59
1750683600000,0.52
1750687200000,0.73
1750690800000,1.04
1750694400000,0.88
1750698000000,0.75
1750701600000,0.68
1750705200000,0.54
1750708800000,0.63
1750712400000,0.69
1750716000000,0.54
1750719600000,0.27
1750723200000,0.25
1750726800000,0.25
1750730400000,0.25
1750734000000,0.25
1750737600000,0.24
1750741200000,0.31
1750744800000,0.25
1750748400000,0.3
1750752000000,0.49
1750755600000,0.64
1750759200000,0.33
1750762800000,0.51
1750766400000,0.44
1750770000000,0.38
1750773600000,0.91
1750777200000,0.89
1750780800000,0.98
1750784400000,0.76
1750788000000,1.04
1750791600000,0.63
1750795200000,0.52
1750798800000,0.63
1750802400000,0.87
1750806000000,0.27
1750809600000,0.27
1750813200000,0.27
1750816800000,0.27
1750820400000,0.27
1750824000000,0.26
1750827600000,0.27
1750831200000,0.48
1750834800000,0.9
1750838400000,0.86
1750842000000,1.6
1750845600000,0.93
1750849200000,0.67
1750852800000,0.76
1750856400000,0.77
1750860000000,0.87
1750863600000,1.12
1750867200000,1.03
1750870800000,0.87
1750874400000,0.78
1750878000000,0.71
1750881600000,0.7
1750885200000,0.63
1750888800000,0.66
1750892400000,0.55
1750896000000,0.27
1750899600000,0.25
1750903200000,0.25
1750906800000,0.31
1750910400000,0.28
1750914000000,0.23
1750917600000,0.54
1750921200000,0.56
1750924800000,0.73
1750928400000,0.93
1750932000000,0.94
1750935600000,0.94
1750939200000,1.11
1750942800000,1.02
1750946400000,1.03
1750950000000,1.06
1750953600000,1.16
1750957200000,0.93
1750960800000,0.81
1750964400000,0.65
1750968000000,0.77
1750971600000,0.98
1750975200000,0.64
1750978800000,0.53
1750982400000,0.5
1750986000000,0.54
1750989600000,0.41
1750993200000,0.4
1750996800000,0.35
1751000400000,0.33
1751004000000,0.33
1751007600000,0.49
1751011200000,0.77
1751014800000,1
1751018400000,0.58
1751022000000,0.61
1751025600000,0.62
1751029200000,0.52
1751032800000,0.71
1751036400000,0.67
1751040000000,0.65
1751043600000,0.72
1751047200000,0.69
1751050800000,0.72
1751054400000,0.48
1751058000000,0.44
1751061600000,0.38
1751065200000,0.81
1751068800000,0.27
1751072400000,0.25
1751076000000,0.25
1751079600000,0.25
1751083200000,0.23
1751086800000,0.25
1751090400000,0.26
1751094000000,0.31
1751097600000,0.28
1751101200000,0.56
1751104800000,1.71
1751108400000,0.68
1751112000000,0.34
1751115600000,0.4
1751119200000,0.6
1751122800000,0.89
1751126400000,0.76
1751130000000,0.96
1751133600000,0.9
1751137200000,0.57
1751140800000,0.54
1751144400000,0.36
1751148000000,0.54
1751151600000,0.4
1751155200000,0.27
1751158800000,0.29
1751162400000,0.25
1751166000000,0.27
1751169600000,0.29
1751173200000,0.22
1751176800000,0.26
1751180400000,0.37
1751184000000,0.67
1751187600000,0.69
1751191200000,0.59
1751194800000,1.6
1751198400000,2.42
1751202000000,1.24
1751205600000,0.73
1751209200000,1.32
1751212800000,1.11
1751216400000,0.76
1751220000000,0.74
1751223600000,0.66
1751227200000,0.84
1751230800000,0.77
1751234400000,0.64
1751238000000,0.75
1751241600000,0.4
1751245200000,0.4
1751248800000,0.35
1751252400000,0.27
1751256000000,0.3
1751259600000,0.31
1751263200000,0.36
1751266800000,0.35
1751270400000,0.31
1751274000000,0.35
1751277600000,0.3
1751281200000,0.87
1751284800000,0.63
1751288400000,0.49
1751292000000,0.94
1751295600000,0.82
1751299200000,0.8
1751302800000,0.65
1751306400000,0.84
1751310000000,0.76
1751313600000,0.69
1751317200000,0.79
1751320800000,0.6
1751324400000,1
1751328000000,0.31
1751331600000,0.57
1751335200000,0.23
1751338800000,0.25
1751342400000,0.25
1751346000000,0.24
1751349600000,0.32
1751353200000,0.34
1751356800000,0.31
1751360400000,0.4
1751364000000,0.53
1751367600000,0.33
1751371200000,0.51
1751374800000,1.04
1751378400000,0.97
1751382000000,0.97
1751385600000,0.85
1751389200000,0.8
1751392800000,0.3
1751396400000,0.37
1751400000000,0.44
1751403600000,0.48
1751407200000,0.71
1751410800000,0.35
1751414400000,0.31
1751418000000,0.27
1751421600000,0.26
1751425200000,0.35
1751428800000,0.24
1751432400000,0.27
1751436000000,0.48
1751439600000,0.33
1751443200000,0.45
1751446800000,0.76
1751450400000,0.65
1751454000000,0.93
1751457600000,0.86
1751461200000,0.95
1751464800000,0.85
1751468400000,0.81
1751472000000,1.04
1751475600000,0.85
1751479200000,0.36
1751482800000,0.28
1751486400000,0.46
1751490000000,0.64
1751493600000,0.77
1751497200000,0.25
1751500800000,0.25
1751504400000,0.25
1751508000000,0.25
1751511600000,0.25
1751515200000,0.22
1751518800000,0.25
1751522400000,0.58
1751526000000,0.54
1751529600000,0.47
1751533200000,1.09
1751536800000,0.94
1751540400000,0.96
1751544000000,0.96
1751547600000,1.01
1751551200000,1.04
1751554800000,1.13
1751558400000,0.85
1751562000000,0.95
1751565600000,0.71
1751569200000,0.32
1751572800000,0.64
1751576400000,1.03
1751580000000,0.79
1751583600000,0.69
1751587200000,0.25
1751590800000,0.25
1751594400000,0.25
1751598000000,0.25
1751601600000,0.23
1751605200000,0.26
1751608800000,0.36
1751612400000,0.5
1751616000000,0.43
1751619600000,0.96
1751623200000,0.68
1751626800000,0.69
1751630400000,0.66
1751634000000,0.61
1751637600000,0.7
1751641200000,0.71
1751644800000,0.65
1751648400000,0.66
1751652000000,0.49
1751655600000,0.3
1751659200000,0.52
1751662800000,0.46
1751666400000,0.79
1751670000000,0.27
1751673600000,0.25
1751677200000,0.27
1751680800000,0.27
1751684400000,0.27
1751688000000,0.24
1751691600000,0.26
1751695200000,0.34
1751698800000,0.51
1751702400000,0.31
1751706000000,0.52
1751709600000,0.61
1751713200000,1
1751716800000,1.08
1751720400000,0.54
1751724000000,0.54
1751727600000,0.73
1751731200000,1.68
1751734800000,1.2
1751738400000,0.74
1751742000000,0.7
1751745600000,1.14
1751749200000,1.19
1751752800000,1.1
1751756400000,0.32
1751760000000,0.29
1751763600000,0.23
1751767200000,0.27
1751770800000,0.29
1751774400000,0.41
1751778000000,0.32
1751781600000,0.44
1751785200000,0.42
1751788800000,0.55
1751792400000,1.42
1751796000000,1.39
1751799600000,1.28
1751803200000,0.79
1751806800000,0.69
1751810400000,0.83
1751814000000,0.84
1751817600000,0.81
1751821200000,0.75
1751824800000,0.38
1751828400000,0.44
1751832000000,0.39
1751835600000,0.57
1751839200000,0.31
1751842800000,0.35
1751846400000,0.25
1751850000000,0.32
1751853600000,0.31
1751857200000,0.23
1751860800000,0.25
1751864400000,0.38
1751868000000,0.41
1751871600000,0.72
1751875200000,0.48
1751878800000,0.94
1751882400000,0.68
1751886000000,0.98
1751889600000,0.87
1751893200000,0.59
1751896800000,0.58
1751900400000,0.5
1751904000000,0.46
1751907600000,0.34
1751911200000,0.57
1751914800000,0.73
1751918400000,0.67
1751922000000,0.68
1751925600000,0.86
1751929200000,0.27
1751932800000,0.25
1751936400000,0.27
1751940000000,0.25
1751943600000,0.23
1751947200000,0.27
1751950800000,0.27
1751954400000,0.56
1751958000000,1.47
1751961600000,0.68
1751965200000,0.44
1751968800000,0.43
1751972400000,0.43
1751976000000,0.31
1751979600000,0.81
1751983200000,0.34
1751986800000,0.35
1751990400000,0.37
1751994000000,0.32
1751997600000,0.73
1752001200000,1.27
1752004800000,0.44
1752008400000,0.46
1752012000000,0.4
1752015600000,0.83
1752019200000,0.27
1752022800000,0.33
1752026400000,0.27
1752030000000,0.28
1752033600000,0.27
1752037200000,0.25
1752040800000,0.4
1752044400000,0.3
1752048000000,0.64
1752051600000,0.74
1752055200000,0.42
1752058800000,0.48
1752062400000,0.34
1752066000000,0.85
1752069600000,0.36
1752073200000,0.38
1752076800000,0.44
1752080400000,0.33
1752084000000,0.39
1752087600000,0.82
1752091200000,0.45
1752094800000,0.44
1752098400000,0.77
1752102000000,0.25
1752105600000,0.31
1752109200000,0.25
1752112800000,0.28
1752116400000,0.29
1752120000000,0.23
1752123600000,0.3
1752127200000,0.34
1752130800000,0.53
1752134400000,0.4
1752138000000,0.33
1752141600000,0.44
1752145200000,0.39
1752148800000,0.4
1752152400000,0.39
1752156000000,0.4
1752159600000,0.36
1752163200000,0.41
1752166800000,0.36
1752170400000,0.35
1752174000000,0.51
1752177600000,0.46
1752181200000,0.47
1752184800000,0.32
1752188400000,0.29
1752192000000,0.33
1752195600000,0.29
1752199200000,0.32
1752202800000,0.31
1752206400000,0.29
1752210000000,0.33
1752213600000,0.42
1752217200000,0.44
1752220800000,0.87
1752224400000,0.71
1752228000000,0.83
1752231600000,1.5
1752235200000,0.79
1752238800000,0.36
1752242400000,0.37
1752246000000,0.93
1752249600000,0.37
1752253200000,0.34
1752256800000,0.35
1752260400000,0.74
1752264000000,0.45
1752267600000,0.36
1752271200000,0.85
1752274800000,0.3
1752278400000,0.31
1752282000000,0.31
1752285600000,0.29
1752289200000,0.33
1752292800000,0.28
1752296400000,0.3
1752300000000,0.3
1752303600000,0.4
1752307200000,0.71
1752310800000,0.61
1752314400000,1.36
1752318000000,0.62
1752321600000,0.88
1752325200000,0.98
1752328800000,0.98
1752332400000,1.41
1752336000000,0.96
1752339600000,1.23
1752343200000,0.52
1752346800000,1.01
1752350400000,0.98
1752354000000,0.67
1752357600000,0.33
1752361200000,0.33
1752364800000,0.27
1752368400000,0.3
1752372000000,0.75
1752375600000,0.31
1752379200000,0.31
1752382800000,0.27
1752386400000,0.37
1752390000000,0.32
1752393600000,0.34
1752397200000,1.67
1752400800000,0.71
1752404400000,2.26
1752408000000,1.35
1752411600000,1.34
1752415200000,0.95
1752418800000,1.16
1752422400000,0.68
1752426000000,0.68
1752429600000,0.48
1752433200000,0.71
1752436800000,1.08
1752440400000,0.98
1752444000000,0.75
1752447600000,0.37
1752451200000,0.3
1752454800000,0.29
1752458400000,0.27
1752462000000,0.27
1752465600000,0.27
1752469200000,0.26
1752472800000,0.59
1752476400000,0.75
1752480000000,0.75
1752483600000,0.76
1752487200000,0.71
1752490800000,0.9
1752494400000,0.83
1752498000000,0.74
1752501600000,0.67
1752505200000,0.85
1752508800000,0.84
1752512400000,0.89
1752516000000,0.76
1752519600000,0.53
1752523200000,0.52
1752526800000,0.62
1752530400000,0.44
1752534000000,0.25
1752537600000,0.31
1752541200000,0.27
1752544800000,0.29
1752548400000,0.3
1752552000000,0.24
1752555600000,0.3
1752559200000,0.41
1752562800000,1.54
1752566400000,0.57
1752570000000,0.81
1752573600000,1.23
1752577200000,1.45
1752580800000,1.42
1752584400000,1.16
1752588000000,1.13
1752591600000,0.8
1752595200000,0.66
1752598800000,0.65
1752602400000,0.37
1752606000000,0.42
1752609600000,0.38
1752613200000,0.58
1752616800000,0.42
1752620400000,0.31
1752624000000,0.31
1752627600000,0.27
1752631200000,0.34
1752634800000,0.27
1752638400000,0.28
1752642000000,0.29
1752645600000,0.37
1752649200000,0.54
1752652800000,0.31
1752656400000,0.77
1752660000000,0.65
1752663600000,0.71
1752667200000,0.66
1752670800000,0.6
1752674400000,0.67
1752678000000,0.4
1752681600000,0.32
1752685200000,0.35
1752688800000,0.31
1752692400000,0.35
1752696000000,0.64
1752699600000,0.54
1752703200000,0.36
1752706800000,0.81
1752710400000,0.25
1752714000000,0.5
1752717600000,0.35
1752721200000,0.34
1752724800000,0.35
1752728400000,0.31
1752732000000,0.43
1752735600000,0.88
1752739200000,0.85
1752742800000,1
1752746400000,0.45
1752750000000,0.44
1752753600000,0.78
1752757200000,0.53
1752760800000,0.76
1752764400000,0.45
1752768000000,0.89
1752771600000,0.6
1752775200000,0.43
1752778800000,0.88
1752782400000,0.52
1752786000000,0.5
1752789600000,0.39
1752793200000,0.23
1752796800000,0.3
1752800400000,0.29
1752804000000,0.27
1752807600000,0.29
1752811200000,0.23
1752814800000,0.31
1752818400000,0.35
1752822000000,0.33
1752825600000,0.36
1752829200000,0.39
1752832800000,0.33
1752836400000,0.42
1752840000000,0.47
1752843600000,0.34
1752847200000,0.51
1752850800000,0.63
1752854400000,0.55
1752858000000,0.59
1752861600000,0.29
1752865200000,0.61
1752868800000,0.46
1752872400000,0.36
1752876000000,0.25
1752879600000,0.29
1752883200000,0.27
1752886800000,0.25
1752890400000,0.29
1752894000000,0.25
1752897600000,0.27
1752901200000,0.27
1752904800000,0.26
1752908400000,0.31
1752912000000,0.26
1752915600000,0.42
1752919200000,0.49
1752922800000,0.63
1752926400000,0.72
1752930000000,0.6
1752933600000,0.67
1752937200000,0.95
1752940800000,0.66
1752944400000,0.7
1752948000000,0.24
1752951600000,0.35
1752955200000,0.41
1752958800000,0.31
1752962400000,0.28
1752966000000,0.25
1752969600000,0.29
1752973200000,0.25
1752976800000,0.27
1752980400000,0.27
1752984000000,0.24
1752987600000,0.29
1752991200000,0.28
1752994800000,0.54
1752998400000,0.43
1753002000000,1.04
1753005600000,0.79
1753009200000,0.94
1753012800000,2.51
1753016400000,1
1753020000000,1.07
1753023600000,1.26
1753027200000,0.84
1753030800000,0.81
1753034400000,0.33
1753038000000,0.63
1753041600000,0.73
1753045200000,0.54
1753048800000,0.52
1753052400000,0.48
1753056000000,0.48
1753059600000,0.44
1753063200000,0.37
1753066800000,0.4
1753070400000,0.35
1753074000000,0.44
1753077600000,0.37
1753081200000,0.25
1753084800000,0.48
1753088400000,0.58
1753092000000,0.71
1753095600000,0.82
1753099200000,0.43
1753102800000,0.76
1753106400000,0.95
1753110000000,0.72
1753113600000,0.84
1753117200000,0.84
1753120800000,0.33
1753124400000,0.28
1753128000000,0.33
1753131600000,0.29
1753135200000,0.25
1753138800000,0.29
1753142400000,0.23
1753146000000,0.29
1753149600000,0.27
1753153200000,0.27
1753156800000,0.26
1753160400000,0.24
1753164000000,0.31
1753167600000,0.26
1753171200000,0.3
1753174800000,0.28
1753178400000,0.41
1753182000000,0.57
1753185600000,0.77
1753189200000,0.74
1753192800000,0.71
1753196400000,0.69
1753200000000,0.77
1753203600000,0.67
1753207200000,0.28
1753210800000,0.3
1753214400000,0.35
1753218000000,0.25
1753221600000,0.3
1753225200000,0.24
1753228800000,0.28
1753232400000,0.27
1753236000000,0.27
1753239600000,0.29
1753243200000,0.22
1753246800000,0.29
1753250400000,0.26
1753254000000,0.31
1753257600000,0.29
1753261200000,0.98
1753264800000,1.61
1753268400000,0.62
1753272000000,1.12
1753275600000,0.84
1753279200000,0.73
1753282800000,0.86
1753286400000,0.71
1753290000000,0.66
1753293600000,0.34
1753297200000,0.34
1753300800000,0.41
1753304400000,0.3
1753308000000,0.27
1753311600000,0.29
1753315200000,0.27
1753318800000,0.29
1753322400000,0.27
1753326000000,0.29
1753329600000,0.26
1753333200000,0.29
1753336800000,0.28
1753340400000,0.29
1753344000000,0.29
1753347600000,1.52
1753351200000,1.25
1753354800000,0.86
1753358400000,1.15
1753362000000,0.87
1753365600000,0.88
1753369200000,0.8
1753372800000,0.86
1753376400000,0.69
1753380000000,0.27
1753383600000,0.28
1753387200000,0.41
1753390800000,0.44
1753394400000,0.4
1753398000000,0.68
1753401600000,0.32
1753405200000,0.35
1753408800000,0.33
1753412400000,0.73
1753416000000,0.3
1753419600000,0.23
1753423200000,0.29
1753426800000,0.28
1753430400000,0.45
1753434000000,0.99
1753437600000,0.82
1753441200000,0.92
1753444800000,1.02
1753448400000,0.75
1753452000000,0.8
1753455600000,0.94
1753459200000,0.88
1753462800000,0.83
1753466400000,0.32
1753470000000,0.55
1753473600000,0.75
1753477200000,0.87
1753480800000,0.48
1753484400000,0.29
1753488000000,0.34
1753491600000,0.29
1753495200000,0.33
1753498800000,0.31
1753502400000,0.29
1753506000000,0.31
1753509600000,0.41
1753513200000,0.42
1753516800000,0.42
1753520400000,0.78
1753524000000,0.64
1753527600000,0.9
1753531200000,0.67
1753534800000,0.63
1753538400000,0.8
1753542000000,0.66
1753545600000,0.63
1753549200000,0.57
1753552800000,0.32
1753556400000,0.33
1753560000000,0.41
1753563600000,0.4
1753567200000,0.29
1753570800000,0.31
1753574400000,0.51
1753578000000,0.45
1753581600000,0.27
1753585200000,0.25
1753588800000,0.29
1753592400000,0.24
1753596000000,0.29
1753599600000,0.69
1753603200000,0.75
1753606800000,0.92
1753610400000,1.71
1753614000000,0.99
1753617600000,0.91
1753621200000,0.9
1753624800000,0.83
1753628400000,1.44
1753632000000,1.22
1753635600000,1.88
1753639200000,0.74
1753642800000,1.06
1753646400000,0.85
1753650000000,0.92
1753653600000,0.81
1753657200000,0.59
1753660800000,0.25
1753664400000,0.31
1753668000000,0.25
1753671600000,0.31
1753675200000,0.25
1753678800000,0.27
1753682400000,0.34
1753686000000,0.33
1753689600000,0.43
1753693200000,0.6
1753696800000,1.22
1753700400000,1.25
1753704000000,0.79
1753707600000,0.9
1753711200000,0.77
1753714800000,0.74
1753718400000,0.84
1753722000000,0.3
1753725600000,0.4
1753729200000,0.7
1753732800000,0.5
1753736400000,0.4
1753740000000,0.77
1753743600000,0.29
1753747200000,0.25
1753750800000,0.31
1753754400000,0.27
1753758000000,0.27
1753761600000,0.28
1753765200000,0.27
1753768800000,0.36
1753772400000,0.94
1753776000000,0.54
1753779600000,0
1753783200000,0
1753786800000,1.48
1753790400000,0.38
1753794000000,0.37
1753797600000,0.39
1753801200000,0.48
1753804800000,0.46
1753808400000,0.27
1753812000000,0.57
1753815600000,0.79
1753819200000,0.38
1753822800000,0.4
1753826400000,0.35
1753830000000,0.67
1753833600000,0.33
1753837200000,0.27
1753840800000,0.29
1753844400000,0.27
1753848000000,0.25
1753851600000,0.26
1753855200000,0.3
1753858800000,0.44
1753862400000,0.34
1753866000000,0.65
1753869600000,0.59
1753873200000,0.45
1753876800000,0.64
1753880400000,0.64
1753884000000,0.37
1753887600000,0.37
1753891200000,0.5
1753894800000,0.36
1753898400000,0.3
1753902000000,0.66
1753905600000,0.41
1753909200000,0.38
1753912800000,0.29
1753916400000,0.27
1753920000000,0.29
1753923600000,0.27
1753927200000,0.73
1753930800000,0.29
1753934400000,0.27
1753938000000,0.24
1753941600000,0.35
1753945200000,0.34
1753948800000,0.4
1753952400000,0.65
1753956000000,0.45
1753959600000,0.37
1753963200000,0.38
1753966800000,0.46
1753970400000,0.99
1753974000000,0.81
1753977600000,1.02
1753981200000,0.94
1753984800000,0.5
1753988400000,1.07
1753992000000,0.43
1753995600000,1.03
1753999200000,0.31
1754002800000,0.29
1754006400000,0.27
1754010000000,0.29
1754013600000,0.25
1754017200000,0.31
1754020800000,0.26
1754024400000,0.25
1754028000000,0.4
1754031600000,0.4
1754035200000,0.37
1754038800000,0.84
1754042400000,0.74
1754046000000,0.68
1754049600000,0.75
1754053200000,0.83
1754056800000,0.7
1754060400000,0.66
1754064000000,0.7
1754067600000,0.6
1754071200000,0.8
1754074800000,1.02
1754078400000,0.75
1754082000000,0.97
1754085600000,0.69
1754089200000,0.54
1754092800000,0.3
1754096400000,0.27
1754100000000,0.27
1754103600000,0.29
1754107200000,0.25
1754110800000,0.3
1754114400000,0.28
1754118000000,0.31
1754121600000,0.37
1754125200000,0.87
1754128800000,0.73
1754132400000,0.66
1754136000000,0.51
1754139600000,0.32
1754143200000,0.31
1754146800000,0.95
1754150400000,0.29
1754154000000,0.28
1754157600000,0.32
1754161200000,0.54
1754164800000,0.67
1754168400000,1.14
1754172000000,1.11
1754175600000,0.29
1754179200000,0.31
1754182800000,0.29
1754186400000,0.29
1754190000000,0.27
1754193600000,0.29
1754197200000,0.23
1754200800000,0.29
1754204400000,0.28
1754208000000,0.52
1754211600000,0.53
1754215200000,1.81
1754218800000,0.9
1754222400000,0.63
1754226000000,0.69
1754229600000,0.75
1754233200000,1.42
1754236800000,0.6
1754240400000,0.51
1754244000000,0.56
1754247600000,0.92
1754251200000,0.56
1754254800000,0.54
1754258400000,0.63
1754262000000,0.31
1754265600000,0.25
1754269200000,0.31
1754272800000,0.27
1754276400000,0.27
1754280000000,0.27
1754283600000,0.27
1754287200000,0.54
1754290800000,0.42
1754294400000,0.33
1754298000000,0.54
1754301600000,0.45
1754305200000,0.33
1754308800000,0.39
1754312400000,0.44
1754316000000,0.37
1754319600000,0.37
1754323200000,0.97
1754326800000,0.89
1754330400000,0.57
1754334000000,1.19
1754337600000,0.9
1754341200000,0.77
1754344800000,1.14
1754348400000,0.52
1754352000000,0.38
1754355600000,0.27
1754359200000,0.29
1754362800000,0.25
1754366400000,0.31
1754370000000,0.25
1754373600000,0.27
1754377200000,0.38
1754380800000,0.5
1754384400000,0.36
1754388000000,0.33
1754391600000,0.35
1754395200000,0.7
1754398800000,0.54
1754402400000,0.43
1754406000000,0.35
1754409600000,0.41
1754413200000,0.36
1754416800000,0.65
1754420400000,0.57
1754424000000,0.99
1754427600000,0.63
1754431200000,0.37
1754434800000,0.3
1754438400000,0.27
1754442000000,0.31
1754445600000,0.25
1754449200000,0.29
1754452800000,0.27
1754456400000,0.27
1754460000000,0.36
1754463600000,0.35
1754467200000,1.56
1754470800000,0.44
1754474400000,0.49
1754478000000,1.09
1754481600000,0.84
1754485200000,0.93
1754488800000,0.6
1754492400000,0.76
1754496000000,1.1
1754499600000,0.95
1754503200000,1.51
1754506800000,0.8
1754510400000,0.89
1754514000000,1.13
1754517600000,0.43
1754521200000,0.27
1754524800000,0.27
1754528400000,0.26
1754532000000,0.27
1754535600000,0.27
1754539200000,0.27
1754542800000,0.24
1754546400000,0.28
1754550000000,0.44
1754553600000,0.35
1754557200000,0.29
1754560800000,0.64
1754564400000,0.71
1754568000000,0.76
1754571600000,0.65
1754575200000,0.71
1754578800000,0.78
1754582400000,0.74
1754586000000,0.67
1754589600000,0.65
1754593200000,0.98
1754596800000,0.52
1754600400000,0.82
1754604000000,0.27
1754607600000,0.31
1754611200000,0.27
1754614800000,0.25
1754618400000,0.29
1754622000000,0.29
1754625600000,0.28
1754629200000,0.24
1754632800000,0.36
1754636400000,0.3
1754640000000,0.88
1754643600000,1.44
1754647200000,1.55
1754650800000,1.83
1754654400000,1.97
1754658000000,1.66
1754661600000,1.73
1754665200000,1.88
1754668800000,1.67
1754672400000,0.91
1754676000000,0.71
1754679600000,0.55
1754683200000,0.56
1754686800000,0.39
1754690400000,0.8
1754694000000,1.06
1754697600000,0.54
1754701200000,0.33
1754704800000,0.27
1754708400000,0.3
1754712000000,0.29
1754715600000,0.27
1754719200000,0.42
1754722800000,1.05
1754726400000,1.1
1754730000000,1.1
1754733600000,0.89
1754737200000,0.8
1754740800000,0.98
1754744400000,0.91
1754748000000,0.75
1754751600000,0.81
1754755200000,0.92
1754758800000,0.79
1754762400000,0.26
1754766000000,0.39
1754769600000,0.5
1754773200000,0.51
1754776800000,0.75
1754780400000,0.25
1754784000000,0.31
1754787600000,0.29
1754791200000,0.27
1754794800000,0.38
1754798400000,0.29
1754802000000,0.25
1754805600000,0.28
1754809200000,0.54
1754812800000,0.41
1754816400000,0.81
1754820000000,1.24
1754823600000,1.18
1754827200000,1.05
1754830800000,0.8
1754834400000,1.23
1754838000000,1.03
1754841600000,1.26
1754845200000,0.9
1754848800000,0.54
1754852400000,0.54
1754856000000,0.32
1754859600000,0.37
1754863200000,0.58
1754866800000,0.55
1754870400000,0.31
1754874000000,0.33
1754877600000,0.33
1754881200000,0.26
1754884800000,0.31
1754888400000,0.23
1754892000000,0.46
1754895600000,0.49
1754899200000,0.88
1754902800000,0.7
1754906400000,0.76
1754910000000,0.82
1754913600000,0.76
1754917200000,0.73
1754920800000,0.8
1754924400000,0.81
1754928000000,0.7
1754931600000,0.65
1754935200000,0.4
1754938800000,0.63
1754942400000,0.46
1754946000000,0.35
1754949600000,0.33
1754953200000,0.78
1754956800000,0.33
1754960400000,0.27
1754964000000,0.27
1754967600000,0.29
1754971200000,0.25
1754974800000,0.24
1754978400000,0.37
1754982000000,0.32
1754985600000,0.42
1754989200000,0.67
1754992800000,0.7
1754996400000,0.77
1755000000000,0.58
1755003600000,0.57
1755007200000,0.72
1755010800000,0.76
1755014400000,0.66
1755018000000,0.64
1755021600000,0.64
1755025200000,1.06
1755028800000,0.58
1755032400000,0.42
1755036000000,0.46
1755039600000,0.62
1755043200000,0.27
1755046800000,0.3
1755050400000,0.31
1755054000000,0.23
1755057600000,0.27
1755061200000,0.26
1755064800000,0.31
1755068400000,0.41
1755072000000,0.56
1755075600000,0.66
1755079200000,0.69
1755082800000,0.98
1755086400000,0.74
1755090000000,0.78
1755093600000,0.83
1755097200000,0.83
1755100800000,0.73
1755104400000,0.78
1755108000000,0.43
1755111600000,0.61
1755115200000,0.52
1755118800000,0.52
1755122400000,0.33
1755126000000,1.19
1755129600000,0.29
1755133200000,0.56
1755136800000,0.23
1755140400000,0.28
1755144000000,0.24
1755147600000,0.26
1755151200000,0.3
1755154800000,0.34
1755158400000,0.31
1755162000000,0.8
1755165600000,0.76
1755169200000,0.89
1755172800000,0.95
1755176400000,0.87
1755180000000,0.86
1755183600000,0.79
1755187200000,0.88
1755190800000,0.77
1755194400000,0.92
1755198000000,1.58
1755201600000,0.71
1755205200000,0.6
1755208800000,0.79
1755212400000,0.34
1755216000000,0.27
1755219600000,0.29
1755223200000,0.25
1755226800000,0.25
1755230400000,0.27
1755234000000,0.26
1755237600000,0.51
1755241200000,0.42
1755244800000,0.38
1755248400000,0.87
1755252000000,0.8
1755255600000,0.78
1755259200000,0.84
1755262800000,0.83
1755266400000,0.87
1755270000000,0.84
1755273600000,0.81
1755277200000,0.73
1755280800000,0.74
1755284400000,0.61
1755288000000,0.5
1755291600000,0.37
1755295200000,0.82
1755298800000,0.27
1755302400000,0.33
1755306000000,0.27
1755309600000,0.27
1755313200000,0.27
1755316800000,0.23
1755320400000,0.3
1755324000000,0.32
1755327600000,0.65
1755331200000,0.59
1755334800000,0.66
1755338400000,1.01
1755342000000,0.8
1755345600000,0.77
1755349200000,0.83
1755352800000,0.82
1755356400000,0.74
1755360000000,0.76
1755363600000,0.72
1755367200000,1.29
1755370800000,0.67
1755374400000,0.48
1755378000000,0.37
1755381600000,0.75
1755385200000,0.27
1755388800000,0.34
1755392400000,0.35
1755396000000,0.27
1755399600000,0.35
1755403200000,0.25
1755406800000,0.24
1755410400000,0.5
1755414000000,0.67
1755417600000,0.59
1755421200000,1.17
1755424800000,1.84
1755428400000,1.49
1755432000000,0.91
1755435600000,0.78
1755439200000,0.89
1755442800000,0.94
1755446400000,0.66
1755450000000,0.52
1755453600000,1.39
1755457200000,1.18
1755460800000,0.79
1755464400000,0.48
1755468000000,0.44
1755471600000,0.38
1755475200000,0.64
1755478800000,0.27
1755482400000,0.27
1755486000000,0.25
1755489600000,0.25
1755493200000,0.24
1755496800000,0.34
1755500400000,0.47
1755504000000,0.32
1755507600000,0.3
1755511200000,0.38
1755514800000,0.39
1755518400000,0.4
1755522000000,0.41
1755525600000,0.54
1755529200000,0.46
1755532800000,0.55
1755536400000,0.61
1755540000000,0.38
1755543600000,1
1755547200000,1
1755550800000,0.54
1755554400000,0.48
1755558000000,0.79
1755561600000,0.29
1755565200000,0.31
1755568800000,0.25
1755572400000,0.27
1755576000000,0.26
1755579600000,0.27
1755583200000,0.28
1755586800000,0.32
1755590400000,0.31
1755594000000,0.33
1755597600000,0.32
1755601200000,0.4
1755604800000,0.42
1755608400000,0.93
1755612000000,0.85
1755615600000,1.1
1755619200000,0.61
1755622800000,0.78
1755626400000,0.94
1755630000000,1.64
1755633600000,0.67
1755637200000,0.79
1755640800000,1.36
1755644400000,0.85
1755648000000,0.36
1755651600000,0.27
1755655200000,0.25
1755658800000,0.27
1755662400000,0.27
1755666000000,0.25
1755669600000,0.25
1755673200000,0.35
1755676800000,0.35
1755680400000,0.42
1755684000000,0.61
1755687600000,1.89
1755691200000,0.92
1755694800000,0.76
1755698400000,0.82
1755702000000,0.75
1755705600000,0.74
1755709200000,0.62
1755712800000,0.62
1755716400000,0.46
1755720000000,0.71
1755723600000,0.87
1755727200000,0.65
1755730800000,0.29
1755734400000,0.33
1755738000000,0.3
1755741600000,0.35
1755745200000,0.25
1755748800000,0.25
1755752400000,0.31
1755756000000,0.3
1755759600000,0.42
1755763200000,0.71
1755766800000,0.65
1755770400000,0.62
1755774000000,0.38
1755777600000,0.34
1755781200000,0.89
1755784800000,1.35
1755788400000,1.37
1755792000000,0.96
1755795600000,0.74
1755799200000,0.48
1755802800000,1.25
1755806400000,0.88
1755810000000,0.54
1755813600000,0.92
1755817200000,0.37
1755820800000,0.29
1755824400000,0.38
1755828000000,0.31
1755831600000,0.31
1755835200000,0.27
1755838800000,0.26
1755842400000,0.34
1755846000000,0.43
1755849600000,0.32
1755853200000,0.25
1755856800000,0.33
1755860400000,0.39
1755864000000,0.26
1755867600000,0.27
1755871200000,0.32
1755874800000,0.27
1755878400000,0.24
1755882000000,0.29
1755885600000,0.39
1755889200000,0.46
1755892800000,0.37
1755896400000,0.27
1755900000000,0.25
1755903600000,0.25
1755907200000,0.27
1755910800000,0.27
1755914400000,0.23
1755918000000,0.27
1755921600000,0.26
1755925200000,0.24
1755928800000,0.25
1755932400000,0.29
1755936000000,0.26
1755939600000,0.24
1755943200000,0.3
1755946800000,0.31
1755950400000,0.27
1755954000000,0.27
1755957600000,0.28
1755961200000,0.37
1755964800000,0.27
1755968400000,0.29
1755972000000,0.43
1755975600000,0.41
1755979200000,0.4
1755982800000,0.31
1755986400000,0.27
1755990000000,0.23
1755993600000,0.27
1755997200000,0.27
1756000800000,0.25
1756004400000,0.23
1756008000000,0.27
1756011600000,0.27
1756015200000,0.25
1756018800000,0.29
1756022400000,0.37
1756026000000,1.18
1756029600000,0.35
1756033200000,0.29
1756036800000,0.6
1756040400000,0.4
1756044000000,0.49
1756047600000,0.27
1756051200000,0.26
1756054800000,0.3
1756058400000,0.29
1756062000000,0.9
1756065600000,0.31
1756069200000,0.27
1756072800000,0.23
1756076400000,0.25
1756080000000,0.27
1756083600000,0.27
1756087200000,0.23
1756090800000,0.27
1756094400000,0.25
1756098000000,0.27
1756101600000,0.3
1756105200000,0.44
1756108800000,0.39
1756112400000,0.31
1756116000000,0.5
1756119600000,0.71
1756123200000,0.36
1756126800000,0.37
1756130400000,0.75
1756134000000,0.87
1756137600000,0.57
1756141200000,0.39
1756144800000,0.36
1756148400000,0.86
1756152000000,0.44
1756155600000,0.54
1756159200000,0.43
1756162800000,0.3
1756166400000,0.27
1756170000000,0.25
1756173600000,0.29
1756177200000,0.23
1756180800000,0.29
1756184400000,0.26
1756188000000,0.25
1756191600000,0.32
1756195200000,0.32
1756198800000,0.39
1756202400000,1.08
1756206000000,0.64
1756209600000,0.4
1756213200000,0.49
1756216800000,0.88
1756220400000,0.88
1756224000000,0.55
1756227600000,0.49
1756231200000,0.41
1756234800000,0.56
1756238400000,0.32
1756242000000,0.31
1756245600000,0.25
1756249200000,0.25
1756252800000,0.25
1756256400000,0.27
1756260000000,0.25
1756263600000,0.25
1756267200000,0.25
1756270800000,0.28
1756274400000,0.27
1756278000000,0.42
1756281600000,0.33
1756285200000,0.44
1756288800000,0.46
1756292400000,0.82
1756296000000,0.85
1756299600000,0.68
1756303200000,0.76
1756306800000,0.92
1756310400000,0.81
1756314000000,0.64
1756317600000,0.41
1756321200000,0.38
1756324800000,0.35
1756328400000,0.83
1756332000000,0.36
1756335600000,0.35
1756339200000,0.29
1756342800000,0.34
1756346400000,0.27
1756350000000,0.31
1756353600000,0.29
1756357200000,0.24
1756360800000,0.28
1756364400000,0.42
1756368000000,0.41
1756371600000,0.82
1756375200000,1.32
1756378800000,1.21
1756382400000,1
1756386000000,1.08
1756389600000,0.49
1756393200000,1.11
1756396800000,0.8
1756400400000,0.71
1756404000000,0.66
1756407600000,0.75
1756411200000,0.89
1756414800000,0.69
1756418400000,0.54
1756422000000,0.52
1756425600000,0.5
1756429200000,0.42
1756432800000,0.48
1756436400000,0.44
1756440000000,0.41
1756443600000,0.44
1756447200000,0.37
1756450800000,0.53
1756454400000,0.53
1756458000000,0.89
1756461600000,1.34
1756465200000,1.07
1756468800000,0.8
1756472400000,1.04
1756476000000,1.03
1756479600000,1.06
1756483200000,0.96
1756486800000,0.74
1756490400000,0.65
1756494000000,0.64
1756497600000,0.63
1756501200000,0.58
1756504800000,0.65
1756508400000,0.27
1756512000000,0.31
1756515600000,0.29
1756519200000,0.27
1756522800000,0.32
1756526400000,0.25
1756530000000,1.81
1756533600000,0.5
1756537200000,0.47
1756540800000,0.37
1756544400000,0.74
1756548000000,1.35
1756551600000,1.37
1756555200000,0.53
1756558800000,0.84
1756562400000,0.9
1756566000000,0.36
1756569600000,0.86
1756573200000,0.58
1756576800000,0.52
1756580400000,0.84
1756584000000,0.41
1756587600000,0.44
1756591200000,0.71
1756594800000,0.25
1756598400000,0.25
1756602000000,0.27
1756605600000,0.29
1756609200000,0.23
1756612800000,0.27
1756616400000,0.25
1756620000000,0.28
1756623600000,0.33
1756627200000,0.35
1756630800000,0.41
1756634400000,0.33
1756638000000,1.22
1756641600000,2.83
1756645200000,1.6
1756648800000,1.02
1756652400000,0.92
1756656000000,1.27
1756659600000,1.01
1756663200000,1.46
1756666800000,1.71
1756670400000,1.02
1756674000000,0.52
1756677600000,0.57
1756681200000,0.27
1756684800000,0.25
1756688400000,0.27
1756692000000,0.27
1756695600000,0.27
1756699200000,0.25
1756702800000,0.28
1756706400000,0.46
1756710000000,0.26
1756713600000,0.27
1756717200000,0.27
1756720800000,0.3
1756724400000,0.26
1756728000000,0.27
1756731600000,0.31
1756735200000,0.42
1756738800000,0.63
1756742400000,0.53
1756746000000,1.06
1756749600000,1.25
1756753200000,0.83
1756756800000,0.44
1756760400000,0.81
1756764000000,0.36
1756767600000,0.29
1756771200000,0.29
1756774800000,0.33
1756778400000,0.32
1756782000000,0.25
1756785600000,0.25
1756789200000,0.28
1756792800000,0.31
1756796400000,0.36
1756800000000,0.31
1756803600000,0.34
1756807200000,0.32
1756810800000,0.37
1756814400000,0.6
1756818000000,0.88
1756821600000,0.8
1756825200000,0.77
1756828800000,0.7
1756832400000,0.65
1756836000000,1
1756839600000,0.5
1756843200000,0.46
1756846800000,0.94
1756850400000,0.77
1756854000000,0.31
1756857600000,0.33
1756861200000,0.3
1756864800000,0.25
1756868400000,0.33
1756872000000,0.27
1756875600000,0.24
1756879200000,0.38
1756882800000,0.35
1756886400000,0.37
1756890000000,0.35
1756893600000,0.45
1756897200000,0.41
1756900800000,0.42
1756904400000,0.52
1756908000000,0.61
1756911600000,0.57
1756915200000,0.52
1756918800000,0.46
1756922400000,0.55
1756926000000,0.73
1756929600000,0.92
1756933200000,0.48
1756936800000,0.25
1756940400000,0.29
1756944000000,0.23
1756947600000,0.29
1756951200000,0.25
1756954800000,0.27
1756958400000,0.27
1756962000000,0.24
1756965600000,0.3
1756969200000,0.49
1756972800000,0.34
1756976400000,0.31
1756980000000,0.32
1756983600000,0.46
1756987200000,0.4
1756990800000,0.63
1756994400000,0.84
1756998000000,0.72
1757001600000,0.69
1757005200000,0.53
1757008800000,0.76
1757012400000,1.03
1757016000000,0.45
1757019600000,0.71
1757023200000,0.29
1757026800000,0.29
1757030400000,0.4
1757034000000,0.26
1757037600000,0.29
1757041200000,0.31
1757044800000,0.28
1757048400000,0.26
1757052000000,0.35
1757055600000,0.43
1757059200000,0.39
1757062800000,0.35
1757066400000,0.31
1757070000000,0.45
1757073600000,1.52
1757077200000,0.97
1757080800000,0.98
1757084400000,1.18
1757088000000,1.33
1757091600000,0.84
1757095200000,0.66
1757098800000,0.74
1757102400000,0.58
1757106000000,0.88
1757109600000,0.55
1757113200000,0.38
1757116800000,0.38
1757120400000,0.35
1757124000000,0.39
1757127600000,0.32
1757131200000,0.38
1757134800000,0.31
1757138400000,0.36
1757142000000,0.42
1757145600000,0.77
1757149200000,0.71
1757152800000,0.33
1757156400000,1.03
1757160000000,0.32
1757163600000,0.4
1757167200000,0.37
1757170800000,0.35
1757174400000,1
1757178000000,1.17
1757181600000,1.1
1757185200000,0.83
1757188800000,0.59
1757192400000,0.63
1757196000000,0.51
1757199600000,0.82
1757203200000,0.25
1757206800000,0.3
1757210400000,0.26
1757214000000,0.28
1757217600000,0.29
1757221200000,0.23
1757224800000,0.3
1757228400000,0.41
1757232000000,0.86
1757235600000,0.35
1757239200000,0.58
1757242800000,0.5
1757246400000,0.61
1757250000000,0.37
1757253600000,0.66
